country,state,city,station,last_update,latitude,longitude,pollutant_id,pollutant_min,pollutant_max,pollutant_avg
India,Andhra_Pradesh,Rajamahendravaram,"Anand Kala Kshetram, Rajamahendravaram - APPCB",18-11-2025 17:00,16.9872867,81.7363176,NH3,1,3,2
India,Andhra_Pradesh,Amaravati,"Secretariat, Amaravati - APPCB",18-11-2025 17:00,16.5150833,80.5181667,PM10,75,160,112
India,Andhra_Pradesh,Chittoor,"Gangineni Cheruvu, Chittoor - APPCB",18-11-2025 17:00,13.20488,79.097889,PM10,11,175,84
India,Andhra_Pradesh,Chittoor,"Gangineni Cheruvu, Chittoor - APPCB",18-11-2025 17:00,13.20488,79.097889,SO2,7,34,16
India,Andhra_Pradesh,Kadapa,"Yerramukkapalli, Kadapa - APPCB",18-11-2025 17:00,14.465052,78.824187,PM10,63,73,64
India,Andhra_Pradesh,Anantapur,"Gulzarpet, Anantapur - APPCB",18-11-2025 17:00,14.675886,77.593027,PM10,64,81,72
India,Andhra_Pradesh,Kadapa,"Yerramukkapalli, Kadapa - APPCB",18-11-2025 17:00,14.465052,78.824187,NO2,17,28,19
India,Andhra_Pradesh,Anantapur,"Gulzarpet, Anantapur - APPCB",18-11-2025 17:00,14.675886,77.593027,SO2,12,18,14
India,Andhra_Pradesh,Tirumala,"Toll Gate, Tirumala - APPCB",18-11-2025 17:00,13.67,79.35,OZONE,18,356,39
India,Andhra_Pradesh,Tirumala,"Toll Gate, Tirumala - APPCB",18-11-2025 17:00,13.67,79.35,NO2,14,24,18
India,Assam,Guwahati,"IITG, Guwahati - PCBA",18-11-2025 17:00,26.2028636,91.70046436,NH3,5,5,5
India,Assam,Guwahati,"IITG, Guwahati - PCBA",18-11-2025 17:00,26.2028636,91.70046436,OZONE,1,41,28
India,Assam,Guwahati,"LGBI Airport, Guwahati - PCBA",18-11-2025 17:00,26.10887,91.589544,CO,26,68,39
India,Assam,Guwahati,"Pan Bazaar, Guwahati - PCBA",18-11-2025 17:00,26.1875,91.744194,SO2,28,57,41
India,Assam,Nagaon,"Christianpatty, Nagaon - PCBA",18-11-2025 17:00,26.349082,92.68449,PM2.5,28,33,29
India,Assam,Byrnihat,"Central Academy for SFS, Byrnihat - PCBA",18-11-2025 17:00,26.071318,91.87488,NO2,6,10,7
India,Assam,Byrnihat,"Central Academy for SFS, Byrnihat - PCBA",18-11-2025 17:00,26.071318,91.87488,NH3,4,4,4
India,Andhra_Pradesh,Visakhapatnam,"GVM Corporation, Visakhapatnam - APPCB",18-11-2025 17:00,17.72,83.3,PM2.5,98,157,129
India,Andhra_Pradesh,Vijayawada,"Rajiv Gandhi Park, Vijayawada - APPCB",18-11-2025 17:00,16.509717,80.612222,SO2,9,17,12
India,Andhra_Pradesh,Vijayawada,"Rajiv Nagar, Vijayawada - APPCB",18-11-2025 17:00,16.554731,80.64911,OZONE,66,96,73
India,Andhra_Pradesh,Tirupati,"Vaikuntapuram, Tirupati - APPCB",18-11-2025 17:00,13.615387,79.40923,NO2,13,18,15
India,Arunachal_Pradesh,Naharlagun,"Naharlagun, Naharlagun - APSPCB",18-11-2025 17:00,27.103358,93.679645,OZONE,5,5,5
India,Assam,Nalbari,"Bata Chowk, Nalbari - PCBA",18-11-2025 17:00,26.446912,91.439057,CO,14,30,21
India,Bihar,Bihar Sharif,"D M Colony, Bihar Sharif - BSPCB",18-11-2025 17:00,25.204762,85.51496,PM2.5,NA,NA,NA
India,Bihar,Bihar Sharif,"D M Colony, Bihar Sharif - BSPCB",18-11-2025 17:00,25.204762,85.51496,NO2,NA,NA,NA
India,Bihar,Bihar Sharif,"D M Colony, Bihar Sharif - BSPCB",18-11-2025 17:00,25.204762,85.51496,CO,10,74,13
India,Bihar,Buxar,"Charitra Van, Buxar - BSPCB",18-11-2025 17:00,25.56752,83.966379,PM10,62,147,112
India,Bihar,Buxar,"Charitra Van, Buxar - BSPCB",18-11-2025 17:00,25.56752,83.966379,NO2,9,11,10
India,Bihar,Katihar,"Mirchaibari, Katihar - BSPCB",18-11-2025 17:00,25.560083,87.553265,PM10,9,103,57
India,Bihar,Kishanganj,"SDM Office_Khagra, Kishanganj - BSPCB",18-11-2025 17:00,26.0881305,87.93840336,NO2,8,11,10
India,Bihar,Kishanganj,"SDM Office_Khagra, Kishanganj - BSPCB",18-11-2025 17:00,26.0881305,87.93840336,SO2,6,9,8
India,Bihar,Kishanganj,"SDM Office_Khagra, Kishanganj - BSPCB",18-11-2025 17:00,26.0881305,87.93840336,CO,16,20,18
India,Assam,Sivasagar,"Girls College, Sivasagar - PCBA",18-11-2025 17:00,26.987634,94.636574,CO,6,75,13
India,Bihar,Araria,"Kharahiya Basti, Araria - BSPCB",18-11-2025 17:00,26.146529,87.454184,SO2,15,21,19
India,Bihar,Motihari,"Gandak Colony, Motihari - BSPCB",18-11-2025 17:00,26.63086,84.90051,PM10,40,135,95
India,Bihar,Motihari,"Gandak Colony, Motihari - BSPCB",18-11-2025 17:00,26.63086,84.90051,SO2,3,3,3
India,Bihar,Bhagalpur,"DM Office_Kachari Chowk, Bhagalpur - BSPCB",18-11-2025 17:00,25.251013,86.989001,NH3,NA,NA,NA
India,Bihar,Bhagalpur,"DM Office_Kachari Chowk, Bhagalpur - BSPCB",18-11-2025 17:00,25.251013,86.989001,OZONE,14,16,15
India,Bihar,Begusarai,"Lohiyanagar, Begusarai - BSPCB",18-11-2025 17:00,25.42742023,86.13886079,CO,60,86,75
India,Bihar,Bhagalpur,"Mayaganj, Bhagalpur - BSPCB",18-11-2025 17:00,25.265194,87.012947,PM10,31,134,98
India,Bihar,Gaya,"SFTI Kusdihra, Gaya - BSPCB",18-11-2025 17:00,24.762518,84.982348,CO,22,44,34
India,Bihar,Gaya,"Collectorate, Gaya - BSPCB",18-11-2025 17:00,24.7955,84.9994,PM2.5,NA,NA,NA
India,Chandigarh,Chandigarh,"Sector-53, Chandigarh - CPCC",18-11-2025 17:00,30.719859,76.738637,NH3,4,6,5
India,Chandigarh,Chandigarh,"Sector-53, Chandigarh - CPCC",18-11-2025 17:00,30.719859,76.738637,CO,8,130,43
India,Chhattisgarh,Bhilai,"32Bungalows, Bhilai - CECB",18-11-2025 17:00,21.194815,81.31477,PM2.5,46,69,56
India,Chhattisgarh,Bhilai,"32Bungalows, Bhilai - CECB",18-11-2025 17:00,21.194815,81.31477,SO2,6,75,27
India,Chhattisgarh,Bhilai,"32Bungalows, Bhilai - CECB",18-11-2025 17:00,21.194815,81.31477,OZONE,4,87,64
India,Chhattisgarh,Bhilai,"Civic Center, Bhilai - Bhilai Steel Plant",18-11-2025 17:00,21.185571,81.343175,PM2.5,62,212,110
India,Chhattisgarh,Bhilai,"Civic Center, Bhilai - Bhilai Steel Plant",18-11-2025 17:00,21.185571,81.343175,PM10,49,152,95
India,Chhattisgarh,Bhilai,"Civic Center, Bhilai - Bhilai Steel Plant",18-11-2025 17:00,21.185571,81.343175,OZONE,8,13,12
India,Chhattisgarh,Bhilai,"Hathkhoj, Bhilai - CECB",18-11-2025 17:00,21.224231,81.40835,PM10,66,112,92
India,Bihar,Saharsa,"Police Line, Saharsa - BSPCB",18-11-2025 17:00,25.892357,86.590325,CO,27,40,32
India,Bihar,Samastipur,"DM Office_Kasipur, Samastipur - BSPCB",18-11-2025 17:00,25.859655,85.77944,PM10,26,108,66
India,Bihar,Samastipur,"DM Office_Kasipur, Samastipur - BSPCB",18-11-2025 17:00,25.859655,85.77944,SO2,26,30,28
India,Bihar,Samastipur,"DM Office_Kasipur, Samastipur - BSPCB",18-11-2025 17:00,25.859655,85.77944,CO,NA,NA,NA
India,Bihar,Sasaram,"Dada Peer, Sasaram - BSPCB",18-11-2025 17:00,24.952822,84.002396,NO2,2,3,2
India,Bihar,Sasaram,"Dada Peer, Sasaram - BSPCB",18-11-2025 17:00,24.952822,84.002396,SO2,1,8,4
India,Bihar,Sasaram,"Dada Peer, Sasaram - BSPCB",18-11-2025 17:00,24.952822,84.002396,OZONE,12,17,17
India,Bihar,Siwan,"Chitragupta Nagar, Siwan - BSPCB",18-11-2025 17:00,26.2271665,84.3570427,PM2.5,23,210,86
India,Bihar,Muzaffarpur,"MIT-Daudpur Kothi, Muzaffarpur - BSPCB",18-11-2025 17:00,26.1403345,85.3650192,SO2,8,20,11
India,Bihar,Muzaffarpur,"MIT-Daudpur Kothi, Muzaffarpur - BSPCB",18-11-2025 17:00,26.1403345,85.3650192,OZONE,29,56,50
India,Bihar,Muzaffarpur,"Muzaffarpur Collectorate, Muzaffarpur - BSPCB",18-11-2025 17:00,26.1209,85.3647,NO2,10,14,12
India,Bihar,Muzaffarpur,"Muzaffarpur Collectorate, Muzaffarpur - BSPCB",18-11-2025 17:00,26.1209,85.3647,SO2,4,5,5
India,Bihar,Patna,"DRM Office Danapur, Patna - BSPCB",18-11-2025 17:00,25.586562,85.043586,NO2,47,107,69
India,Bihar,Patna,"DRM Office Danapur, Patna - BSPCB",18-11-2025 17:00,25.586562,85.043586,SO2,6,12,9
India,Bihar,Patna,"DRM Office Danapur, Patna - BSPCB",18-11-2025 17:00,25.586562,85.043586,OZONE,8,59,46
India,Bihar,Patna,"Govt. High School Shikarpur, Patna - BSPCB",18-11-2025 17:00,25.592539,85.227158,NH3,4,5,5
India,Bihar,Patna,"IGSC Planetarium Complex, Patna - BSPCB",18-11-2025 17:00,25.610369,85.132568,PM2.5,NA,NA,NA
India,Bihar,Patna,"IGSC Planetarium Complex, Patna - BSPCB",18-11-2025 17:00,25.610369,85.132568,NO2,NA,NA,NA
India,Bihar,Siwan,"Chitragupta Nagar, Siwan - BSPCB",18-11-2025 17:00,26.2271665,84.3570427,PM10,30,110,71
India,Chandigarh,Chandigarh,"Sector 22, Chandigarh - CPCC",18-11-2025 17:00,30.735567,76.775714,SO2,3,33,13
India,Chandigarh,Chandigarh,"Sector-25, Chandigarh - CPCC",18-11-2025 17:00,30.751462,76.762879,PM2.5,39,193,95
India,Chandigarh,Chandigarh,"Sector-25, Chandigarh - CPCC",18-11-2025 17:00,30.751462,76.762879,NH3,7,13,10
India,Bihar,Patna,"Rajbansi Nagar, Patna - BSPCB",18-11-2025 17:00,25.599486,85.113666,CO,32,113,51
India,Bihar,Patna,"Samanpura, Patna - BSPCB",18-11-2025 17:00,25.596727,85.085624,PM10,76,177,122
India,Bihar,Patna,"Samanpura, Patna - BSPCB",18-11-2025 17:00,25.596727,85.085624,SO2,2,3,2
India,Bihar,Purnia,"Mariam Nagar, Purnia - BSPCB",18-11-2025 17:00,25.366336,87.117468,PM2.5,8,90,50
India,Bihar,Patna,"Muradpur, Patna - BSPCB",18-11-2025 17:00,25.619651,85.147382,CO,30,69,52
India,Bihar,Patna,"Rajbansi Nagar, Patna - BSPCB",18-11-2025 17:00,25.599486,85.113666,PM2.5,78,155,114
India,Bihar,Patna,"Rajbansi Nagar, Patna - BSPCB",18-11-2025 17:00,25.599486,85.113666,NH3,1,9,6
India,Bihar,Rajgir,"Dangi Tola, Rajgir - BSPCB",18-11-2025 17:00,25.0328,85.41948,PM2.5,42,253,110
India,Bihar,Rajgir,"Dangi Tola, Rajgir - BSPCB",18-11-2025 17:00,25.0328,85.41948,CO,77,109,96
India,Bihar,Muzaffarpur,"Buddha Colony, Muzaffarpur - BSPCB",18-11-2025 17:00,26.11442,85.39813,OZONE,28,183,139
India,Delhi,Delhi,"Chandni Chowk, Delhi - IITM",18-11-2025 17:00,28.656756,77.227234,SO2,5,30,16
India,Delhi,Delhi,"Chandni Chowk, Delhi - IITM",18-11-2025 17:00,28.656756,77.227234,CO,104,189,111
India,Delhi,Delhi,"DTU, Delhi - CPCB",18-11-2025 17:00,28.7500499,77.1112615,OZONE,13,27,19
India,Delhi,Delhi,"Dr. Karni Singh Shooting Range, Delhi - DPCC",18-11-2025 17:00,28.498571,77.26484,NH3,8,11,9
India,Delhi,Delhi,"Dr. Karni Singh Shooting Range, Delhi - DPCC",18-11-2025 17:00,28.498571,77.26484,OZONE,4,145,90
India,Delhi,Delhi,"Dwarka-Sector 8, Delhi - DPCC ",18-11-2025 17:00,28.5710274,77.0719006,PM2.5,217,417,370
India,Delhi,Delhi,"Aya Nagar, Delhi - IMD",18-11-2025 17:00,28.4706914,77.1099364,NO2,23,100,55
India,Delhi,Delhi,"Aya Nagar, Delhi - IMD",18-11-2025 17:00,28.4706914,77.1099364,CO,26,136,41
India,Delhi,Delhi,"Aya Nagar, Delhi - IMD",18-11-2025 17:00,28.4706914,77.1099364,OZONE,3,182,123
India,Delhi,Delhi,"Bawana, Delhi - DPCC",18-11-2025 17:00,28.7762,77.051074,NO2,17,109,64
India,Delhi,Delhi,"Burari Crossing, Delhi - IMD",18-11-2025 17:00,28.7256504,77.2011573,PM2.5,275,479,389
India,Delhi,Delhi,"Chandni Chowk, Delhi - IITM",18-11-2025 17:00,28.656756,77.227234,PM2.5,303,500,412
India,Chhattisgarh,Raipur,"Krishak Nagar, Raipur - CECB",18-11-2025 17:00,21.237755,81.705301,SO2,6,11,8
India,Chhattisgarh,Raipur,"Krishak Nagar, Raipur - CECB",18-11-2025 17:00,21.237755,81.705301,CO,22,40,34
India,Chhattisgarh,Tumidih,"OP Jindal Industrial Park, Tumidih - CECB",18-11-2025 17:00,22.06631475,83.33820077,PM2.5,53,126,77
India,Chhattisgarh,Tumidih,"OP Jindal Industrial Park, Tumidih - CECB",18-11-2025 17:00,22.06631475,83.33820077,NH3,1,2,1
India,Delhi,Delhi,"Alipur, Delhi - DPCC",18-11-2025 17:00,28.815329,77.15301,PM2.5,301,486,385
India,Chhattisgarh,Bhilai,"Hathkhoj, Bhilai - CECB",18-11-2025 17:00,21.224231,81.40835,CO,22,58,32
India,Chhattisgarh,Chhal,"Nawapara SECL Colony, Chhal - CECB",18-11-2025 17:00,22.118125,83.140608,NH3,6,6,6
India,Chhattisgarh,Chhal,"Nawapara SECL Colony, Chhal - CECB",18-11-2025 17:00,22.118125,83.140608,SO2,2,116,21
India,Chhattisgarh,Chhal,"Nawapara SECL Colony, Chhal - CECB",18-11-2025 17:00,22.118125,83.140608,CO,28,64,33
India,Chhattisgarh,Korba,"Rampur, Korba - CECB",18-11-2025 17:00,22.368195,82.746431,NH3,2,2,2
India,Chhattisgarh,Korba,"Rampur, Korba - CECB",18-11-2025 17:00,22.368195,82.746431,CO,19,30,21
India,Chhattisgarh,Milupara,"Govt. Higher Secondary School, Milupara - CECB",18-11-2025 17:00,22.1910172,83.5197009,OZONE,15,126,102
India,Chhattisgarh,Raipur,"AIIMS, Raipur - CECB",18-11-2025 17:00,21.258815,81.578979,CO,32,61,49
India,Chhattisgarh,Raipur,"Bhatagaon New ISBT, Raipur - CECB",18-11-2025 17:00,21.219665,81.630094,CO,32,88,44
India,Delhi,Delhi,"Jahangirpuri, Delhi - DPCC",18-11-2025 17:00,28.73282,77.170633,CO,62,175,88
India,Delhi,Delhi,"Jawaharlal Nehru Stadium, Delhi - DPCC",18-11-2025 17:00,28.58028,77.233829,OZONE,2,295,177
India,Delhi,Delhi,"Lodhi Road, Delhi - IMD",18-11-2025 17:00,28.5918245,77.2273074,PM2.5,NA,NA,NA
India,Chhattisgarh,Kunjemura,"OP Jindal School, Kunjemura - CECB",18-11-2025 17:00,22.12665,83.483212,PM10,36,96,55
India,Chhattisgarh,Kunjemura,"OP Jindal School, Kunjemura - CECB",18-11-2025 17:00,22.12665,83.483212,CO,4,24,18
India,Chhattisgarh,Milupara,"Govt. Higher Secondary School, Milupara - CECB",18-11-2025 17:00,22.1910172,83.5197009,PM10,50,124,84
India,Delhi,Delhi,"ITO, Delhi - CPCB",18-11-2025 17:00,28.628624,77.24106,PM2.5,86,470,371
India,Delhi,Delhi,"ITO, Delhi - CPCB",18-11-2025 17:00,28.628624,77.24106,PM10,125,439,304
India,Delhi,Delhi,"ITO, Delhi - CPCB",18-11-2025 17:00,28.628624,77.24106,NO2,17,223,124
India,Delhi,Delhi,"Jahangirpuri, Delhi - DPCC",18-11-2025 17:00,28.73282,77.170633,PM2.5,312,500,446
India,Delhi,Delhi,"Anand Vihar, Delhi - DPCC",18-11-2025 17:00,28.647622,77.315809,PM2.5,253,500,409
India,Delhi,Delhi,"Anand Vihar, Delhi - DPCC",18-11-2025 17:00,28.647622,77.315809,PM10,179,500,403
India,Delhi,Delhi,"Ashok Vihar, Delhi - DPCC",18-11-2025 17:00,28.695381,77.181665,NO2,60,180,115
India,Delhi,Delhi,"Sri Aurobindo Marg, Delhi - DPCC",18-11-2025 17:00,28.531346,77.190156,SO2,2,18,9
India,Delhi,Delhi,"Vivek Vihar, Delhi - DPCC",18-11-2025 17:00,28.672342,77.31526,PM2.5,295,500,432
India,Delhi,Delhi,"Vivek Vihar, Delhi - DPCC",18-11-2025 17:00,28.672342,77.31526,PM10,193,500,402
India,Delhi,Delhi,"Wazirpur, Delhi - DPCC",18-11-2025 17:00,28.699793,77.165453,PM2.5,307,500,441
India,Gujarat,Ahmedabad,"Chandkheda, Ahmedabad - IITM",18-11-2025 17:00,23.107969,72.574648,PM2.5,62,134,95
India,Gujarat,Ahmedabad,"Chandkheda, Ahmedabad - IITM",18-11-2025 17:00,23.107969,72.574648,PM10,105,172,133
India,Gujarat,Ahmedabad,"Gyaspur, Ahmedabad - IITM",18-11-2025 17:00,22.977134,72.553024,OZONE,23,35,30
India,Gujarat,Ahmedabad,"Maninagar, Ahmedabad - GPCB",18-11-2025 17:00,23.002657,72.591912,CO,18,50,38
India,Gujarat,Ahmedabad,"Maninagar, Ahmedabad - GPCB",18-11-2025 17:00,23.002657,72.591912,OZONE,4,49,43
India,Gujarat,Ahmedabad,"Raikhad, Ahmedabad - IITM",18-11-2025 17:00,23.020509,72.579261,PM10,130,220,165
India,Gujarat,Ahmedabad,"Raikhad, Ahmedabad - IITM",18-11-2025 17:00,23.020509,72.579261,NO2,32,178,88
India,Gujarat,Ahmedabad,"Raikhad, Ahmedabad - IITM",18-11-2025 17:00,23.020509,72.579261,SO2,12,22,16
India,Gujarat,Ahmedabad,"Raikhad, Ahmedabad - IITM",18-11-2025 17:00,23.020509,72.579261,OZONE,4,109,85
India,Delhi,Delhi,"Mundka, Delhi - DPCC",18-11-2025 17:00,28.684678,77.076574,NH3,8,18,15
India,Delhi,Delhi,"Mundka, Delhi - DPCC",18-11-2025 17:00,28.684678,77.076574,SO2,NA,NA,NA
India,Delhi,Delhi,"NSIT Dwarka, Delhi - CPCB",18-11-2025 17:00,28.60909,77.0325413,PM10,154,261,201
India,Delhi,Delhi,"NSIT Dwarka, Delhi - CPCB",18-11-2025 17:00,28.60909,77.0325413,CO,28,56,37
India,Delhi,Delhi,"Najafgarh, Delhi - DPCC",18-11-2025 17:00,28.570173,76.933762,PM2.5,177,387,323
India,Delhi,Delhi,"Najafgarh, Delhi - DPCC",18-11-2025 17:00,28.570173,76.933762,PM10,142,276,198
India,Gujarat,Ahmedabad,"Rakhial, Ahmedabad - IITM",18-11-2025 17:00,23.016834,72.625775,SO2,17,82,30
India,Gujarat,Ahmedabad,"SAC ISRO Bopal, Ahmedabad - IITM",18-11-2025 17:00,23.041137,72.456691,PM2.5,91,304,175
India,Gujarat,Ahmedabad,"SAC ISRO Bopal, Ahmedabad - IITM",18-11-2025 17:00,23.041137,72.456691,NH3,2,3,3
India,Gujarat,Ahmedabad,"SAC ISRO Satellite, Ahmedabad - IITM",18-11-2025 17:00,23.023389,72.515201,PM10,83,114,100
India,Gujarat,Ahmedabad,"SAC ISRO Satellite, Ahmedabad - IITM",18-11-2025 17:00,23.023389,72.515201,CO,42,106,61
India,Delhi,Delhi,"Pusa, Delhi - IMD",18-11-2025 17:00,28.63611,77.173332,NO2,24,140,84
India,Delhi,Delhi,"R K Puram, Delhi - DPCC",18-11-2025 17:00,28.563262,77.186937,NO2,44,128,89
India,Delhi,Delhi,"R K Puram, Delhi - DPCC",18-11-2025 17:00,28.563262,77.186937,CO,61,160,88
India,Delhi,Delhi,"Rohini, Delhi - DPCC",18-11-2025 17:00,28.732528,77.11992,SO2,2,17,9
India,Delhi,Delhi,"Patparganj, Delhi - DPCC",18-11-2025 17:00,28.623763,77.287209,NO2,56,179,128
India,Delhi,Delhi,"Patparganj, Delhi - DPCC",18-11-2025 17:00,28.623763,77.287209,NH3,8,14,12
India,Delhi,Delhi,"Punjabi Bagh, Delhi - DPCC",18-11-2025 17:00,28.674045,77.131023,OZONE,2,129,78
India,Delhi,Delhi,"Major Dhyan Chand National Stadium, Delhi - DPCC",18-11-2025 17:00,28.611281,77.237738,NH3,14,22,18
India,Delhi,Delhi,"Major Dhyan Chand National Stadium, Delhi - DPCC",18-11-2025 17:00,28.611281,77.237738,CO,14,151,53
India,Delhi,Delhi,"Major Dhyan Chand National Stadium, Delhi - DPCC",18-11-2025 17:00,28.611281,77.237738,OZONE,7,232,125
India,Delhi,Delhi,"Shadipur, Delhi - CPCB",18-11-2025 17:00,28.6514781,77.1473105,OZONE,6,40,27
India,Delhi,Delhi,"Sirifort, Delhi - CPCB",18-11-2025 17:00,28.5504249,77.2159377,NO2,40,60,52
India,Delhi,Delhi,"Sirifort, Delhi - CPCB",18-11-2025 17:00,28.5504249,77.2159377,OZONE,6,24,15
India,Delhi,Delhi,"Nehru Nagar, Delhi - DPCC",18-11-2025 17:00,28.56789,77.250515,PM2.5,287,500,411
India,Haryana,Fatehabad,"Huda Sector, Fatehabad - HSPCB",18-11-2025 17:00,29.503664,75.467934,PM10,115,402,163
India,Haryana,Fatehabad,"Huda Sector, Fatehabad - HSPCB",18-11-2025 17:00,29.503664,75.467934,NO2,18,20,19
India,Haryana,Gurugram,"NISE Gwal Pahari, Gurugram - IMD",18-11-2025 17:00,28.422681,77.148944,OZONE,3,91,57
India,Haryana,Gurugram,"Sector-51, Gurugram - HSPCB",18-11-2025 17:00,28.4227,77.0667,PM2.5,97,500,340
India,Haryana,Gurugram,"Sector-51, Gurugram - HSPCB",18-11-2025 17:00,28.4227,77.0667,SO2,8,42,22
India,Haryana,Gurugram,"Sector-51, Gurugram - HSPCB",18-11-2025 17:00,28.4227,77.0667,OZONE,10,310,40
India,Haryana,Gurugram,"Teri Gram, Gurugram - HSPCB",18-11-2025 17:00,28.4275,77.1465,PM10,100,253,142
India,Haryana,Bahadurgarh,"Arya Nagar, Bahadurgarh - HSPCB",18-11-2025 17:00,28.6701,76.9254,NO2,12,14,13
India,Haryana,Bahadurgarh,"Arya Nagar, Bahadurgarh - HSPCB",18-11-2025 17:00,28.6701,76.9254,OZONE,14,19,17
India,Haryana,Ballabgarh,"Nathu Colony, Ballabgarh - HSPCB",18-11-2025 17:00,28.3419248,77.319699,PM2.5,75,145,94
India,Haryana,Bhiwani,"H.B. Colony, Bhiwani - HSPCB",18-11-2025 17:00,28.806223,76.141105,OZONE,6,17,12
India,Haryana,Charkhi Dadri,"Mini Secretariat, Charkhi Dadri - HSPCB",18-11-2025 17:00,28.593883,76.270653,NH3,5,8,6
India,Haryana,Charkhi Dadri,"Mini Secretariat, Charkhi Dadri - HSPCB",18-11-2025 17:00,28.593883,76.270653,OZONE,14,18,15
India,Haryana,Faridabad,"Sector 11, Faridabad - HSPCB",18-11-2025 17:00,28.376058,77.315741,PM2.5,159,279,214
India,Haryana,Faridabad,"Sector 11, Faridabad - HSPCB",18-11-2025 17:00,28.376058,77.315741,CO,17,126,34
India,Haryana,Faridabad,"Sector 30, Faridabad - HSPCB",18-11-2025 17:00,28.4417,77.3217,PM10,162,172,166
India,Haryana,Faridabad,"Sector 30, Faridabad - HSPCB",18-11-2025 17:00,28.4417,77.3217,NO2,37,39,38
India,Haryana,Faridabad,"Sector 30, Faridabad - HSPCB",18-11-2025 17:00,28.4417,77.3217,NH3,11,12,11
India,Haryana,Kaithal,"Rishi Nagar, Kaithal - HSPCB",18-11-2025 17:00,29.8006,76.4155,NO2,29,33,31
India,Haryana,Kaithal,"Rishi Nagar, Kaithal - HSPCB",18-11-2025 17:00,29.8006,76.4155,SO2,29,34,31
India,Haryana,Karnal,"Sector-12, Karnal - HSPCB",18-11-2025 17:00,29.6953,77.0027,CO,36,57,49
India,Haryana,Mandikhera,"General Hospital, Mandikhera - HSPCB",18-11-2025 17:00,27.9002,76.9938,PM10,72,459,194
India,Haryana,Mandikhera,"General Hospital, Mandikhera - HSPCB",18-11-2025 17:00,27.9002,76.9938,NH3,13,15,14
India,Haryana,Gurugram,"Vikas Sadan, Gurugram - HSPCB",18-11-2025 17:00,28.4501238,77.0263051,PM10,85,208,133
India,Haryana,Gurugram,"Vikas Sadan, Gurugram - HSPCB",18-11-2025 17:00,28.4501238,77.0263051,CO,95,133,111
India,Haryana,Hisar,"Urban Estate-II, Hisar - HSPCB",18-11-2025 17:00,29.14056,75.744941,PM10,108,287,178
India,Haryana,Jind,"Police Lines, Jind - HSPCB",18-11-2025 17:00,29.307814,76.337619,PM10,NA,NA,NA
India,Haryana,Jind,"Police Lines, Jind - HSPCB",18-11-2025 17:00,29.307814,76.337619,SO2,NA,NA,NA
India,Gujarat,Gandhinagar,"GIFT City, Gandhinagar - IITM",18-11-2025 17:00,23.163798,72.677768,OZONE,NA,NA,NA
India,Gujarat,Gandhinagar,"IIPHG Lekawada, Gandhinagar - IITM",18-11-2025 17:00,23.243639,72.68994,SO2,3,9,5
India,Gujarat,Gandhinagar,"IIPHG Lekawada, Gandhinagar - IITM",18-11-2025 17:00,23.243639,72.68994,OZONE,5,54,41
India,Gujarat,Gandhinagar,"Sector-10, Gandhinagar - GPCB",18-11-2025 17:00,23.221714,72.654328,PM2.5,50,140,87
India,Gujarat,Gandhinagar,"Sector-10, Gandhinagar - GPCB",18-11-2025 17:00,23.221714,72.654328,NH3,2,3,2
India,Gujarat,Ahmedabad,"SVPI Airport Hansol, Ahmedabad - IITM",18-11-2025 17:00,23.076793,72.627874,NO2,29,70,48
India,Gujarat,Ahmedabad,"SVPI Airport Hansol, Ahmedabad - IITM",18-11-2025 17:00,23.076793,72.627874,NH3,3,7,5
India,Gujarat,Ankleshwar,"GIDC, Ankleshwar - GPCB",18-11-2025 17:00,21.613267,73.010555,PM10,NA,NA,NA
India,Gujarat,Ankleshwar,"GIDC, Ankleshwar - GPCB",18-11-2025 17:00,21.613267,73.010555,SO2,NA,NA,NA
India,Gujarat,Vapi,"Phase-1 GIDC, Vapi - GPCB",18-11-2025 17:00,20.362421,72.918013,SO2,NA,NA,NA
India,Gujarat,Vatva,"Phase-4 GIDC, Vatva - GPCB",18-11-2025 17:00,22.969611,72.6435,SO2,22,29,25
India,Haryana,Ambala,"Patti Mehar, Ambala - HSPCB",18-11-2025 17:00,30.379589,76.778328,PM10,83,407,162
India,Haryana,Manesar,"Sector-2 IMT, Manesar - HSPCB",18-11-2025 17:00,28.360699,76.93609,CO,28,96,39
India,Haryana,Palwal,"Shyam Nagar, Palwal - HSPCB",18-11-2025 17:00,28.1485564,77.3320667,PM10,83,146,116
India,Haryana,Yamuna Nagar,"Gobind Pura, Yamuna Nagar - HSPCB",18-11-2025 17:00,30.1480566,77.2893471,CO,36,101,63
India,Himachal Pradesh,Baddi,"HIMUDA Complex Phase-1, Baddi - HPPCB",18-11-2025 17:00,30.943887,76.801991,NO2,13,121,45
India,Himachal Pradesh,Baddi,"HIMUDA Complex Phase-1, Baddi - HPPCB",18-11-2025 17:00,30.943887,76.801991,CO,43,101,59
India,Himachal Pradesh,Baddi,"HIMUDA Complex Phase-1, Baddi - HPPCB",18-11-2025 17:00,30.943887,76.801991,OZONE,23,159,114
India,Jammu_and_Kashmir,Srinagar,"Rajbagh, Srinagar - JKSPCB",18-11-2025 17:00,34.066206,74.81982,SO2,3,4,3
India,Jharkhand,Dhanbad,"Sardar Patel Nagar, Dhanbad - JSPCB",18-11-2025 17:00,23.80569,86.44268,CO,2,68,26
India,Jharkhand,Jorapokhar,"Tata Stadium, Jorapokhar - JSPCB",18-11-2025 17:00,23.707909,86.41467,PM10,NA,NA,NA
India,Jharkhand,Jorapokhar,"Tata Stadium, Jorapokhar - JSPCB",18-11-2025 17:00,23.707909,86.41467,SO2,NA,NA,NA
India,Jharkhand,Jorapokhar,"Tata Stadium, Jorapokhar - JSPCB",18-11-2025 17:00,23.707909,86.41467,OZONE,2,4,3
India,Haryana,Panchgaon,"Amity University, Panchgaon - IITM",18-11-2025 17:00,28.3153,76.9143,PM10,61,160,95
India,Haryana,Panchgaon,"Amity University, Panchgaon - IITM",18-11-2025 17:00,28.3153,76.9143,NO2,36,114,64
India,Haryana,Panchgaon,"Amity University, Panchgaon - IITM",18-11-2025 17:00,28.3153,76.9143,CO,2,48,10
India,Haryana,Panchgaon,"Amity University, Panchgaon - IITM",18-11-2025 17:00,28.3153,76.9143,OZONE,1,104,71
India,Haryana,Panipat,"Sector-18, Panipat - HSPCB",18-11-2025 17:00,29.432304,76.972765,PM10,63,488,137
India,Haryana,Panipat,"Sector-18, Panipat - HSPCB",18-11-2025 17:00,29.432304,76.972765,SO2,18,19,19
India,Haryana,Panipat,"Sector-18, Panipat - HSPCB",18-11-2025 17:00,29.432304,76.972765,CO,24,26,25
India,Karnataka,Bagalkot,"Vidayagiri, Bagalkot - KSPCB",18-11-2025 17:00,16.172806,75.659694,NO2,11,12,12
India,Karnataka,Bagalkot,"Vidayagiri, Bagalkot - KSPCB",18-11-2025 17:00,16.172806,75.659694,NH3,1,2,1
India,Karnataka,Belgaum,"Ramteerth Nagar, Belgaum - KSPCB",18-11-2025 17:00,15.888653,74.541751,NO2,43,120,69
India,Karnataka,Bengaluru,"BWSSB Kadabesanahalli, Bengaluru - CPCB",18-11-2025 17:00,12.9352049,77.6814488,PM10,215,215,215
India,Karnataka,Bengaluru,"BWSSB Kadabesanahalli, Bengaluru - CPCB",18-11-2025 17:00,12.9352049,77.6814488,NH3,4,5,5
India,Karnataka,Bengaluru,"BWSSB Kadabesanahalli, Bengaluru - CPCB",18-11-2025 17:00,12.9352049,77.6814488,CO,8,52,52
India,Karnataka,Bengaluru,"RVCE-Mailasandra, Bengaluru - KSPCB",18-11-2025 17:00,12.921418,77.502466,NH3,3,3,3
India,Karnataka,Bengaluru,"RVCE-Mailasandra, Bengaluru - KSPCB",18-11-2025 17:00,12.921418,77.502466,CO,32,44,38
India,Karnataka,Bengaluru,"RVCE-Mailasandra, Bengaluru - KSPCB",18-11-2025 17:00,12.921418,77.502466,OZONE,16,16,16
India,Karnataka,Bengaluru,"Sanegurava Halli, Bengaluru - KSPCB",18-11-2025 17:00,12.990328,77.5431385,PM10,51,54,51
India,Karnataka,Bengaluru,"Sanegurava Halli, Bengaluru - KSPCB",18-11-2025 17:00,12.990328,77.5431385,CO,21,37,27
India,Karnataka,Bengaluru,"Shivapura_Peenya, Bengaluru - KSPCB",18-11-2025 17:00,13.0246342,77.5080115,PM2.5,20,321,95
India,Haryana,Rohtak,"MD University, Rohtak - HSPCB",18-11-2025 17:00,28.52123,76.37138,SO2,3,6,5
India,Haryana,Rohtak,"MD University, Rohtak - HSPCB",18-11-2025 17:00,28.52123,76.37138,CO,12,112,37
India,Haryana,Sirsa,"F-Block, Sirsa - HSPCB",18-11-2025 17:00,29.5364,75.0158,NO2,11,25,17
India,Haryana,Sonipat,"Murthal, Sonipat - HSPCB",18-11-2025 17:00,29.0272,77.0621,PM10,144,331,231
India,Karnataka,Bengaluru,"Silk Board, Bengaluru - KSPCB",18-11-2025 17:00,12.917348,77.622813,OZONE,12,16,13
India,Karnataka,Chikkamagaluru,"Kalyana Nagara, Chikkamagaluru - KSPCB",18-11-2025 17:00,13.328028,75.797056,CO,11,152,65
India,Karnataka,Davanagere,"Devaraj Urs Badavane, Davanagere - KSPCB",18-11-2025 17:00,14.4758,75.9052,CO,34,44,44
India,Karnataka,Davanagere,"Devaraj Urs Badavane, Davanagere - KSPCB",18-11-2025 17:00,14.4758,75.9052,OZONE,19,20,20
India,Karnataka,Bengaluru,"Hebbal, Bengaluru - KSPCB",18-11-2025 17:00,13.029152,77.585901,PM2.5,41,120,81
India,Karnataka,Bengaluru,"Hombegowda Nagar, Bengaluru - KSPCB",18-11-2025 17:00,12.938539,77.5901,NH3,3,3,3
India,Karnataka,Bengaluru,"Hombegowda Nagar, Bengaluru - KSPCB",18-11-2025 17:00,12.938539,77.5901,SO2,8,14,11
India,Karnataka,Bengaluru,"Jigani, Bengaluru - KSPCB",18-11-2025 17:00,12.7816279,77.6299145,PM2.5,40,42,41
India,Karnataka,Bengaluru,"Jigani, Bengaluru - KSPCB",18-11-2025 17:00,12.7816279,77.6299145,PM10,NA,NA,NA
India,Karnataka,Bengaluru,"Jigani, Bengaluru - KSPCB",18-11-2025 17:00,12.7816279,77.6299145,CO,38,39,38
India,Karnataka,Bengaluru,"Kasturi Nagar, Bengaluru - KSPCB",18-11-2025 17:00,13.003872,77.664217,NH3,2,3,2
India,Karnataka,Bengaluru,"Peenya, Bengaluru - CPCB",18-11-2025 17:00,13.0270199,77.494094,CO,22,57,34
India,Haryana,Palwal,"Shyam Nagar, Palwal - HSPCB",18-11-2025 17:00,28.1485564,77.3320667,SO2,12,13,13
India,Madhya Pradesh,Damoh,"Shrivastav Colony, Damoh - MPPCB",18-11-2025 17:00,23.81748678,79.446246,SO2,26,27,26
India,Madhya Pradesh,Dewas,"Bhopal Chauraha, Dewas - MPPCB",18-11-2025 17:00,22.9682591,76.064118,PM2.5,100,309,193
India,Madhya Pradesh,Dewas,"Bhopal Chauraha, Dewas - MPPCB",18-11-2025 17:00,22.9682591,76.064118,PM10,118,295,157
India,Madhya Pradesh,Dewas,"Bhopal Chauraha, Dewas - MPPCB",18-11-2025 17:00,22.9682591,76.064118,SO2,15,71,42
India,Madhya Pradesh,Gwalior,"City Center, Gwalior - MPPCB",18-11-2025 17:00,26.203442,78.193251,CO,16,119,35
India,Madhya Pradesh,Gwalior,"City Center, Gwalior - MPPCB",18-11-2025 17:00,26.203442,78.193251,OZONE,26,91,69
India,Madhya Pradesh,Gwalior,"Deen Dayal Nagar, Gwalior - MPPCB",18-11-2025 17:00,26.259242,78.216432,PM2.5,95,386,222
India,Madhya Pradesh,Gwalior,"Deen Dayal Nagar, Gwalior - MPPCB",18-11-2025 17:00,26.259242,78.216432,NH3,7,11,9
India,Kerala,Kollam,"Polayathode, Kollam - Kerala PCB",18-11-2025 17:00,8.8787,76.6073,NO2,9,9,9
India,Kerala,Kollam,"Polayathode, Kollam - Kerala PCB",18-11-2025 17:00,8.8787,76.6073,NH3,1,1,1
India,Kerala,Thiruvananthapuram,"Kariavattom, Thiruvananthapuram - Kerala PCB",18-11-2025 17:00,8.5637,76.8865,PM2.5,25,41,36
India,Kerala,Thiruvananthapuram,"Kariavattom, Thiruvananthapuram - Kerala PCB",18-11-2025 17:00,8.5637,76.8865,OZONE,36,36,36
India,Kerala,Thiruvananthapuram,"Plammoodu, Thiruvananthapuram - Kerala PCB",18-11-2025 17:00,8.5149093,76.9435879,SO2,1,25,15
India,Kerala,Thiruvananthapuram,"Plammoodu, Thiruvananthapuram - Kerala PCB",18-11-2025 17:00,8.5149093,76.9435879,OZONE,6,22,17
India,Karnataka,Shivamogga,"Vinoba Nagara, Shivamogga - KSPCB",18-11-2025 17:00,13.94,75.555917,CO,12,35,30
India,Karnataka,Tumakuru,"Thimmalapura, Tumakuru - KSPCB",18-11-2025 17:00,13.377516,77.099072,PM2.5,NA,NA,NA
India,Karnataka,Tumakuru,"Thimmalapura, Tumakuru - KSPCB",18-11-2025 17:00,13.377516,77.099072,NO2,NA,NA,NA
India,Karnataka,Udupi,"Brahmagiri, Udupi - KSPCB",18-11-2025 17:00,13.34194444,74.74694444,NH3,1,2,1
India,Karnataka,Vijayapura,"Ibrahimpur, Vijayapura - KSPCB",18-11-2025 17:00,16.802639,75.722694,PM2.5,26,31,30
India,Karnataka,Gadag,"Panchal Nagar, Gadag - KSPCB",18-11-2025 17:00,15.411456,75.638133,CO,10,20,14
India,Karnataka,Gadag,"Panchal Nagar, Gadag - KSPCB",18-11-2025 17:00,15.411456,75.638133,OZONE,18,58,28
India,Karnataka,Hubballi,"Lingaraj Nagar, Hubballi - KSPCB",18-11-2025 17:00,15.3714823,75.1160168,PM10,57,84,60
India,Karnataka,Hubballi,"Lingaraj Nagar, Hubballi - KSPCB",18-11-2025 17:00,15.3714823,75.1160168,NH3,2,3,2
India,Karnataka,Kalaburagi,"Lal Bahadur Shastri Nagar, Kalaburagi - KSPCB",18-11-2025 17:00,17.321993,76.822628,SO2,61,69,62
India,Karnataka,Kalaburagi,"Mahatma Basaveswar Colony, Kalaburgi - KSPCB",18-11-2025 17:00,17.336318,76.847397,SO2,2,15,4
India,Karnataka,Koppal,"Diwator Nagar, Koppal - KSPCB",18-11-2025 17:00,15.34763,76.181767,PM2.5,29,54,42
India,Karnataka,Koppal,"Diwator Nagar, Koppal - KSPCB",18-11-2025 17:00,15.34763,76.181767,PM10,38,66,55
India,Karnataka,Mangalore,"Kadri, Mangalore - KSPCB",18-11-2025 17:00,12.88925,74.853,PM2.5,54,123,80
India,Karnataka,Yadgir,"Collector Office, Yadgir - KSPCB",18-11-2025 17:00,16.7602,77.1428,SO2,8,16,13
India,Karnataka,Yadgir,"Collector Office, Yadgir - KSPCB",18-11-2025 17:00,16.7602,77.1428,CO,16,26,19
India,Kerala,Eloor,"Udyogamandal, Eloor - Kerala PCB",18-11-2025 17:00,10.073232,76.302765,NO2,6,8,7
India,Madhya Pradesh,Bhopal,"Idgah Hills, Bhopal - MPPCB",18-11-2025 17:00,23.264759,77.381568,OZONE,31,133,121
India,Madhya Pradesh,Bhopal,"T T Nagar, Bhopal - MPPCB",18-11-2025 17:00,23.233584,77.400574,PM2.5,129,364,253
India,Madhya Pradesh,Bhopal,"T T Nagar, Bhopal - MPPCB",18-11-2025 17:00,23.233584,77.400574,NH3,5,6,6
India,Karnataka,Mysuru,"Hebbal 1st Stage, Mysuru - KSPCB",18-11-2025 17:00,12.21041,76.37376,PM2.5,17,54,35
India,Karnataka,Mysuru,"Hebbal 1st Stage, Mysuru - KSPCB",18-11-2025 17:00,12.21041,76.37376,NO2,11,40,22
India,Karnataka,Mysuru,"Hebbal 1st Stage, Mysuru - KSPCB",18-11-2025 17:00,12.21041,76.37376,SO2,1,7,4
India,Karnataka,Mysuru,"Hebbal 1st Stage, Mysuru - KSPCB",18-11-2025 17:00,12.21041,76.37376,CO,10,40,24
India,Kerala,Kollam,"Polayathode, Kollam - Kerala PCB",18-11-2025 17:00,8.8787,76.6073,PM2.5,14,19,17
India,Madhya Pradesh,Jabalpur,"Govindh Bhavan Colony, Jabalpur - JMC",18-11-2025 17:00,23.163174,79.973061,OZONE,9,88,64
India,Madhya Pradesh,Jabalpur,"Gupteshwar, Jabalpur - JMC",18-11-2025 17:00,23.142888,79.916147,SO2,6,8,7
India,Madhya Pradesh,Jabalpur,"Gupteshwar, Jabalpur - JMC",18-11-2025 17:00,23.142888,79.916147,CO,52,134,62
India,Madhya Pradesh,Jabalpur,"Marhatal, Jabalpur - MPPCB",18-11-2025 17:00,23.168606,79.932247,PM2.5,97,393,236
India,Madhya Pradesh,Jabalpur,"Marhatal, Jabalpur - MPPCB",18-11-2025 17:00,23.168606,79.932247,NH3,5,8,6
India,Madhya Pradesh,Jabalpur,"Marhatal, Jabalpur - MPPCB",18-11-2025 17:00,23.168606,79.932247,CO,26,116,35
India,Madhya Pradesh,Jabalpur,"Marhatal, Jabalpur - MPPCB",18-11-2025 17:00,23.168606,79.932247,OZONE,3,116,84
India,Madhya Pradesh,Jabalpur,"Suhagi, Jabalpur - JMC",18-11-2025 17:00,23.218135,79.95777,NH3,1,5,4
India,Madhya Pradesh,Jabalpur,"Suhagi, Jabalpur - JMC",18-11-2025 17:00,23.218135,79.95777,SO2,5,7,6
India,Madhya Pradesh,Maihar,"Sahilara, Maihar - KJS Cements",18-11-2025 17:00,24.2613009,80.7231783,PM10,69,118,92
India,Madhya Pradesh,Mandideep,"Sector-D Industrial Area, Mandideep - MPPCB",18-11-2025 17:00,23.10844,77.511428,PM2.5,92,500,352
India,Madhya Pradesh,Mandideep,"Sector-D Industrial Area, Mandideep - MPPCB",18-11-2025 17:00,23.10844,77.511428,NO2,15,217,104
India,Madhya Pradesh,Mandideep,"Sector-D Industrial Area, Mandideep - MPPCB",18-11-2025 17:00,23.10844,77.511428,SO2,10,117,73
India,Madhya Pradesh,Pithampur,"Sector-2 Industrial Area, Pithampur - MPPCB",18-11-2025 17:00,22.624758,75.675238,PM2.5,133,355,278
India,Madhya Pradesh,Pithampur,"Sector-2 Industrial Area, Pithampur - MPPCB",18-11-2025 17:00,22.624758,75.675238,NO2,21,59,36
India,Madhya Pradesh,Pithampur,"Sector-2 Industrial Area, Pithampur - MPPCB",18-11-2025 17:00,22.624758,75.675238,CO,24,68,33
India,Madhya Pradesh,Sagar,"Civil Lines, Sagar - MPPCB",18-11-2025 17:00,23.838586,78.759431,NH3,1,4,2
India,Madhya Pradesh,Sagar,"Civil Lines, Sagar - MPPCB",18-11-2025 17:00,23.838586,78.759431,OZONE,51,94,64
India,Madhya Pradesh,Sagar,"Deen Dayal Nagar, Sagar - MPPCB",18-11-2025 17:00,23.8640158,78.80289321,NO2,8,112,57
India,Madhya Pradesh,Satna,"Bandhavgar Colony, Satna - Birla Cement",18-11-2025 17:00,24.58434363,80.8549414,PM10,63,65,64
India,Madhya Pradesh,Singrauli,"Suryakiran Bhawan NCL, Singrauli - MPPCB",18-11-2025 17:00,24.10897,82.64558,SO2,29,76,39
India,Maharashtra,Ahmednagar,"Tarakpur, Ahmednagar - MPCB",18-11-2025 17:00,19.10122,74.73339,PM10,56,156,100
India,Maharashtra,Ahmednagar,"Tarakpur, Ahmednagar - MPCB",18-11-2025 17:00,19.10122,74.73339,NH3,4,7,5
India,Maharashtra,Ahmednagar,"Tarakpur, Ahmednagar - MPCB",18-11-2025 17:00,19.10122,74.73339,OZONE,5,146,102
India,Maharashtra,Akola,"Ramdaspeth, Akola - MPCB",18-11-2025 17:00,20.719516,77.000253,CO,17,105,19
India,Maharashtra,Aurangabad,"More Chowk Waluj, Aurangabad - MPCB",18-11-2025 17:00,19.8389439,75.244448,PM2.5,69,240,148
India,Maharashtra,Aurangabad,"More Chowk Waluj, Aurangabad - MPCB",18-11-2025 17:00,19.8389439,75.244448,NO2,15,24,19
India,Maharashtra,Aurangabad,"Rachnakar Colony, Aurangabad - MPCB",18-11-2025 17:00,19.863756,75.321188,PM10,51,205,129
India,Maharashtra,Aurangabad,"Rachnakar Colony, Aurangabad - MPCB",18-11-2025 17:00,19.863756,75.321188,SO2,11,30,18
India,Maharashtra,Badlapur,"Katrap, Badlapur - MPCB",18-11-2025 17:00,19.16485,73.23409,NH3,4,8,5
India,Madhya Pradesh,Indore,"Maguda Nagar, Indore - IMC",18-11-2025 17:00,22.7524,75.8872,NO2,2,2,2
India,Madhya Pradesh,Indore,"Regional Park, Indore - IMC",18-11-2025 17:00,22.678,75.8559,OZONE,11,23,16
India,Madhya Pradesh,Indore,"Residency Area, Indore - IMC",18-11-2025 17:00,22.7084,75.8815,PM10,55,252,105
India,Madhya Pradesh,Jabalpur,"Govindh Bhavan Colony, Jabalpur - JMC",18-11-2025 17:00,23.163174,79.973061,NO2,18,29,23
India,Madhya Pradesh,Gwalior,"Maharaj Bada, Gwalior - MPPCB",18-11-2025 17:00,26.200388,78.147714,OZONE,3,143,115
India,Madhya Pradesh,Indore,"Airport Area, Indore - IMC",18-11-2025 17:00,22.7289,75.8076,NO2,1,2,2
India,Madhya Pradesh,Indore,"Airport Area, Indore - IMC",18-11-2025 17:00,22.7289,75.8076,CO,6,10,6
India,Madhya Pradesh,Indore,"Chhoti Gwaltoli, Indore - MPPCB",18-11-2025 17:00,22.431,75.5213,OZONE,3,99,86
India,Maharashtra,Amravati,"Shivneri Colony, Amravati - MPCB",18-11-2025 17:00,20.9402359,77.7895248,OZONE,21,140,119
India,Madhya Pradesh,Maihar,"Sahilara, Maihar - KJS Cements",18-11-2025 17:00,24.2613009,80.7231783,PM2.5,7,77,41
India,Maharashtra,Belapur,"CBD Belapur, Belapur - MPCB",18-11-2025 17:00,19.0243902,73.0406721,PM2.5,1,235,134
India,Maharashtra,Belapur,"CBD Belapur, Belapur - MPCB",18-11-2025 17:00,19.0243902,73.0406721,NO2,18,23,21
India,Maharashtra,Bhiwandi,"Gokul Nagar, Bhiwandi - MPCB",18-11-2025 17:00,19.309073,73.057223,OZONE,13,127,71
India,Maharashtra,Boisar,"Khaira, Boisar - MPCB",18-11-2025 17:00,19.786089,72.757971,PM2.5,83,157,114
India,Maharashtra,Boisar,"Khaira, Boisar - MPCB",18-11-2025 17:00,19.786089,72.757971,PM10,65,148,99
India,Maharashtra,Boisar,"Khaira, Boisar - MPCB",18-11-2025 17:00,19.786089,72.757971,NO2,27,99,52
India,Maharashtra,Mahad,"Kamble Tarf Birwadi, Mahad - MPCB",18-11-2025 17:00,18.1023399,73.4783687,NH3,3,5,3
India,Maharashtra,Malegaon,"Mahesh Nagar, Malegaon - MPCB",18-11-2025 17:00,20.555712,74.529236,PM10,46,218,131
India,Maharashtra,Malegaon,"Mahesh Nagar, Malegaon - MPCB",18-11-2025 17:00,20.555712,74.529236,CO,41,51,45
India,Maharashtra,Mira-Bhayandar,"Bhayandar West, Mira-Bhayandar - MPCB",18-11-2025 17:00,19.296481,72.840923,PM2.5,76,184,113
India,Maharashtra,Mumbai,"Chakala-Andheri East, Mumbai - IITM",18-11-2025 17:00,19.11074,72.86084,CO,5,57,33
India,Maharashtra,Mumbai,"Chembur, Mumbai - MPCB",18-11-2025 17:00,19.0364585,72.8954371,NO2,NA,NA,NA
India,Maharashtra,Mumbai,"Chembur, Mumbai - MPCB",18-11-2025 17:00,19.0364585,72.8954371,OZONE,14,164,125
India,Maharashtra,Mumbai,"Chhatrapati Shivaji Intl. Airport (T2), Mumbai - MPCB",18-11-2025 17:00,19.10078,72.87462,SO2,20,21,21
India,Maharashtra,Mumbai,"Borivali East, Mumbai - MPCB",18-11-2025 17:00,19.2243333,72.8658113,CO,5,8,7
India,Maharashtra,Mumbai,"Byculla, Mumbai - BMC",18-11-2025 17:00,18.9767,72.838,SO2,17,28,21
India,Maharashtra,Mumbai,"Chakala-Andheri East, Mumbai - IITM",18-11-2025 17:00,19.11074,72.86084,NH3,6,18,11
India,Maharashtra,Mumbai,"Chakala-Andheri East, Mumbai - IITM",18-11-2025 17:00,19.11074,72.86084,SO2,1,29,11
India,Maharashtra,Dhule,"Deopur, Dhule - MPCB",18-11-2025 17:00,20.918946,74.776388,PM10,38,197,133
India,Maharashtra,Dhule,"Deopur, Dhule - MPCB",18-11-2025 17:00,20.918946,74.776388,CO,18,110,24
India,Maharashtra,Jalna,"Old MIDC, Jalna - MPCB",18-11-2025 17:00,19.854616,75.905894,NH3,3,5,4
India,Maharashtra,Jalna,"Old MIDC, Jalna - MPCB",18-11-2025 17:00,19.854616,75.905894,SO2,5,21,9
India,Maharashtra,Mira-Bhayandar,"Bhayandar West, Mira-Bhayandar - MPCB",18-11-2025 17:00,19.296481,72.840923,SO2,1,5,3
India,Maharashtra,Mumbai,"Borivali East, Mumbai - IITM",18-11-2025 17:00,19.23241,72.86895,OZONE,18,186,152
India,Maharashtra,Kolhapur,"Sinchan Bhavan, Kolhapur - MPCB",18-11-2025 17:00,16.7143745,74.2426398,PM10,74,201,126
India,Maharashtra,Latur,"Sawe Wadi, Latur - MPCB",18-11-2025 17:00,18.39963,76.57452,NO2,13,53,27
India,Maharashtra,Chandrapur,"MIDC Khutala, Chandrapur - MPCB",18-11-2025 17:00,19.9775302,79.2337086,PM10,153,165,158
India,Maharashtra,Dhule,"Deopur, Dhule - MPCB",18-11-2025 17:00,20.918946,74.776388,PM2.5,79,181,116
India,Maharashtra,Kolhapur,"Shivaji University, Kolhapur - MPCB",18-11-2025 17:00,16.6870449,74.2505872,NO2,17,137,53
India,Maharashtra,Mumbai,"Ghatkopar, Mumbai - BMC",18-11-2025 17:00,19.083694,72.920967,CO,24,47,30
India,Maharashtra,Mumbai,"Ghatkopar, Mumbai - BMC",18-11-2025 17:00,19.083694,72.920967,OZONE,1,184,122
India,Maharashtra,Mumbai,"Kandivali East, Mumbai - MPCB",18-11-2025 17:00,19.2058,72.8682,PM2.5,84,343,167
India,Maharashtra,Mumbai,"Kandivali West, Mumbai - BMC",18-11-2025 17:00,19.215859,72.831718,PM10,70,113,91
India,Maharashtra,Mumbai,"Kandivali West, Mumbai - BMC",18-11-2025 17:00,19.215859,72.831718,NO2,11,51,20
India,Maharashtra,Mumbai,"Kandivali West, Mumbai - BMC",18-11-2025 17:00,19.215859,72.831718,OZONE,6,87,75
India,Maharashtra,Nashik,"Pandav Nagari, Nashik - MPCB",18-11-2025 17:00,19.9591346,73.7788008,PM2.5,89,222,149
India,Maharashtra,Navi Mumbai,"Kopripada-Vashi, Navi Mumbai - MPCB",18-11-2025 17:00,19.090337,73.014232,PM2.5,59,305,143
India,Maharashtra,Navi Mumbai,"Kopripada-Vashi, Navi Mumbai - MPCB",18-11-2025 17:00,19.090337,73.014232,NH3,2,9,6
India,Maharashtra,Navi Mumbai,"Mahape, Navi Mumbai - MPCB",18-11-2025 17:00,19.1135051,73.008978,NH3,3,3,3
India,Maharashtra,Navi Mumbai,"Mahape, Navi Mumbai - MPCB",18-11-2025 17:00,19.1135051,73.008978,CO,16,20,19
India,Maharashtra,Mumbai,"Sion, Mumbai - MPCB",18-11-2025 17:00,19.047,72.8746,OZONE,6,13,7
India,Maharashtra,Mumbai,"Vile Parle West, Mumbai - MPCB",18-11-2025 17:00,19.10861,72.83622,PM2.5,53,99,77
India,Maharashtra,Mumbai,"Vile Parle West, Mumbai - MPCB",18-11-2025 17:00,19.10861,72.83622,SO2,11,59,43
India,Maharashtra,Mumbai,"Worli, Mumbai - MPCB",18-11-2025 17:00,18.9936162,72.8128113,PM2.5,69,75,71
India,Maharashtra,Mumbai,"Worli, Mumbai - MPCB",18-11-2025 17:00,18.9936162,72.8128113,SO2,18,26,21
India,Maharashtra,Mumbai,"Worli, Mumbai - MPCB",18-11-2025 17:00,18.9936162,72.8128113,CO,6,22,15
India,Maharashtra,Mumbai,"Navy Nagar-Colaba, Mumbai - IITM",18-11-2025 17:00,18.897756,72.81332,NH3,2,5,3
India,Maharashtra,Mumbai,"Powai, Mumbai - MPCB",18-11-2025 17:00,19.1375,72.915056,PM10,126,182,152
India,Maharashtra,Mumbai,"Powai, Mumbai - MPCB",18-11-2025 17:00,19.1375,72.915056,NH3,1,2,2
India,Maharashtra,Mumbai,"Sewri, Mumbai - BMC",18-11-2025 17:00,19.000084,72.85673,PM10,44,145,67
India,Maharashtra,Mumbai,"Sewri, Mumbai - BMC",18-11-2025 17:00,19.000084,72.85673,NH3,7,30,18
India,Maharashtra,Mumbai,"Sewri, Mumbai - BMC",18-11-2025 17:00,19.000084,72.85673,OZONE,95,228,153
India,Maharashtra,Mumbai,"Shivaji Nagar, Mumbai - BMC",18-11-2025 17:00,19.060498,72.923356,SO2,12,24,17
India,Maharashtra,Mumbai,"Shivaji Nagar, Mumbai - BMC",18-11-2025 17:00,19.060498,72.923356,OZONE,12,165,114
India,Maharashtra,Mumbai,"Sion, Mumbai - MPCB",18-11-2025 17:00,19.047,72.8746,NO2,7,8,8
India,Maharashtra,Mumbai,"Mazgaon, Mumbai - IITM",18-11-2025 17:00,18.96702,72.84214,OZONE,22,249,249
India,Maharashtra,Mumbai,"Mindspace-Malad West, Mumbai - MPCB",18-11-2025 17:00,19.1878657,72.8304069,CO,38,100,41
India,Maharashtra,Mumbai,"Mulund West, Mumbai - MPCB",18-11-2025 17:00,19.175,72.9419,PM10,NA,NA,NA
India,Maharashtra,Nagpur,"Mahal, Nagpur - MPCB",18-11-2025 17:00,21.14472,79.107595,OZONE,4,66,50
India,Maharashtra,Nagpur,"Opp GPO Civil Lines, Nagpur - MPCB",18-11-2025 17:00,21.152875,79.0517531,SO2,5,66,16
India,Maharashtra,Nanded,"Sneh Nagar, Nanded - MPCB",18-11-2025 17:00,19.173852,77.296291,OZONE,8,105,89
India,Maharashtra,Nashik,"Hirawadi, Nashik - MPCB",18-11-2025 17:00,20.021503,73.813844,NO2,9,45,16
India,Maharashtra,Mumbai,"Colaba, Mumbai - MPCB",18-11-2025 17:00,18.91,72.82,CO,26,29,27
India,Maharashtra,Mumbai,"Ghatkopar, Mumbai - BMC",18-11-2025 17:00,19.083694,72.920967,NH3,1,3,1
India,Maharashtra,Solapur,"Ratandeep Housing Society, Solapur - MPCB",18-11-2025 17:00,17.65439,75.90649,NH3,2,16,5
India,Maharashtra,Solapur,"Ratandeep Housing Society, Solapur - MPCB",18-11-2025 17:00,17.65439,75.90649,SO2,1,21,8
India,Maharashtra,Thane,"Kasarvadavali, Thane - MPCB",18-11-2025 17:00,19.26777,72.97182,SO2,2,13,5
India,Maharashtra,Thane,"Kasarvadavali, Thane - MPCB",18-11-2025 17:00,19.26777,72.97182,CO,12,46,21
India,Maharashtra,Thane,"Upvan Fort, Thane - MPCB",18-11-2025 17:00,19.222279,72.957979,OZONE,41,97,85
India,Maharashtra,Ulhasnagar,"Sidhi Vinayak Nagar, Ulhasnagar - MPCB",18-11-2025 17:00,19.235581,73.159121,PM2.5,82,249,141
India,Maharashtra,Navi Mumbai,"Tondare-Taloja, Navi Mumbai - MPCB",18-11-2025 17:00,19.063,73.1209,NO2,20,34,28
India,Maharashtra,Parbhani,"Masoom Colony, Parbhani - MPCB",18-11-2025 17:00,19.265594,76.761463,SO2,2,9,5
India,Maharashtra,Pimpri-Chinchwad,"Gavalinagar, Pimpri Chinchwad - MPCB",18-11-2025 17:00,18.63673,73.82487,SO2,2,5,3
India,Maharashtra,Pimpri-Chinchwad,"Park Street Wakad, Pimpri Chinchwad - MPCB",18-11-2025 17:00,18.59051,73.77946,CO,24,110,33
India,Maharashtra,Pimpri-Chinchwad,"Savta Mali Nagar, Pimpri-Chinchwad - IITM",18-11-2025 17:00,18.614767,73.799516,PM2.5,88,256,170
India,Maharashtra,Pimpri-Chinchwad,"Thergaon, Pimpri Chinchwad - MPCB",18-11-2025 17:00,18.616318,73.765797,PM2.5,87,258,186
India,Maharashtra,Pune,"Savitribai Phule Pune University, Pune - MPCB",18-11-2025 17:00,18.547056,73.826908,OZONE,1,120,86
India,Maharashtra,Sangli,"Vijay Nagar, Sangli - MPCB",18-11-2025 17:00,16.5038,74.3623,PM2.5,165,302,226
India,Maharashtra,Solapur,"Dnyaneshwar Nagar, Solapur - MPCB",18-11-2025 17:00,17.6336264,75.9132495,OZONE,25,131,104
India,Maharashtra,Navi Mumbai,"Sanpada, Navi Mumbai - MPCB",18-11-2025 17:00,19.0575752,73.0151367,NO2,5,18,10
India,Maharashtra,Navi Mumbai,"Sanpada, Navi Mumbai - MPCB",18-11-2025 17:00,19.0575752,73.0151367,NH3,5,6,6
India,Maharashtra,Navi Mumbai,"Sector-2E Kalamboli, Navi Mumbai - MPCB",18-11-2025 17:00,19.02579,73.10297,NH3,7,24,16
India,Maharashtra,Navi Mumbai,"Sector-2E Kalamboli, Navi Mumbai - MPCB",18-11-2025 17:00,19.02579,73.10297,CO,7,68,20
India,Maharashtra,Pune,"Dhankawadi, Pune - IITM",18-11-2025 17:00,18.459883,73.852193,PM2.5,63,211,118
India,Maharashtra,Pune,"Dhankawadi, Pune - IITM",18-11-2025 17:00,18.459883,73.852193,PM10,84,172,126
India,Maharashtra,Pune,"Hadapsar, Pune - IITM",18-11-2025 17:00,18.501793,73.927532,PM2.5,33,211,105
India,Maharashtra,Pune,"Mhada Colony, Pune - IITM",18-11-2025 17:00,18.57304,73.927715,PM10,112,208,163
India,Maharashtra,Pune,"Mhada Colony, Pune - IITM",18-11-2025 17:00,18.57304,73.927715,NO2,32,81,55
India,Maharashtra,Pune,"Mhada Colony, Pune - IITM",18-11-2025 17:00,18.57304,73.927715,OZONE,13,145,123
India,Maharashtra,Pune,"Savitribai Phule Pune University, Pune - MPCB",18-11-2025 17:00,18.547056,73.826908,SO2,1,4,2
India,Maharashtra,Pimpri-Chinchwad,"Thergaon, Pimpri Chinchwad - MPCB",18-11-2025 17:00,18.616318,73.765797,SO2,1,6,3
India,Maharashtra,Pune,"Bhumkar Nagar, Pune - IITM",18-11-2025 17:00,18.60577,73.749976,PM2.5,69,380,197
India,Maharashtra,Navi Mumbai,"Nerul, Navi Mumbai - MPCB",18-11-2025 17:00,19.008751,73.01662,SO2,NA,NA,NA
India,Punjab,Amritsar,"Golden Temple, Amritsar - PPCB",18-11-2025 17:00,31.62,74.876512,SO2,11,42,19
India,Punjab,Amritsar,"Golden Temple, Amritsar - PPCB",18-11-2025 17:00,31.62,74.876512,CO,22,84,43
India,Punjab,Amritsar,"Golden Temple, Amritsar - PPCB",18-11-2025 17:00,31.62,74.876512,OZONE,31,44,34
India,Punjab,Jalandhar,"Civil Line, Jalandhar - PPCB",18-11-2025 17:00,31.321907,75.578914,PM2.5,69,168,101
India,Punjab,Jalandhar,"Civil Line, Jalandhar - PPCB",18-11-2025 17:00,31.321907,75.578914,NO2,28,32,30
India,Punjab,Jalandhar,"Civil Line, Jalandhar - PPCB",18-11-2025 17:00,31.321907,75.578914,CO,59,66,64
India,Punjab,Jalandhar,"Civil Line, Jalandhar - PPCB",18-11-2025 17:00,31.321907,75.578914,OZONE,46,52,50
India,Punjab,Khanna,"Kalal Majra, Khanna - PPCB",18-11-2025 17:00,30.736056,76.209694,PM10,90,143,124
India,Maharashtra,Ulhasnagar,"Sidhi Vinayak Nagar, Ulhasnagar - MPCB",18-11-2025 17:00,19.235581,73.159121,SO2,8,78,17
India,Maharashtra,Virar,"Bolinj, Virar - MPCB",18-11-2025 17:00,19.445821,72.7988231,PM10,78,114,96
India,Maharashtra,Virar,"Bolinj, Virar - MPCB",18-11-2025 17:00,19.445821,72.7988231,OZONE,19,93,76
India,Meghalaya,Shillong,"Lumpyngngad, Shillong - Meghalaya PCB",18-11-2025 17:00,25.5586,91.8985,NO2,NA,NA,NA
India,Nagaland,Kohima,"PWD Junction, Kohima - NPCB",18-11-2025 17:00,25.6635413,94.0989878,PM10,25,142,71
India,Nagaland,Kohima,"PWD Junction, Kohima - NPCB",18-11-2025 17:00,25.6635413,94.0989878,NH3,1,1,1
India,Odisha,Rairangpur,"Divisional Forest Office, Rairangpur - OSPCB",18-11-2025 17:00,22.265816,86.174829,CO,31,72,37
India,Odisha,Rourkela,"Fertilizer Township, Rourkela - OSPCB",18-11-2025 17:00,22.18972222,84.86277778,CO,7,57,16
India,Odisha,Rourkela,"Raghunathpali, Rourkela - OSPCB",18-11-2025 17:00,22.220833,84.809444,PM10,NA,NA,NA
India,Odisha,Rourkela,"Raghunathpali, Rourkela - OSPCB",18-11-2025 17:00,22.220833,84.809444,NO2,NA,NA,NA
India,Odisha,Rourkela,"Raghunathpali, Rourkela - OSPCB",18-11-2025 17:00,22.220833,84.809444,OZONE,5,31,26
India,Odisha,Talcher,"Talcher Coalfields,Talcher - OSPCB",18-11-2025 17:00,20.9360711,85.1707021,PM10,42,269,152
India,Odisha,Bileipada,"Tata Township, Bileipada - OSPCB",18-11-2025 17:00,22.06156703,85.47409613,SO2,8,8,8
India,Odisha,Bileipada,"Tata Township, Bileipada - OSPCB",18-11-2025 17:00,22.06156703,85.47409613,OZONE,11,14,13
India,Odisha,Byasanagar,"Ferro Chrome Colony, Byasanagar - OSPCB",18-11-2025 17:00,20.94185,86.1151,NO2,8,47,16
India,Odisha,Cuttack,"CDA Area, Cuttack - OSPCB",18-11-2025 17:00,20.48891,85.84768,NO2,19,151,54
India,Odisha,Cuttack,"CDA Area, Cuttack - OSPCB",18-11-2025 17:00,20.48891,85.84768,SO2,5,23,9
India,Odisha,Tensa,"Barsua Iron Ore Mines, Tensa - OSPCB",18-11-2025 17:00,21.869985,85.167016,PM10,86,406,143
India,Odisha,Tensa,"Barsua Iron Ore Mines, Tensa - OSPCB",18-11-2025 17:00,21.869985,85.167016,NH3,NA,NA,NA
India,Puducherry,Puducherry,"Jawahar Nagar, Puducherry - PPCC",18-11-2025 17:00,11.9309,79.8027,NO2,5,52,22
India,Punjab,Amritsar,"Golden Temple, Amritsar - PPCB",18-11-2025 17:00,31.62,74.876512,PM10,98,190,132
India,Odisha,Baripada,"Meher Colony, Baripada - OSPCB",18-11-2025 17:00,21.941841,86.728318,SO2,5,8,7
India,Odisha,Bhubaneswar,"Patia, Bhubaneswar - OSPCB",18-11-2025 17:00,20.34652,85.8163,PM10,110,268,154
India,Odisha,Bhubaneswar,"Patia, Bhubaneswar - OSPCB",18-11-2025 17:00,20.34652,85.8163,SO2,5,10,6
India,Odisha,Bileipada,"Tata Township, Bileipada - OSPCB",18-11-2025 17:00,22.06156703,85.47409613,PM2.5,96,96,96
India,Odisha,Nayagarh,"Dabuna, Nayagarh - OSPCB",18-11-2025 17:00,21.847279,85.416905,PM10,52,141,81
India,Odisha,Nayagarh,"Dabuna, Nayagarh - OSPCB",18-11-2025 17:00,21.847279,85.416905,SO2,7,15,9
India,Odisha,Nayagarh,"Dabuna, Nayagarh - OSPCB",18-11-2025 17:00,21.847279,85.416905,CO,16,28,23
India,Odisha,Rairangpur,"Divisional Forest Office, Rairangpur - OSPCB",18-11-2025 17:00,22.265816,86.174829,PM10,67,125,86
India,Punjab,Ludhiana,"Punjab Agricultural University, Ludhiana - PPCB",18-11-2025 17:00,30.9028,75.8086,SO2,2,37,20
India,Punjab,Mandi Gobindgarh,"RIMT University, Mandi Gobindgarh - PPCB",18-11-2025 17:00,30.649961,76.331442,PM10,117,160,136
India,Odisha,Balasore,"Kalidaspur, Balasore - OSPCB",18-11-2025 17:00,21.51161,86.89088,OZONE,22,70,60
India,Odisha,Barbil,"Forest Office, Barbil - OSPCB",18-11-2025 17:00,22.1166054,85.3945546,CO,32,80,40
India,Rajasthan,Chittorgarh,"Shastri Nagar, Chittorgarh - RSPCB",18-11-2025 17:00,24.892047,74.623527,PM10,62,237,119
India,Rajasthan,Chittorgarh,"Shastri Nagar, Chittorgarh - RSPCB",18-11-2025 17:00,24.892047,74.623527,NH3,2,5,4
India,Rajasthan,Chittorgarh,"Shastri Nagar, Chittorgarh - RSPCB",18-11-2025 17:00,24.892047,74.623527,SO2,4,107,25
India,Rajasthan,Churu,"Subash Chowk, Churu - RSPCB",18-11-2025 17:00,28.296139,74.961696,PM2.5,50,410,165
India,Rajasthan,Churu,"Subash Chowk, Churu - RSPCB",18-11-2025 17:00,28.296139,74.961696,PM10,93,500,207
India,Rajasthan,Churu,"Subash Chowk, Churu - RSPCB",18-11-2025 17:00,28.296139,74.961696,CO,4,146,29
India,Rajasthan,Dausa,"Khatikan Mohalla, Dausa - RSPCB",18-11-2025 17:00,26.895552,76.334753,PM10,94,433,162
India,Rajasthan,Dausa,"Khatikan Mohalla, Dausa - RSPCB",18-11-2025 17:00,26.895552,76.334753,NO2,16,144,52
India,Rajasthan,Dausa,"Khatikan Mohalla, Dausa - RSPCB",18-11-2025 17:00,26.895552,76.334753,SO2,4,15,9
India,Rajasthan,Bhiwadi,"Vasundhara Nagar_UIT, Bhiwadi - RSPCB",18-11-2025 17:00,28.207266,76.829265,PM2.5,189,496,352
India,Rajasthan,Bhiwadi,"Vasundhara Nagar_UIT, Bhiwadi - RSPCB",18-11-2025 17:00,28.207266,76.829265,NO2,28,167,89
India,Rajasthan,Bhiwadi,"Vasundhara Nagar_UIT, Bhiwadi - RSPCB",18-11-2025 17:00,28.207266,76.829265,SO2,1,16,9
India,Rajasthan,Bhiwadi,"Vasundhara Nagar_UIT, Bhiwadi - RSPCB",18-11-2025 17:00,28.207266,76.829265,CO,22,169,39
India,Rajasthan,Bikaner,"MM Ground, Bikaner - RSPCB",18-11-2025 17:00,28.018792,73.292658,NH3,1,19,12
India,Rajasthan,Bikaner,"MM Ground, Bikaner - RSPCB",18-11-2025 17:00,28.018792,73.292658,SO2,2,20,10
India,Rajasthan,Bundi,"New Colony, Bundi - RSPCB",18-11-2025 17:00,25.435774,75.644272,PM2.5,83,210,132
India,Rajasthan,Bundi,"New Colony, Bundi - RSPCB",18-11-2025 17:00,25.435774,75.644272,PM10,95,153,123
India,Rajasthan,Bundi,"New Colony, Bundi - RSPCB",18-11-2025 17:00,25.435774,75.644272,SO2,5,10,7
India,Rajasthan,Jaipur,"Mansarovar Sector-12, Jaipur - RSPCB",18-11-2025 17:00,26.843698,75.766894,PM10,125,392,186
India,Rajasthan,Jaipur,"Mansarovar Sector-12, Jaipur - RSPCB",18-11-2025 17:00,26.843698,75.766894,CO,28,114,42
India,Rajasthan,Jaipur,"Police Commissionerate, Jaipur - RSPCB",18-11-2025 17:00,26.9164092,75.7994901,PM2.5,NA,NA,NA
India,Rajasthan,Jaipur,"Police Commissionerate, Jaipur - RSPCB",18-11-2025 17:00,26.9164092,75.7994901,PM10,NA,NA,NA
India,Rajasthan,Jaipur,"Police Commissionerate, Jaipur - RSPCB",18-11-2025 17:00,26.9164092,75.7994901,NH3,5,23,12
India,Rajasthan,Jaipur,"RIICO Sitapura, Jaipur - RSPCB",18-11-2025 17:00,26.786682,75.827928,PM2.5,103,368,243
India,Rajasthan,Jaipur,"RIICO Sitapura, Jaipur - RSPCB",18-11-2025 17:00,26.786682,75.827928,NO2,22,274,91
India,Rajasthan,Bharatpur,"Krishna Nagar, Bharatpur - RSPCB",18-11-2025 17:00,27.215415,77.50873,SO2,6,16,11
India,Rajasthan,Bharatpur,"Krishna Nagar, Bharatpur - RSPCB",18-11-2025 17:00,27.215415,77.50873,OZONE,3,194,147
India,Rajasthan,Bhilwara,"Pratap Nagar, Bhilwara - RSPCB",18-11-2025 17:00,25.339605,74.618883,OZONE,1,68,53
India,Rajasthan,Bhiwadi,"RIICO Ind. Area III, Bhiwadi - RSPCB",18-11-2025 17:00,28.194909,76.862296,CO,12,103,36
India,Rajasthan,Dungarpur,"Bhoiwada, Dungarpur - RSPCB",18-11-2025 17:00,23.837789,73.714926,NH3,6,15,8
India,Rajasthan,Dungarpur,"Bhoiwada, Dungarpur - RSPCB",18-11-2025 17:00,23.837789,73.714926,SO2,1,12,4
India,Rajasthan,Dungarpur,"Bhoiwada, Dungarpur - RSPCB",18-11-2025 17:00,23.837789,73.714926,CO,15,87,23
India,Rajasthan,Dungarpur,"Bhoiwada, Dungarpur - RSPCB",18-11-2025 17:00,23.837789,73.714926,OZONE,12,161,144
India,Rajasthan,Hanumangarh,"Housing Board, Hanumangarh - RSPCB",18-11-2025 17:00,29.61075,74.283608,PM2.5,47,322,202
India,Punjab,Rupnagar,"Ratanpura, Rupnagar - Ambuja Cements",18-11-2025 17:00,31.0325454,76.5623046,CO,45,60,51
India,Rajasthan,Ajmer,"Civil Lines,  Ajmer - RSPCB",18-11-2025 17:00,26.470859,74.646594,SO2,11,31,19
India,Rajasthan,Ajmer,"Civil Lines,  Ajmer - RSPCB",18-11-2025 17:00,26.470859,74.646594,CO,22,64,29
India,Rajasthan,Alwar,"Moti Doongri, Alwar - RSPCB",18-11-2025 17:00,27.554793,76.611536,SO2,15,64,32
India,Rajasthan,Jaipur,"RIICO Sitapura, Jaipur - RSPCB",18-11-2025 17:00,26.786682,75.827928,OZONE,1,220,126
India,Rajasthan,Jaipur,"Sector-2 Murlipura, Jaipur - RSPCB",18-11-2025 17:00,26.960669,75.771817,CO,20,104,30
India,Rajasthan,Jaisalmer,"Sadar Bazar, Jaisalmer - RSPCB",18-11-2025 17:00,26.912329,70.909168,CO,26,104,37
India,Punjab,Patiala,"Model Town, Patiala - PPCB",18-11-2025 17:00,30.349388,76.366642,SO2,8,63,31
India,Punjab,Patiala,"Model Town, Patiala - PPCB",18-11-2025 17:00,30.349388,76.366642,OZONE,10,42,28
India,Punjab,Rupnagar,"Ratanpura, Rupnagar - Ambuja Cements",18-11-2025 17:00,31.0325454,76.5623046,PM2.5,8,50,30
India,Rajasthan,Baran,"Bamboliya, Baran - RSPCB",18-11-2025 17:00,25.106006,76.469948,CO,26,93,31
India,Rajasthan,Sri Ganganagar,"Old City, Sri Ganganagar - RSPCB",18-11-2025 17:00,29.931624,73.864511,NH3,5,80,31
India,Rajasthan,Sri Ganganagar,"Old City, Sri Ganganagar - RSPCB",18-11-2025 17:00,29.931624,73.864511,OZONE,1,165,105
India,Rajasthan,Tonk,"Shastri Nagar, Tonk - RSPCB",18-11-2025 17:00,26.159933,75.780517,NH3,6,13,9
India,Rajasthan,Tonk,"Shastri Nagar, Tonk - RSPCB",18-11-2025 17:00,26.159933,75.780517,CO,36,103,54
India,Rajasthan,Udaipur,"Ashok Nagar, Udaipur - RSPCB",18-11-2025 17:00,24.5886166,73.6321397,PM2.5,38,240,108
India,Rajasthan,Udaipur,"Ashok Nagar, Udaipur - RSPCB",18-11-2025 17:00,24.5886166,73.6321397,NO2,13,68,36
India,Rajasthan,Udaipur,"Ashok Nagar, Udaipur - RSPCB",18-11-2025 17:00,24.5886166,73.6321397,CO,5,154,52
India,TamilNadu,Chennai,"Alandur Bus Depot, Chennai - CPCB",18-11-2025 17:00,12.9099161,80.1076538,PM2.5,94,286,162
India,Rajasthan,Sawai Madhopur,"Sahu Nagar, Sawai Madhopur - RSPCB",18-11-2025 17:00,26.031443,76.359327,SO2,1,11,5
India,Rajasthan,Sikar,"Radhakishan Pura, Sikar - RSPCB",18-11-2025 17:00,27.608912,75.153302,CO,20,127,41
India,Rajasthan,Sirohi,"Vedhaynath Colony, Sirohi - RSPCB",18-11-2025 17:00,24.885261,72.857549,PM2.5,25,187,70
India,Rajasthan,Sirohi,"Vedhaynath Colony, Sirohi - RSPCB",18-11-2025 17:00,24.885261,72.857549,NO2,12,112,50
India,Rajasthan,Sirohi,"Vedhaynath Colony, Sirohi - RSPCB",18-11-2025 17:00,24.885261,72.857549,CO,16,62,31
India,Rajasthan,Sri Ganganagar,"Old City, Sri Ganganagar - RSPCB",18-11-2025 17:00,29.931624,73.864511,PM10,101,500,220
India,Rajasthan,Sri Ganganagar,"Old City, Sri Ganganagar - RSPCB",18-11-2025 17:00,29.931624,73.864511,NO2,52,221,124
India,Rajasthan,Jodhpur,"Samrat Ashok Udhyan, Jodhpur - RSPCB",18-11-2025 17:00,26.253384,72.976571,PM10,70,445,173
India,Rajasthan,Karauli,"Satyawati Vihar, Karauli - RSPCB",18-11-2025 17:00,26.506177,77.025989,CO,32,109,46
India,Rajasthan,Kota,"Dhanmandi, Kota - RSPCB",18-11-2025 17:00,25.16409,75.858137,NH3,1,5,4
India,Rajasthan,Kota,"Nayapura, Kota - RSPCB",18-11-2025 17:00,25.196024,75.855668,PM2.5,88,315,204
India,Rajasthan,Jalore,"Mudtra Sili, Jalore - RSPCB",18-11-2025 17:00,25.344694,72.626208,NO2,15,140,60
India,Rajasthan,Jalore,"Mudtra Sili, Jalore - RSPCB",18-11-2025 17:00,25.344694,72.626208,SO2,3,10,5
India,Rajasthan,Jhalawar,"Rajlaxmi Nagar, Jhalawar - RSPCB",18-11-2025 17:00,24.588397,76.172782,NO2,41,75,55
India,Rajasthan,Jhalawar,"Rajlaxmi Nagar, Jhalawar - RSPCB",18-11-2025 17:00,24.588397,76.172782,CO,40,114,55
India,Rajasthan,Jhalawar,"Rajlaxmi Nagar, Jhalawar - RSPCB",18-11-2025 17:00,24.588397,76.172782,OZONE,7,175,167
India,Rajasthan,Jodhpur,"Digari Kalan, Jodhpur - RSPCB",18-11-2025 17:00,26.29581,73.082283,PM10,57,402,131
India,Rajasthan,Jodhpur,"Digari Kalan, Jodhpur - RSPCB",18-11-2025 17:00,26.29581,73.082283,NH3,5,18,10
India,Rajasthan,Jodhpur,"Jhalamand, Jodhpur - RSPCB",18-11-2025 17:00,26.215415,73.070156,PM10,65,207,111
India,Rajasthan,Jodhpur,"Mandor, Jodhpur - RSPCB",18-11-2025 17:00,26.358805,73.047444,NO2,7,111,38
India,Rajasthan,Kota,"Nayapura, Kota - RSPCB",18-11-2025 17:00,25.196024,75.855668,OZONE,2,196,144
India,Rajasthan,Nagaur,"Karni Colony, Nagaur - RSPCB",18-11-2025 17:00,27.213494,73.734444,PM10,80,500,228
India,Rajasthan,Pali,"Indira Colony Vistar, Pali - RSPCB",18-11-2025 17:00,25.771061,73.340227,PM2.5,84,237,157
India,TamilNadu,Chennai,"Alandur Bus Depot, Chennai - CPCB",18-11-2025 17:00,12.9099161,80.1076538,CO,24,41,29
India,TamilNadu,Chennai,"Kodungaiyur, Chennai - TNPCB",18-11-2025 17:00,13.1278,80.2642,PM10,9,105,60
India,TamilNadu,Chennai,"Kodungaiyur, Chennai - TNPCB",18-11-2025 17:00,13.1278,80.2642,SO2,1,32,8
India,TamilNadu,Chennai,"Manali Village, Chennai - TNPCB",18-11-2025 17:00,13.1662,80.2584,CO,20,108,50
India,TamilNadu,Coimbatore,"PSG College of Arts and Science, Coimbatore - TNPCB",18-11-2025 17:00,11.0328,77.0349,NO2,NA,NA,NA
India,TamilNadu,Coimbatore,"PSG College of Arts and Science, Coimbatore - TNPCB",18-11-2025 17:00,11.0328,77.0349,SO2,NA,NA,NA
India,Rajasthan,Rajsamand,"Dhoinda, Rajsamand - RSPCB",18-11-2025 17:00,25.03636,73.883502,NO2,7,80,26
India,Rajasthan,Rajsamand,"Dhoinda, Rajsamand - RSPCB",18-11-2025 17:00,25.03636,73.883502,SO2,1,23,7
India,Rajasthan,Rajsamand,"Dhoinda, Rajsamand - RSPCB",18-11-2025 17:00,25.03636,73.883502,CO,12,78,21
India,TamilNadu,Karur,"Kamadenu Nagar, Karur - TNPCB",18-11-2025 17:00,10.96782,78.080882,NO2,NA,NA,NA
India,TamilNadu,Karur,"Kamadenu Nagar, Karur - TNPCB",18-11-2025 17:00,10.96782,78.080882,SO2,NA,NA,NA
India,TamilNadu,Madurai,"Uchapatti, Madurai - TNPCB",18-11-2025 17:00,9.865935,78.022669,PM10,21,86,57
India,TamilNadu,Nagapattinam,"Velippalayam, Nagapattinam - TNPCB",18-11-2025 17:00,10.798548,79.838212,NO2,NA,NA,NA
India,TamilNadu,Nagapattinam,"Velippalayam, Nagapattinam - TNPCB",18-11-2025 17:00,10.798548,79.838212,NH3,NA,NA,NA
India,TamilNadu,Perundurai,"SIPCOT Industrial Park, Perundurai - TNPCB",18-11-2025 17:00,11.258242,77.552761,NO2,7,13,8
India,Telangana,Hyderabad,"Kompally Municipal Office, Hyderabad - TSPCB",18-11-2025 17:00,17.544899,78.486949,OZONE,17,43,30
India,Telangana,Hyderabad,"Nacharam_TSIIC IALA, Hyderabad - TSPCB",18-11-2025 17:00,17.429398,78.569354,NO2,9,14,13
India,Telangana,Hyderabad,"Nacharam_TSIIC IALA, Hyderabad - TSPCB",18-11-2025 17:00,17.429398,78.569354,SO2,9,16,14
India,Telangana,Hyderabad,"Nacharam_TSIIC IALA, Hyderabad - TSPCB",18-11-2025 17:00,17.429398,78.569354,OZONE,18,33,27
India,Telangana,Hyderabad,"New Malakpet, Hyderabad - TSPCB",18-11-2025 17:00,17.37206,78.50864,PM10,83,105,92
India,TamilNadu,Coimbatore,"SIDCO Kurichi, Coimbatore - TNPCB",18-11-2025 17:00,10.942451,76.978996,CO,18,37,21
India,TamilNadu,Cuddalore,"Semmandalam, Cuddalore - TNPCB",18-11-2025 17:00,11.7637683,79.7499835,PM10,NA,NA,NA
India,TamilNadu,Cuddalore,"Semmandalam, Cuddalore - TNPCB",18-11-2025 17:00,11.7637683,79.7499835,OZONE,1,2,2
India,TamilNadu,Gummidipoondi,"Anthoni Pillai Nagar, Gummidipoondi - TNPCB",18-11-2025 17:00,13.4127,80.1081,PM2.5,100,325,230
India,TamilNadu,Ramanathapuram,"Chalai Bazaar, Ramanathapuram - TNPCB",18-11-2025 17:00,9.36399,78.831977,NH3,NA,NA,NA
India,TamilNadu,Thoothukudi,"Meelavittan, Thoothukudi - TNPCB",18-11-2025 17:00,8.816428,78.099039,CO,20,114,102
India,TamilNadu,Tiruchirappalli,"St Joseph College, Tiruchirappalli - TNPCB",18-11-2025 17:00,10.830158,78.691849,NO2,NA,NA,NA
India,TamilNadu,Tiruchirappalli,"St Joseph College, Tiruchirappalli - TNPCB",18-11-2025 17:00,10.830158,78.691849,OZONE,NA,NA,NA
India,Telangana,Hyderabad,"ECIL Kapra, Hyderabad - TSPCB",18-11-2025 17:00,17.470431,78.566959,NH3,3,5,5
India,Telangana,Hyderabad,"ECIL Kapra, Hyderabad - TSPCB",18-11-2025 17:00,17.470431,78.566959,OZONE,27,70,45
India,Telangana,Hyderabad,"ICRISAT Patancheru, Hyderabad - TSPCB",18-11-2025 17:00,17.5184,78.278777,SO2,10,100,36
India,Telangana,Hyderabad,"IDA Pashamylaram, Hyderabad - TSPCB",18-11-2025 17:00,17.5316895,78.218939,CO,16,46,30
India,Telangana,Hyderabad,"Zoo Park, Hyderabad - TSPCB",18-11-2025 17:00,17.349694,78.451437,SO2,3,4,4
India,Tripura,Agartala,"Bardowali, Agartala - Tripura SPCB",18-11-2025 17:00,23.8175497,91.2726974,NH3,4,7,6
India,Uttar_Pradesh,Agra,"Manoharpur, Agra - UPPCB",18-11-2025 17:00,27.23711,78.01936,CO,20,26,25
India,TamilNadu,Virudhunagar,"Collectorate Office, Virudhunagar - TNPCB",18-11-2025 17:00,9.559382,77.948828,NH3,NA,NA,NA
India,Telangana,Hyderabad,"Bollaram Industrial Area, Hyderabad - TSPCB",18-11-2025 17:00,17.540891,78.358528,NO2,9,56,34
India,Telangana,Hyderabad,"New Malakpet, Hyderabad - TSPCB",18-11-2025 17:00,17.37206,78.50864,OZONE,13,62,49
India,Telangana,Hyderabad,"Ramachandrapuram, Hyderabad - TSPCB",18-11-2025 17:00,17.528544,78.286195,PM10,69,75,73
India,Uttar_Pradesh,Agra,"Sanjay Palace, Agra - UPPCB",18-11-2025 17:00,27.19865833,78.00598056,PM2.5,70,322,237
India,Uttar_Pradesh,Agra,"Sanjay Palace, Agra - UPPCB",18-11-2025 17:00,27.19865833,78.00598056,OZONE,7,233,152
India,Uttar_Pradesh,Ghaziabad,"Vasundhara, Ghaziabad - UPPCB",18-11-2025 17:00,28.6603346,77.3572563,NO2,66,212,141
India,Uttar_Pradesh,Gorakhpur,"Madan Mohan Malaviya University of Technology, Gorakhpur - UPPCB",18-11-2025 17:00,26.730136,83.433859,PM2.5,34,353,78
India,Uttar_Pradesh,Gorakhpur,"Madan Mohan Malaviya University of Technology, Gorakhpur - UPPCB",18-11-2025 17:00,26.730136,83.433859,NO2,11,12,11
India,Uttar_Pradesh,Gorakhpur,"Madan Mohan Malaviya University of Technology, Gorakhpur - UPPCB",18-11-2025 17:00,26.730136,83.433859,CO,6,8,6
India,Uttar_Pradesh,Greater Noida,"Knowledge Park - III, Greater Noida - UPPCB",18-11-2025 17:00,28.47272,77.482,PM2.5,314,500,416
India,Uttar_Pradesh,Greater Noida,"Knowledge Park - III, Greater Noida - UPPCB",18-11-2025 17:00,28.47272,77.482,NH3,10,21,14
India,Uttar_Pradesh,Lucknow,"Gomti Nagar, Lucknow - UPPCB",18-11-2025 17:00,26.86812,81.005119,PM2.5,35,235,110
India,Uttar_Pradesh,Lucknow,"Gomti Nagar, Lucknow - UPPCB",18-11-2025 17:00,26.86812,81.005119,NO2,7,9,8
India,Uttar_Pradesh,Lucknow,"Gomti Nagar, Lucknow - UPPCB",18-11-2025 17:00,26.86812,81.005119,OZONE,28,41,39
India,Uttar_Pradesh,Lucknow,"Kendriya Vidyalaya, Lucknow - CPCB",18-11-2025 17:00,26.906111,80.948222,PM2.5,48,321,167
India,Uttar_Pradesh,Lucknow,"Kendriya Vidyalaya, Lucknow - CPCB",18-11-2025 17:00,26.906111,80.948222,CO,34,106,42
India,Uttar_Pradesh,Lucknow,"Kukrail Picnic Spot-1, Lucknow - UPPCB",18-11-2025 17:00,26.90723,80.98579,PM10,52,150,92
India,Uttar_Pradesh,Lucknow,"Kukrail Picnic Spot-1, Lucknow - UPPCB",18-11-2025 17:00,26.90723,80.98579,SO2,40,42,41
India,Uttar_Pradesh,Agra,"Shastripuram, Agra - UPPCB",18-11-2025 17:00,27.19862,77.92066,PM2.5,47,258,119
India,Uttar_Pradesh,Agra,"Shastripuram, Agra - UPPCB",18-11-2025 17:00,27.19862,77.92066,SO2,11,25,16
India,Uttar_Pradesh,Agra,"Shastripuram, Agra - UPPCB",18-11-2025 17:00,27.19862,77.92066,CO,22,41,31
India,Uttar_Pradesh,Agra,"Shastripuram, Agra - UPPCB",18-11-2025 17:00,27.19862,77.92066,OZONE,6,7,7
India,Uttar_Pradesh,Baghpat,"Sardar Patel Inter College, Baghpat - UPPCB",18-11-2025 17:00,28.964949,77.278761,OZONE,4,79,66
India,Uttar_Pradesh,Bareilly,"Civil Lines, Bareilly - UPPCB",18-11-2025 17:00,28.359581,79.414455,OZONE,14,35,19
India,Uttar_Pradesh,Bareilly,"Rajendra Nagar, Bareilly - UPPCB",18-11-2025 17:00,28.38910936,79.42963708,PM2.5,21,74,52
India,Uttar_Pradesh,Bareilly,"Rajendra Nagar, Bareilly - UPPCB",18-11-2025 17:00,28.38910936,79.42963708,NO2,9,10,9
India,Uttar_Pradesh,Bulandshahr,"Yamunapuram, Bulandshahr - UPPCB",18-11-2025 17:00,28.406963,77.849831,NO2,33,194,111
India,Uttar_Pradesh,Firozabad,"Nagla Bhau, Firozabad - UPPCB",18-11-2025 17:00,27.168897,78.37696,SO2,4,18,8
India,Uttar_Pradesh,Hapur,"Anand Vihar, Hapur - UPPCB",18-11-2025 17:00,28.725645,77.749675,PM2.5,252,488,395
India,Uttar_Pradesh,Hapur,"Anand Vihar, Hapur - UPPCB",18-11-2025 17:00,28.725645,77.749675,NH3,31,59,45
India,Uttar_Pradesh,Hapur,"Anand Vihar, Hapur - UPPCB",18-11-2025 17:00,28.725645,77.749675,SO2,4,52,26
India,Uttar_Pradesh,Hapur,"Anand Vihar, Hapur - UPPCB",18-11-2025 17:00,28.725645,77.749675,CO,22,125,39
India,Uttar_Pradesh,Kanpur,"FTI Kidwai Nagar, Kanpur - UPPCB",18-11-2025 17:00,26.428282,80.327067,PM10,35,174,98
India,Uttar_Pradesh,Meerut,"Pallavpuram Phase 2, Meerut - UPPCB",18-11-2025 17:00,29.06351,77.709723,PM2.5,218,497,390
India,Uttar_Pradesh,Meerut,"Pallavpuram Phase 2, Meerut - UPPCB",18-11-2025 17:00,29.06351,77.709723,PM10,160,493,360
India,Uttar_Pradesh,Moradabad,"Buddhi Vihar, Moradabad - UPPCB",18-11-2025 17:00,28.83526,78.7446,PM2.5,30,203,77
India,Uttar_Pradesh,Moradabad,"Buddhi Vihar, Moradabad - UPPCB",18-11-2025 17:00,28.83526,78.7446,NO2,29,29,29
India,Uttar_Pradesh,Kanpur,"NSI Kalyanpur, Kanpur - UPPCB",18-11-2025 17:00,26.509954,80.249612,CO,32,101,51
India,Uttar_Pradesh,Kanpur,"Nehru Nagar, Kanpur - UPPCB",18-11-2025 17:00,26.4703136,80.3229863,PM2.5,27,238,94
India,Uttar_Pradesh,Kanpur,"Nehru Nagar, Kanpur - UPPCB",18-11-2025 17:00,26.4703136,80.3229863,PM10,23,134,72
India,Uttar_Pradesh,Kanpur,"Nehru Nagar, Kanpur - UPPCB",18-11-2025 17:00,26.4703136,80.3229863,SO2,4,18,12
India,Uttar_Pradesh,Ghaziabad,"Loni, Ghaziabad - UPPCB",18-11-2025 17:00,28.757294,77.278792,NH3,3,14,9
India,Uttar_Pradesh,Ghaziabad,"Loni, Ghaziabad - UPPCB",18-11-2025 17:00,28.757294,77.278792,CO,34,179,87
India,Uttar_Pradesh,Ghaziabad,"Sanjay Nagar, Ghaziabad - UPPCB",18-11-2025 17:00,28.685382,77.453839,NO2,2,23,10
India,Uttar_Pradesh,Meerut,"Ganga Nagar, Meerut - UPPCB",18-11-2025 17:00,28.999264,77.7590354,PM2.5,303,419,347
India,Uttar_Pradesh,Meerut,"Ganga Nagar, Meerut - UPPCB",18-11-2025 17:00,28.999264,77.7590354,SO2,4,29,15
India,West_Bengal,Durgapur,"Mahishkapur Road_B-Zone, Durgapur - WBPCB",18-11-2025 17:00,23.567923,87.306843,SO2,13,30,18
India,West_Bengal,Durgapur,"PCBL Residential Complex, Durgapur - WBPCB",18-11-2025 17:00,23.508764,87.35444,PM10,34,103,81
India,West_Bengal,Durgapur,"PCBL Residential Complex, Durgapur - WBPCB",18-11-2025 17:00,23.508764,87.35444,CO,42,84,50
India,West_Bengal,Durgapur,"Womens College_City Center, Durgapur - WBPCB (Formerly known as Sidhu Kanhu Indoor Stadium)",18-11-2025 17:00,23.549395,87.300496,PM10,37,148,102
India,West_Bengal,Durgapur,"Womens College_City Center, Durgapur - WBPCB (Formerly known as Sidhu Kanhu Indoor Stadium)",18-11-2025 17:00,23.549395,87.300496,OZONE,3,46,34
India,West_Bengal,Haldia,"Priyambada Housing Estate, Haldia - WBPCB",18-11-2025 17:00,22.06047,88.109737,NH3,NA,NA,NA
India,Uttar_Pradesh,Varanasi,"Bhelupur, Varanasi - UPPCB",18-11-2025 17:00,25.301778,82.996789,PM2.5,NA,NA,NA
India,Uttar_Pradesh,Varanasi,"Bhelupur, Varanasi - UPPCB",18-11-2025 17:00,25.301778,82.996789,PM10,NA,NA,NA
India,Uttar_Pradesh,Varanasi,"Bhelupur, Varanasi - UPPCB",18-11-2025 17:00,25.301778,82.996789,NO2,NA,NA,NA
India,Uttar_Pradesh,Varanasi,"Bhelupur, Varanasi - UPPCB",18-11-2025 17:00,25.301778,82.996789,NH3,NA,NA,NA
India,Uttar_Pradesh,Varanasi,"IESD Banaras Hindu University, Varanasi - UPPCB",18-11-2025 17:00,25.262326,82.995408,NO2,2,2,2
India,Uttar_Pradesh,Varanasi,"IESD Banaras Hindu University, Varanasi - UPPCB",18-11-2025 17:00,25.262326,82.995408,NH3,1,7,3
India,Uttar_Pradesh,Varanasi,"IESD Banaras Hindu University, Varanasi - UPPCB",18-11-2025 17:00,25.262326,82.995408,SO2,29,34,30
India,Uttar_Pradesh,Varanasi,"IESD Banaras Hindu University, Varanasi - UPPCB",18-11-2025 17:00,25.262326,82.995408,CO,10,53,14
India,Uttar_Pradesh,Varanasi,"IESD Banaras Hindu University, Varanasi - UPPCB",18-11-2025 17:00,25.262326,82.995408,OZONE,15,40,27
India,Uttar_Pradesh,Varanasi,"Maldahiya, Varanasi - UPPCB",18-11-2025 17:00,25.32393,82.99687,PM2.5,44,203,131
India,Uttar_Pradesh,Moradabad,"Kashiram Nagar, Moradabad - UPPCB",18-11-2025 17:00,28.849399,78.742362,CO,24,84,30
India,Uttar_Pradesh,Moradabad,"Kashiram Nagar, Moradabad - UPPCB",18-11-2025 17:00,28.849399,78.742362,OZONE,22,47,33
India,Uttar_Pradesh,Moradabad,"Transport Nagar, Moradabad - UPPCB",18-11-2025 17:00,28.802625,78.753728,PM10,43,201,97
India,Uttar_Pradesh,Moradabad,"Transport Nagar, Moradabad - UPPCB",18-11-2025 17:00,28.802625,78.753728,SO2,31,39,35
India,Uttar_Pradesh,Muzaffarnagar,"New Mandi, Muzaffarnagar - UPPCB",18-11-2025 17:00,29.4723508,77.7194031,PM10,116,451,229
India,Uttar_Pradesh,Muzaffarnagar,"New Mandi, Muzaffarnagar - UPPCB",18-11-2025 17:00,29.4723508,77.7194031,NH3,11,17,13
India,Uttar_Pradesh,Muzaffarnagar,"New Mandi, Muzaffarnagar - UPPCB",18-11-2025 17:00,29.4723508,77.7194031,OZONE,8,137,95
India,Uttar_Pradesh,Varanasi,"Maldahiya, Varanasi - UPPCB",18-11-2025 17:00,25.32393,82.99687,OZONE,1,17,9
India,Uttar_Pradesh,Vrindavan,"Omex Eternity, Vrindavan - UPPCB",18-11-2025 17:00,27.571409,77.655757,PM2.5,28,196,109
India,Uttar_Pradesh,Vrindavan,"Omex Eternity, Vrindavan - UPPCB",18-11-2025 17:00,27.571409,77.655757,NH3,1,3,2
India,Uttarakhand,Dehradun,"Doon University, Dehradun - UKPCB",18-11-2025 17:00,30.269444,78.044167,PM2.5,35,89,59
India,Uttarakhand,Dehradun,"Doon University, Dehradun - UKPCB",18-11-2025 17:00,30.269444,78.044167,PM10,23,52,39
India,Uttarakhand,Dehradun,"Doon University, Dehradun - UKPCB",18-11-2025 17:00,30.269444,78.044167,SO2,2,2,2
India,Uttar_Pradesh,Moradabad,"Eco Herbal Park, Moradabad - UPPCB",18-11-2025 17:00,28.840739,78.697531,PM10,110,178,139
India,Uttar_Pradesh,Moradabad,"Eco Herbal Park, Moradabad - UPPCB",18-11-2025 17:00,28.840739,78.697531,NO2,7,19,12
India,Uttar_Pradesh,Moradabad,"Employment Office, Moradabad - UPPCB",18-11-2025 17:00,28.88528,78.7388,PM10,45,164,95
India,Uttar_Pradesh,Moradabad,"Employment Office, Moradabad - UPPCB",18-11-2025 17:00,28.88528,78.7388,NH3,4,4,4
India,Uttar_Pradesh,Moradabad,"Employment Office, Moradabad - UPPCB",18-11-2025 17:00,28.88528,78.7388,SO2,19,21,20
India,Uttar_Pradesh,Moradabad,"Jigar Colony, Moradabad - UPPCB",18-11-2025 17:00,28.856664,78.772638,PM2.5,42,87,63
India,West_Bengal,Asansol,"Trivenidevi Bhalotia College, Asansol - WBPCB",18-11-2025 17:00,23.616515,87.119133,NH3,6,8,6
India,West_Bengal,Asansol,"Trivenidevi Bhalotia College, Asansol - WBPCB",18-11-2025 17:00,23.616515,87.119133,SO2,4,13,6
India,West_Bengal,Barrackpore,"SVSPA Campus, Barrackpore - WBPCB",18-11-2025 17:00,22.7605581,88.3617589,PM2.5,28,119,78
India,Uttar_Pradesh,Noida,"Sector-116, Noida - UPPCB",18-11-2025 17:00,28.56923,77.393848,SO2,8,22,14
India,Uttar_Pradesh,Prayagraj,"Nagar Nigam, Prayagraj - UPPCB",18-11-2025 17:00,25.44919916,81.82735986,PM2.5,78,334,220
India,Uttar_Pradesh,Prayagraj,"Nagar Nigam, Prayagraj - UPPCB",18-11-2025 17:00,25.44919916,81.82735986,NH3,6,19,12
India,West_Bengal,Asansol,"Evelyn Lodge, Asansol - WBPCB",18-11-2025 17:00,23.697936,86.944395,SO2,7,18,10
India,West_Bengal,Asansol,"Mahabir Colliery, Asansol - WBPCB",18-11-2025 17:00,23.618183,87.105718,PM10,30,120,84
India,Uttar_Pradesh,Noida,"Sector - 125, Noida - UPPCB",18-11-2025 17:00,28.5447608,77.3231257,SO2,13,31,20
India,Uttar_Pradesh,Noida,"Sector - 62, Noida - IMD",18-11-2025 17:00,28.6245479,77.3577104,NO2,4,225,56
India,West_Bengal,Howrah,"Belur Math, Howrah - WBPCB",18-11-2025 17:00,22.629801,88.352017,PM2.5,61,321,211
India,West_Bengal,Howrah,"Botanical Garden, Howrah - WBPCB",18-11-2025 17:00,22.554954,88.292568,NO2,10,34,16
India,West_Bengal,Howrah,"Botanical Garden, Howrah - WBPCB",18-11-2025 17:00,22.554954,88.292568,NH3,2,2,2
India,West_Bengal,Howrah,"Botanical Garden, Howrah - WBPCB",18-11-2025 17:00,22.554954,88.292568,CO,48,103,54
India,West_Bengal,Howrah,"Dasnagar, Howrah - WBPCB",18-11-2025 17:00,22.6025571,88.3105664,OZONE,9,114,88
India,West_Bengal,Howrah,"Ghusuri, Howrah - WBPCB",18-11-2025 17:00,22.611968,88.347422,CO,14,64,26
India,West_Bengal,Howrah,"Padmapukur, Howrah - WBPCB",18-11-2025 17:00,22.5687319,88.2797276,PM2.5,7,322,199
India,West_Bengal,Howrah,"Padmapukur, Howrah - WBPCB",18-11-2025 17:00,22.5687319,88.2797276,PM10,15,188,123
India,West_Bengal,Kolkata,"Bidhannagar, Kolkata - WBPCB",18-11-2025 17:00,22.58157048,88.41002457,PM2.5,37,138,84
India,West_Bengal,Kolkata,"Bidhannagar, Kolkata - WBPCB",18-11-2025 17:00,22.58157048,88.41002457,SO2,8,12,9
India,West_Bengal,Kolkata,"Bidhannagar, Kolkata - WBPCB",18-11-2025 17:00,22.58157048,88.41002457,CO,44,102,52
India,West_Bengal,Kolkata,"Fort William, Kolkata - WBPCB",18-11-2025 17:00,22.55664,88.342674,NO2,15,20,18
India,West_Bengal,Kolkata,"Jadavpur, Kolkata - WBPCB",18-11-2025 17:00,22.49929,88.36917,NO2,33,90,58
India,West_Bengal,Kolkata,"Jadavpur, Kolkata - WBPCB",18-11-2025 17:00,22.49929,88.36917,NH3,3,5,4
India,West_Bengal,Kolkata,"Rabindra Bharati University, Kolkata - WBPCB",18-11-2025 17:00,22.627847,88.380669,PM2.5,50,137,93
India,West_Bengal,Kolkata,"Rabindra Bharati University, Kolkata - WBPCB",18-11-2025 17:00,22.627847,88.380669,SO2,7,10,9
India,West_Bengal,Kolkata,"Rabindra Bharati University, Kolkata - WBPCB",18-11-2025 17:00,22.627847,88.380669,CO,26,73,31
India,West_Bengal,Kolkata,"Rabindra Sarobar, Kolkata - WBPCB",18-11-2025 17:00,22.51106,88.35142,NO2,36,225,137
India,West_Bengal,Kolkata,"Rabindra Sarobar, Kolkata - WBPCB",18-11-2025 17:00,22.51106,88.35142,CO,26,109,32
India,West_Bengal,Kolkata,"Victoria, Kolkata - WBPCB",18-11-2025 17:00,22.5448082,88.3403691,PM2.5,90,324,231
India,West_Bengal,Kolkata,"Victoria, Kolkata - WBPCB",18-11-2025 17:00,22.5448082,88.3403691,OZONE,4,58,43
India,West_Bengal,Siliguri,"Ward-32 Bapupara, Siliguri - WBPCB",18-11-2025 17:00,26.6879226,88.4152495,PM2.5,35,118,53
India,West_Bengal,Siliguri,"Ward-32 Bapupara, Siliguri - WBPCB",18-11-2025 17:00,26.6879226,88.4152495,OZONE,13,79,63
India,Andhra_Pradesh,Vijayawada,"Rajiv Gandhi Park, Vijayawada - APPCB",18-11-2025 17:00,16.509717,80.612222,CO,32,36,34
India,Andhra_Pradesh,Vijayawada,"Rajiv Gandhi Park, Vijayawada - APPCB",18-11-2025 17:00,16.509717,80.612222,OZONE,14,58,43
India,Andhra_Pradesh,Chittoor,"Gangineni Cheruvu, Chittoor - APPCB",18-11-2025 17:00,13.20488,79.097889,PM2.5,14,307,110
India,Andhra_Pradesh,Amaravati,"Secretariat, Amaravati - APPCB",18-11-2025 17:00,16.5150833,80.5181667,PM2.5,49,166,93
India,Andhra_Pradesh,Tirupati,"Vaikuntapuram, Tirupati - APPCB",18-11-2025 17:00,13.615387,79.40923,PM2.5,46,229,90
India,Andhra_Pradesh,Chittoor,"Gangineni Cheruvu, Chittoor - APPCB",18-11-2025 17:00,13.20488,79.097889,NH3,5,7,6
India,Andhra_Pradesh,Vijayawada,"HB Colony, Vijayawada - APPCB",18-11-2025 17:00,16.536107,80.594233,CO,33,36,35
India,Andhra_Pradesh,Vijayawada,"HB Colony, Vijayawada - APPCB",18-11-2025 17:00,16.536107,80.594233,NO2,15,22,17
India,Andhra_Pradesh,Tirupati,"Vaikuntapuram, Tirupati - APPCB",18-11-2025 17:00,13.615387,79.40923,OZONE,16,17,17
India,Andhra_Pradesh,Vijayawada,"HB Colony, Vijayawada - APPCB",18-11-2025 17:00,16.536107,80.594233,SO2,8,11,10
India,Andhra_Pradesh,Tirumala,"Toll Gate, Tirumala - APPCB",18-11-2025 17:00,13.67,79.35,PM2.5,26,148,88
India,Assam,Nagaon,"Christianpatty, Nagaon - PCBA",18-11-2025 17:00,26.349082,92.68449,NH3,3,4,4
India,Assam,Nagaon,"Christianpatty, Nagaon - PCBA",18-11-2025 17:00,26.349082,92.68449,OZONE,6,9,7
India,Assam,Nalbari,"Bata Chowk, Nalbari - PCBA",18-11-2025 17:00,26.446912,91.439057,PM10,31,105,50
India,Assam,Nalbari,"Bata Chowk, Nalbari - PCBA",18-11-2025 17:00,26.446912,91.439057,OZONE,20,22,22
India,Assam,Silchar,"Tarapur, Silchar - PCBA",18-11-2025 17:00,24.82827,92.79525,PM2.5,36,54,42
India,Assam,Silchar,"Tarapur, Silchar - PCBA",18-11-2025 17:00,24.82827,92.79525,PM10,50,88,60
India,Bihar,Arrah,"New DM Office, Arrah - BSPCB",18-11-2025 17:00,25.5626095,84.663264,NH3,1,1,1
India,Bihar,Arrah,"New DM Office, Arrah - BSPCB",18-11-2025 17:00,25.5626095,84.663264,SO2,8,10,10
India,Bihar,Aurangabad,"Gurdeo Nagar, Aurangabad - BSPCB",18-11-2025 17:00,24.75746,84.366208,NO2,7,8,8
India,Bihar,Aurangabad,"Gurdeo Nagar, Aurangabad - BSPCB",18-11-2025 17:00,24.75746,84.366208,CO,101,104,102
India,Bihar,Aurangabad,"Gurdeo Nagar, Aurangabad - BSPCB",18-11-2025 17:00,24.75746,84.366208,OZONE,6,71,37
India,Assam,Silchar,"Tarapur, Silchar - PCBA",18-11-2025 17:00,24.82827,92.79525,OZONE,6,12,8
India,Assam,Sivasagar,"Girls College, Sivasagar - PCBA",18-11-2025 17:00,26.987634,94.636574,NO2,21,36,27
India,Bihar,Araria,"Kharahiya Basti, Araria - BSPCB",18-11-2025 17:00,26.146529,87.454184,PM10,15,171,68
India,Assam,Guwahati,"Pan Bazaar, Guwahati - PCBA",18-11-2025 17:00,26.1875,91.744194,PM10,20,109,44
India,Assam,Guwahati,"Railway Colony, Guwahati - PCBA",18-11-2025 17:00,26.181742,91.78063,SO2,31,33,32
India,Assam,Guwahati,"Railway Colony, Guwahati - PCBA",18-11-2025 17:00,26.181742,91.78063,CO,22,71,30
India,Andhra_Pradesh,Visakhapatnam,"GVM Corporation, Visakhapatnam - APPCB",18-11-2025 17:00,17.72,83.3,PM10,109,145,125
India,Andhra_Pradesh,Visakhapatnam,"GVM Corporation, Visakhapatnam - APPCB",18-11-2025 17:00,17.72,83.3,NH3,3,4,3
India,Andhra_Pradesh,Visakhapatnam,"GVM Corporation, Visakhapatnam - APPCB",18-11-2025 17:00,17.72,83.3,SO2,21,31,24
India,Assam,Guwahati,"LGBI Airport, Guwahati - PCBA",18-11-2025 17:00,26.10887,91.589544,PM10,40,90,71
India,Assam,Guwahati,"LGBI Airport, Guwahati - PCBA",18-11-2025 17:00,26.10887,91.589544,SO2,4,19,11
India,Andhra_Pradesh,Vijayawada,"Rajiv Nagar, Vijayawada - APPCB",18-11-2025 17:00,16.554731,80.64911,SO2,15,32,20
India,Arunachal_Pradesh,Naharlagun,"Naharlagun, Naharlagun - APSPCB",18-11-2025 17:00,27.103358,93.679645,CO,6,54,9
India,Bihar,Begusarai,"Lohiyanagar, Begusarai - BSPCB",18-11-2025 17:00,25.42742023,86.13886079,OZONE,26,106,71
India,Bihar,Manguraha,"Forest Rest House, Manguraha - BSPCB",18-11-2025 17:00,27.308328,84.531742,NH3,1,2,1
India,Bihar,Manguraha,"Forest Rest House, Manguraha - BSPCB",18-11-2025 17:00,27.308328,84.531742,CO,32,32,32
India,Bihar,Motihari,"Gandak Colony, Motihari - BSPCB",18-11-2025 17:00,26.63086,84.90051,PM2.5,33,153,87
India,Bihar,Motihari,"Gandak Colony, Motihari - BSPCB",18-11-2025 17:00,26.63086,84.90051,NO2,5,8,6
India,Bihar,Motihari,"Gandak Colony, Motihari - BSPCB",18-11-2025 17:00,26.63086,84.90051,OZONE,2,8,6
India,Bihar,Munger,"Town Hall, Munger - BSPCB",18-11-2025 17:00,25.376776,86.471523,PM10,31,167,109
India,Bihar,Munger,"Town Hall, Munger - BSPCB",18-11-2025 17:00,25.376776,86.471523,NO2,4,5,5
India,Bihar,Munger,"Town Hall, Munger - BSPCB",18-11-2025 17:00,25.376776,86.471523,NH3,5,7,6
India,Bihar,Gaya,"Kareemganj, Gaya - BSPCB",18-11-2025 17:00,24.792403,84.992416,OZONE,2,38,25
India,Bihar,Gaya,"SFTI Kusdihra, Gaya - BSPCB",18-11-2025 17:00,24.762518,84.982348,NH3,3,4,4
India,Bihar,Hajipur,"Industrial Area, Hajipur - BSPCB",18-11-2025 17:00,25.697189,85.2459,PM10,68,101,81
India,Bihar,Hajipur,"Industrial Area, Hajipur - BSPCB",18-11-2025 17:00,25.697189,85.2459,OZONE,12,145,118
India,Bihar,Katihar,"Mirchaibari, Katihar - BSPCB",18-11-2025 17:00,25.560083,87.553265,PM2.5,10,130,64
India,Bihar,Katihar,"Mirchaibari, Katihar - BSPCB",18-11-2025 17:00,25.560083,87.553265,NH3,1,1,1
India,Bihar,Muzaffarpur,"MIT-Daudpur Kothi, Muzaffarpur - BSPCB",18-11-2025 17:00,26.1403345,85.3650192,CO,51,70,62
India,Bihar,Muzaffarpur,"Muzaffarpur Collectorate, Muzaffarpur - BSPCB",18-11-2025 17:00,26.1209,85.3647,OZONE,8,49,11
India,Bihar,Bhagalpur,"DM Office_Kachari Chowk, Bhagalpur - BSPCB",18-11-2025 17:00,25.251013,86.989001,PM2.5,NA,NA,NA
India,Bihar,Bhagalpur,"DM Office_Kachari Chowk, Bhagalpur - BSPCB",18-11-2025 17:00,25.251013,86.989001,SO2,NA,NA,NA
India,Bihar,Bhagalpur,"DM Office_Kachari Chowk, Bhagalpur - BSPCB",18-11-2025 17:00,25.251013,86.989001,CO,6,18,14
India,Bihar,Muzaffarpur,"MIT-Daudpur Kothi, Muzaffarpur - BSPCB",18-11-2025 17:00,26.1403345,85.3650192,PM2.5,77,110,91
India,Bihar,Bhagalpur,"Mayaganj, Bhagalpur - BSPCB",18-11-2025 17:00,25.265194,87.012947,SO2,7,61,43
India,Bihar,Gaya,"Collectorate, Gaya - BSPCB",18-11-2025 17:00,24.7955,84.9994,SO2,NA,NA,NA
India,Bihar,Siwan,"Chitragupta Nagar, Siwan - BSPCB",18-11-2025 17:00,26.2271665,84.3570427,SO2,3,8,7
India,Chandigarh,Chandigarh,"Sector 22, Chandigarh - CPCC",18-11-2025 17:00,30.735567,76.775714,PM10,36,256,89
India,Chandigarh,Chandigarh,"Sector 22, Chandigarh - CPCC",18-11-2025 17:00,30.735567,76.775714,OZONE,5,61,46
India,Chandigarh,Chandigarh,"Sector-25, Chandigarh - CPCC",18-11-2025 17:00,30.751462,76.762879,PM10,33,139,92
India,Chandigarh,Chandigarh,"Sector-25, Chandigarh - CPCC",18-11-2025 17:00,30.751462,76.762879,CO,14,66,21
India,Chandigarh,Chandigarh,"Sector-53, Chandigarh - CPCC",18-11-2025 17:00,30.719859,76.738637,PM2.5,38,220,93
India,Chandigarh,Chandigarh,"Sector-53, Chandigarh - CPCC",18-11-2025 17:00,30.719859,76.738637,OZONE,2,86,61
India,Chhattisgarh,Bhilai,"Civic Center, Bhilai - Bhilai Steel Plant",18-11-2025 17:00,21.185571,81.343175,SO2,7,11,8
India,Chhattisgarh,Bhilai,"Civic Center, Bhilai - Bhilai Steel Plant",18-11-2025 17:00,21.185571,81.343175,CO,30,31,30
India,Chhattisgarh,Bhilai,"Hathkhoj, Bhilai - CECB",18-11-2025 17:00,21.224231,81.40835,PM2.5,NA,NA,NA
India,Chhattisgarh,Bhilai,"Hathkhoj, Bhilai - CECB",18-11-2025 17:00,21.224231,81.40835,NO2,31,59,46
India,Chhattisgarh,Bhilai,"Hathkhoj, Bhilai - CECB",18-11-2025 17:00,21.224231,81.40835,SO2,27,115,52
India,Chhattisgarh,Bhilai,"Hathkhoj, Bhilai - CECB",18-11-2025 17:00,21.224231,81.40835,OZONE,13,74,43
India,Chhattisgarh,Bilaspur,"Mangala, Bilaspur - NTPC",18-11-2025 17:00,22.08815,82.13737,CO,32,56,43
India,Chhattisgarh,Chhal,"Nawapara SECL Colony, Chhal - CECB",18-11-2025 17:00,22.118125,83.140608,PM10,46,232,88
India,Bihar,Patna,"Rajbansi Nagar, Patna - BSPCB",18-11-2025 17:00,25.599486,85.113666,SO2,6,9,8
India,Bihar,Patna,"Samanpura, Patna - BSPCB",18-11-2025 17:00,25.596727,85.085624,PM2.5,34,352,169
India,Bihar,Purnia,"Mariam Nagar, Purnia - BSPCB",18-11-2025 17:00,25.366336,87.117468,PM10,8,79,44
India,Bihar,Samastipur,"DM Office_Kasipur, Samastipur - BSPCB",18-11-2025 17:00,25.859655,85.77944,OZONE,8,8,8
India,Bihar,Sasaram,"Dada Peer, Sasaram - BSPCB",18-11-2025 17:00,24.952822,84.002396,PM2.5,32,150,59
India,Bihar,Sasaram,"Dada Peer, Sasaram - BSPCB",18-11-2025 17:00,24.952822,84.002396,PM10,66,403,150
India,Bihar,Rajgir,"Dangi Tola, Rajgir - BSPCB",18-11-2025 17:00,25.0328,85.41948,OZONE,31,34,32
India,Bihar,Saharsa,"Police Line, Saharsa - BSPCB",18-11-2025 17:00,25.892357,86.590325,PM2.5,10,152,85
India,Bihar,Saharsa,"Police Line, Saharsa - BSPCB",18-11-2025 17:00,25.892357,86.590325,PM10,9,107,69
India,Bihar,Patna,"Govt. High School Shikarpur, Patna - BSPCB",18-11-2025 17:00,25.592539,85.227158,PM2.5,71,166,136
India,Bihar,Patna,"Govt. High School Shikarpur, Patna - BSPCB",18-11-2025 17:00,25.592539,85.227158,NO2,10,33,20
India,Bihar,Patna,"Govt. High School Shikarpur, Patna - BSPCB",18-11-2025 17:00,25.592539,85.227158,OZONE,8,14,11
India,Bihar,Patna,"IGSC Planetarium Complex, Patna - BSPCB",18-11-2025 17:00,25.610369,85.132568,OZONE,28,30,29
India,Bihar,Patna,"Muradpur, Patna - BSPCB",18-11-2025 17:00,25.619651,85.147382,PM10,72,227,122
India,Bihar,Rajgir,"Dangi Tola, Rajgir - BSPCB",18-11-2025 17:00,25.0328,85.41948,PM10,45,137,86
India,Delhi,Delhi,"Aya Nagar, Delhi - IMD",18-11-2025 17:00,28.4706914,77.1099364,PM2.5,224,401,327
India,Delhi,Delhi,"Bawana, Delhi - DPCC",18-11-2025 17:00,28.7762,77.051074,SO2,4,27,14
India,Delhi,Delhi,"Burari Crossing, Delhi - IMD",18-11-2025 17:00,28.7256504,77.2011573,CO,41,152,72
India,Delhi,Delhi,"CRRI Mathura Road, Delhi - IMD",18-11-2025 17:00,28.5512005,77.2735737,PM10,236,462,377
India,Delhi,Delhi,"Jahangirpuri, Delhi - DPCC",18-11-2025 17:00,28.73282,77.170633,NH3,NA,NA,NA
India,Delhi,Delhi,"Jahangirpuri, Delhi - DPCC",18-11-2025 17:00,28.73282,77.170633,SO2,21,81,52
India,Delhi,Delhi,"Jahangirpuri, Delhi - DPCC",18-11-2025 17:00,28.73282,77.170633,OZONE,7,186,102
India,Delhi,Delhi,"Jawaharlal Nehru Stadium, Delhi - DPCC",18-11-2025 17:00,28.58028,77.233829,PM10,200,447,352
India,Delhi,Delhi,"Lodhi Road, Delhi - IITM",18-11-2025 17:00,28.588333,77.221667,PM2.5,NA,NA,NA
India,Delhi,Delhi,"Anand Vihar, Delhi - DPCC",18-11-2025 17:00,28.647622,77.315809,CO,39,190,76
India,Delhi,Delhi,"Anand Vihar, Delhi - DPCC",18-11-2025 17:00,28.647622,77.315809,OZONE,5,7,6
India,Delhi,Delhi,"Ashok Vihar, Delhi - DPCC",18-11-2025 17:00,28.695381,77.181665,PM2.5,287,500,413
India,Delhi,Delhi,"Ashok Vihar, Delhi - DPCC",18-11-2025 17:00,28.695381,77.181665,SO2,5,30,18
India,Delhi,Delhi,"Ashok Vihar, Delhi - DPCC",18-11-2025 17:00,28.695381,77.181665,CO,1,178,46
India,Delhi,Delhi,"Ashok Vihar, Delhi - DPCC",18-11-2025 17:00,28.695381,77.181665,OZONE,2,153,90
India,Delhi,Delhi,"IGI Airport (T3), Delhi - IMD",18-11-2025 17:00,28.5627763,77.1180053,PM10,170,447,344
India,Delhi,Delhi,"IHBAS, Dilshad Garden, Delhi - CPCB",18-11-2025 17:00,28.6811736,77.3025234,CO,30,94,70
India,Delhi,Delhi,"ITO, Delhi - CPCB",18-11-2025 17:00,28.628624,77.24106,NH3,3,7,5
India,Delhi,Delhi,"Mandir Marg, Delhi - DPCC",18-11-2025 17:00,28.636429,77.201067,SO2,53,102,85
India,Delhi,Delhi,"Mundka, Delhi - DPCC",18-11-2025 17:00,28.684678,77.076574,OZONE,2,37,3
India,Delhi,Delhi,"NSIT Dwarka, Delhi - CPCB",18-11-2025 17:00,28.60909,77.0325413,SO2,3,98,46
India,Chhattisgarh,Milupara,"Govt. Higher Secondary School, Milupara - CECB",18-11-2025 17:00,22.1910172,83.5197009,NO2,23,63,35
India,Chhattisgarh,Raipur,"AIIMS, Raipur - CECB",18-11-2025 17:00,21.258815,81.578979,NH3,4,5,4
India,Chhattisgarh,Korba,"Urja Nagar, Korba - CECB",18-11-2025 17:00,22.348441,82.549611,NO2,37,65,48
India,Chhattisgarh,Korba,"Urja Nagar, Korba - CECB",18-11-2025 17:00,22.348441,82.549611,SO2,3,23,13
India,Chhattisgarh,Korba,"Urja Nagar, Korba - CECB",18-11-2025 17:00,22.348441,82.549611,CO,22,48,24
India,Chhattisgarh,Raipur,"Siltara Phase-II, Raipur - CECB",18-11-2025 17:00,21.371751,81.664929,PM2.5,52,272,153
India,Chhattisgarh,Raipur,"Siltara Phase-II, Raipur - CECB",18-11-2025 17:00,21.371751,81.664929,OZONE,3,3,3
India,Delhi,Delhi,"Dr. Karni Singh Shooting Range, Delhi - DPCC",18-11-2025 17:00,28.498571,77.26484,CO,45,103,71
India,Delhi,Delhi,"Sonia Vihar, Delhi - DPCC",18-11-2025 17:00,28.710508,77.249485,NH3,6,10,8
India,Delhi,Delhi,"Sonia Vihar, Delhi - DPCC",18-11-2025 17:00,28.710508,77.249485,OZONE,1,47,23
India,Delhi,Delhi,"Sri Aurobindo Marg, Delhi - DPCC",18-11-2025 17:00,28.531346,77.190156,NO2,13,61,32
India,Delhi,Delhi,"Sri Aurobindo Marg, Delhi - DPCC",18-11-2025 17:00,28.531346,77.190156,CO,36,127,51
India,Delhi,Delhi,"Vivek Vihar, Delhi - DPCC",18-11-2025 17:00,28.672342,77.31526,NH3,11,14,12
India,Delhi,Delhi,"Vivek Vihar, Delhi - DPCC",18-11-2025 17:00,28.672342,77.31526,CO,8,156,56
India,Delhi,Delhi,"Vivek Vihar, Delhi - DPCC",18-11-2025 17:00,28.672342,77.31526,OZONE,3,92,29
India,Delhi,Delhi,"Wazirpur, Delhi - DPCC",18-11-2025 17:00,28.699793,77.165453,NO2,68,159,111
India,Delhi,Delhi,"North Campus, DU, Delhi - IMD",18-11-2025 17:00,28.6573814,77.1585447,PM2.5,205,500,382
India,Delhi,Delhi,"North Campus, DU, Delhi - IMD",18-11-2025 17:00,28.6573814,77.1585447,PM10,189,497,342
India,Delhi,Delhi,"Okhla Phase-2, Delhi - DPCC",18-11-2025 17:00,28.530785,77.271255,PM2.5,260,427,373
India,Delhi,Delhi,"Okhla Phase-2, Delhi - DPCC",18-11-2025 17:00,28.530785,77.271255,SO2,19,31,24
India,Delhi,Delhi,"Patparganj, Delhi - DPCC",18-11-2025 17:00,28.623763,77.287209,PM10,186,470,365
India,Delhi,Delhi,"Patparganj, Delhi - DPCC",18-11-2025 17:00,28.623763,77.287209,CO,12,193,17
India,Delhi,Delhi,"Punjabi Bagh, Delhi - DPCC",18-11-2025 17:00,28.674045,77.131023,PM2.5,237,492,405
India,Delhi,Delhi,"Punjabi Bagh, Delhi - DPCC",18-11-2025 17:00,28.674045,77.131023,CO,36,154,47
India,Delhi,Delhi,"Pusa, Delhi - DPCC",18-11-2025 17:00,28.639652,77.146275,NO2,47,214,128
India,Delhi,Delhi,"Pusa, Delhi - DPCC",18-11-2025 17:00,28.639652,77.146275,CO,78,106,96
India,Delhi,Delhi,"Pusa, Delhi - IMD",18-11-2025 17:00,28.63611,77.173332,PM2.5,182,441,330
India,Delhi,Delhi,"R K Puram, Delhi - DPCC",18-11-2025 17:00,28.563262,77.186937,PM2.5,303,473,391
India,Delhi,Delhi,"R K Puram, Delhi - DPCC",18-11-2025 17:00,28.563262,77.186937,SO2,NA,NA,NA
India,Delhi,Delhi,"Wazirpur, Delhi - DPCC",18-11-2025 17:00,28.699793,77.165453,SO2,3,23,14
India,Gujarat,Ahmedabad,"Gyaspur, Ahmedabad - IITM",18-11-2025 17:00,22.977134,72.553024,PM2.5,82,158,93
India,Gujarat,Ahmedabad,"Gyaspur, Ahmedabad - IITM",18-11-2025 17:00,22.977134,72.553024,NH3,4,11,9
India,Gujarat,Ahmedabad,"Gyaspur, Ahmedabad - IITM",18-11-2025 17:00,22.977134,72.553024,CO,30,62,41
India,Gujarat,Ahmedabad,"Maninagar, Ahmedabad - GPCB",18-11-2025 17:00,23.002657,72.591912,PM2.5,34,238,90
India,Gujarat,Gandhinagar,"GIFT City, Gandhinagar - IITM",18-11-2025 17:00,23.163798,72.677768,NO2,12,86,38
India,Gujarat,Gandhinagar,"Sector-10, Gandhinagar - GPCB",18-11-2025 17:00,23.221714,72.654328,SO2,6,14,11
India,Gujarat,Gandhinagar,"Sector-10, Gandhinagar - GPCB",18-11-2025 17:00,23.221714,72.654328,CO,24,43,30
India,Gujarat,Surat,"Science Center, Surat - SMC",18-11-2025 17:00,21.170046,72.795405,PM2.5,58,163,100
India,Delhi,Delhi,"Rohini, Delhi - DPCC",18-11-2025 17:00,28.732528,77.11992,OZONE,6,280,199
India,Delhi,Delhi,"Sirifort, Delhi - CPCB",18-11-2025 17:00,28.5504249,77.2159377,SO2,21,45,30
India,Delhi,Delhi,"Sonia Vihar, Delhi - DPCC",18-11-2025 17:00,28.710508,77.249485,PM10,171,485,343
India,Gujarat,Ahmedabad,"Raikhad, Ahmedabad - IITM",18-11-2025 17:00,23.020509,72.579261,PM2.5,123,302,205
India,Gujarat,Ahmedabad,"Rakhial, Ahmedabad - IITM",18-11-2025 17:00,23.016834,72.625775,NO2,10,149,34
India,Gujarat,Ahmedabad,"SAC ISRO Bopal, Ahmedabad - IITM",18-11-2025 17:00,23.041137,72.456691,SO2,2,24,6
India,Gujarat,Ahmedabad,"SVPI Airport Hansol, Ahmedabad - IITM",18-11-2025 17:00,23.076793,72.627874,OZONE,2,71,56
India,Delhi,Delhi,"Najafgarh, Delhi - DPCC",18-11-2025 17:00,28.570173,76.933762,CO,44,98,68
India,Haryana,Faridabad,"Sector 30, Faridabad - HSPCB",18-11-2025 17:00,28.4417,77.3217,PM2.5,206,229,214
India,Haryana,Faridabad,"Sector 30, Faridabad - HSPCB",18-11-2025 17:00,28.4417,77.3217,SO2,6,6,6
India,Haryana,Fatehabad,"Huda Sector, Fatehabad - HSPCB",18-11-2025 17:00,29.503664,75.467934,SO2,3,39,20
India,Haryana,Fatehabad,"Huda Sector, Fatehabad - HSPCB",18-11-2025 17:00,29.503664,75.467934,CO,25,78,27
India,Haryana,Fatehabad,"Huda Sector, Fatehabad - HSPCB",18-11-2025 17:00,29.503664,75.467934,OZONE,10,33,28
India,Haryana,Gurugram,"NISE Gwal Pahari, Gurugram - IMD",18-11-2025 17:00,28.422681,77.148944,PM10,157,453,245
India,Haryana,Gurugram,"Sector-51, Gurugram - HSPCB",18-11-2025 17:00,28.4227,77.0667,PM10,101,500,254
India,Haryana,Gurugram,"Sector-51, Gurugram - HSPCB",18-11-2025 17:00,28.4227,77.0667,NO2,4,10,6
India,Haryana,Gurugram,"Sector-51, Gurugram - HSPCB",18-11-2025 17:00,28.4227,77.0667,NH3,6,10,8
India,Haryana,Charkhi Dadri,"Mini Secretariat, Charkhi Dadri - HSPCB",18-11-2025 17:00,28.593883,76.270653,PM10,125,435,215
India,Haryana,Charkhi Dadri,"Mini Secretariat, Charkhi Dadri - HSPCB",18-11-2025 17:00,28.593883,76.270653,SO2,10,12,11
India,Haryana,Charkhi Dadri,"Mini Secretariat, Charkhi Dadri - HSPCB",18-11-2025 17:00,28.593883,76.270653,CO,10,25,14
India,Haryana,Dharuhera,"Municipal Corporation Office, Dharuhera -  HSPCB",18-11-2025 17:00,28.2068,76.7997,NO2,12,39,29
India,Haryana,Dharuhera,"Municipal Corporation Office, Dharuhera -  HSPCB",18-11-2025 17:00,28.2068,76.7997,SO2,1,22,12
India,Haryana,Dharuhera,"Municipal Corporation Office, Dharuhera -  HSPCB",18-11-2025 17:00,28.2068,76.7997,CO,62,86,69
India,Haryana,Dharuhera,"Municipal Corporation Office, Dharuhera -  HSPCB",18-11-2025 17:00,28.2068,76.7997,OZONE,6,48,32
India,Haryana,Faridabad,"Sector 11, Faridabad - HSPCB",18-11-2025 17:00,28.376058,77.315741,SO2,7,112,52
India,Haryana,Kurukshetra,"Sector-7, Kurukshetra - HSPCB",18-11-2025 17:00,29.966942,76.875879,CO,11,117,21
India,Haryana,Mandikhera,"General Hospital, Mandikhera - HSPCB",18-11-2025 17:00,27.9002,76.9938,CO,20,82,67
India,Haryana,Mandikhera,"General Hospital, Mandikhera - HSPCB",18-11-2025 17:00,27.9002,76.9938,OZONE,23,33,27
India,Haryana,Manesar,"Sector-2 IMT, Manesar - HSPCB",18-11-2025 17:00,28.360699,76.93609,PM10,92,447,243
India,Haryana,Manesar,"Sector-2 IMT, Manesar - HSPCB",18-11-2025 17:00,28.360699,76.93609,NO2,64,76,70
India,Haryana,Narnaul,"Shastri Nagar, Narnaul - HSPCB",18-11-2025 17:00,28.060249,76.113115,NH3,3,9,5
India,Haryana,Narnaul,"Shastri Nagar, Narnaul - HSPCB",18-11-2025 17:00,28.060249,76.113115,SO2,11,12,12
India,Haryana,Jind,"Police Lines, Jind - HSPCB",18-11-2025 17:00,29.307814,76.337619,NH3,NA,NA,NA
India,Haryana,Jind,"Police Lines, Jind - HSPCB",18-11-2025 17:00,29.307814,76.337619,CO,21,147,74
India,Haryana,Kaithal,"Rishi Nagar, Kaithal - HSPCB",18-11-2025 17:00,29.8006,76.4155,PM10,109,175,142
India,Haryana,Kaithal,"Rishi Nagar, Kaithal - HSPCB",18-11-2025 17:00,29.8006,76.4155,NH3,5,6,6
India,Haryana,Karnal,"Sector-12, Karnal - HSPCB",18-11-2025 17:00,29.6953,77.0027,PM2.5,74,312,240
India,Haryana,Karnal,"Sector-12, Karnal - HSPCB",18-11-2025 17:00,29.6953,77.0027,NO2,9,11,10
India,Haryana,Kurukshetra,"Sector-7, Kurukshetra - HSPCB",18-11-2025 17:00,29.966942,76.875879,PM10,80,205,143
India,Haryana,Gurugram,"Sector-51, Gurugram - HSPCB",18-11-2025 17:00,28.4227,77.0667,CO,23,46,26
India,Haryana,Gurugram,"Teri Gram, Gurugram - HSPCB",18-11-2025 17:00,28.4275,77.1465,PM2.5,99,298,203
India,Haryana,Gurugram,"Teri Gram, Gurugram - HSPCB",18-11-2025 17:00,28.4275,77.1465,NO2,1,62,16
India,Haryana,Hisar,"Urban Estate-II, Hisar - HSPCB",18-11-2025 17:00,29.14056,75.744941,NO2,11,12,11
India,Haryana,Hisar,"Urban Estate-II, Hisar - HSPCB",18-11-2025 17:00,29.14056,75.744941,NH3,4,5,5
India,Haryana,Hisar,"Urban Estate-II, Hisar - HSPCB",18-11-2025 17:00,29.14056,75.744941,CO,55,132,56
India,Haryana,Hisar,"Urban Estate-II, Hisar - HSPCB",18-11-2025 17:00,29.14056,75.744941,OZONE,45,132,101
India,Haryana,Bahadurgarh,"Arya Nagar, Bahadurgarh - HSPCB",18-11-2025 17:00,28.6701,76.9254,CO,42,50,47
India,Haryana,Ballabgarh,"Nathu Colony, Ballabgarh - HSPCB",18-11-2025 17:00,28.3419248,77.319699,OZONE,2,2,2
India,Haryana,Bhiwani,"H.B. Colony, Bhiwani - HSPCB",18-11-2025 17:00,28.806223,76.141105,PM2.5,88,189,122
India,Haryana,Bhiwani,"H.B. Colony, Bhiwani - HSPCB",18-11-2025 17:00,28.806223,76.141105,PM10,75,116,93
India,Haryana,Bhiwani,"H.B. Colony, Bhiwani - HSPCB",18-11-2025 17:00,28.806223,76.141105,NO2,1,34,31
India,Haryana,Bhiwani,"H.B. Colony, Bhiwani - HSPCB",18-11-2025 17:00,28.806223,76.141105,NH3,1,8,8
India,Haryana,Sirsa,"F-Block, Sirsa - HSPCB",18-11-2025 17:00,29.5364,75.0158,PM10,44,151,96
India,Haryana,Sirsa,"F-Block, Sirsa - HSPCB",18-11-2025 17:00,29.5364,75.0158,NH3,11,15,13
India,Haryana,Sirsa,"F-Block, Sirsa - HSPCB",18-11-2025 17:00,29.5364,75.0158,SO2,8,14,11
India,Haryana,Sonipat,"Murthal, Sonipat - HSPCB",18-11-2025 17:00,29.0272,77.0621,NO2,20,53,44
India,Gujarat,Vapi,"Phase-1 GIDC, Vapi - GPCB",18-11-2025 17:00,20.362421,72.918013,NH3,NA,NA,NA
India,Gujarat,Vatva,"Phase-4 GIDC, Vatva - GPCB",18-11-2025 17:00,22.969611,72.6435,PM2.5,59,264,112
India,Haryana,Panchkula,"Sector-6, Panchkula - HSPCB ",18-11-2025 17:00,30.7057778,76.85318056,PM2.5,41,301,122
India,Haryana,Panchkula,"Sector-6, Panchkula - HSPCB ",18-11-2025 17:00,30.7057778,76.85318056,CO,19,22,21
India,Karnataka,Kalaburagi,"Lal Bahadur Shastri Nagar, Kalaburagi - KSPCB",18-11-2025 17:00,17.321993,76.822628,PM2.5,42,71,59
India,Karnataka,Kalaburagi,"Lal Bahadur Shastri Nagar, Kalaburagi - KSPCB",18-11-2025 17:00,17.321993,76.822628,NH3,1,1,1
India,Karnataka,Kalaburagi,"Lal Bahadur Shastri Nagar, Kalaburagi - KSPCB",18-11-2025 17:00,17.321993,76.822628,CO,30,38,37
India,Karnataka,Kalaburagi,"Lal Bahadur Shastri Nagar, Kalaburagi - KSPCB",18-11-2025 17:00,17.321993,76.822628,OZONE,20,20,20
India,Karnataka,Kalaburagi,"Mahatma Basaveswar Colony, Kalaburgi - KSPCB",18-11-2025 17:00,17.336318,76.847397,PM10,22,60,38
India,Karnataka,Kalaburagi,"Mahatma Basaveswar Colony, Kalaburgi - KSPCB",18-11-2025 17:00,17.336318,76.847397,OZONE,13,44,27
India,Karnataka,Koppal,"Diwator Nagar, Koppal - KSPCB",18-11-2025 17:00,15.34763,76.181767,NO2,34,40,37
India,Karnataka,Koppal,"Diwator Nagar, Koppal - KSPCB",18-11-2025 17:00,15.34763,76.181767,SO2,11,41,31
India,Karnataka,Davanagere,"Devaraj Urs Badavane, Davanagere - KSPCB",18-11-2025 17:00,14.4758,75.9052,PM10,NA,NA,NA
India,Karnataka,Dharwad,"Kalabhavan, Dharwad - KSPCB",18-11-2025 17:00,15.459706,75.008381,PM2.5,48,64,60
India,Karnataka,Dharwad,"Kalabhavan, Dharwad - KSPCB",18-11-2025 17:00,15.459706,75.008381,SO2,1,7,4
India,Karnataka,Gadag,"Panchal Nagar, Gadag - KSPCB",18-11-2025 17:00,15.411456,75.638133,NO2,1,37,7
India,Karnataka,Gadag,"Panchal Nagar, Gadag - KSPCB",18-11-2025 17:00,15.411456,75.638133,SO2,11,41,28
India,Karnataka,Hubballi,"Lingaraj Nagar, Hubballi - KSPCB",18-11-2025 17:00,15.3714823,75.1160168,PM2.5,44,67,46
India,Karnataka,Hubballi,"Lingaraj Nagar, Hubballi - KSPCB",18-11-2025 17:00,15.3714823,75.1160168,SO2,2,4,2
India,Jharkhand,Dhanbad,"Sardar Patel Nagar, Dhanbad - JSPCB",18-11-2025 17:00,23.80569,86.44268,PM10,23,168,100
India,Jharkhand,Dhanbad,"Sardar Patel Nagar, Dhanbad - JSPCB",18-11-2025 17:00,23.80569,86.44268,NO2,97,239,126
India,Jharkhand,Dhanbad,"Sardar Patel Nagar, Dhanbad - JSPCB",18-11-2025 17:00,23.80569,86.44268,SO2,16,112,58
India,Karnataka,Bagalkot,"Vidayagiri, Bagalkot - KSPCB",18-11-2025 17:00,16.172806,75.659694,SO2,7,7,7
India,Karnataka,Belgaum,"Ramteerth Nagar, Belgaum - KSPCB",18-11-2025 17:00,15.888653,74.541751,PM2.5,37,143,77
India,Karnataka,Belgaum,"Ramteerth Nagar, Belgaum - KSPCB",18-11-2025 17:00,15.888653,74.541751,PM10,48,139,95
India,Karnataka,Bengaluru,"Shivapura_Peenya, Bengaluru - KSPCB",18-11-2025 17:00,13.0246342,77.5080115,SO2,5,13,8
India,Karnataka,Chamarajanagar,"Urban, Chamarajanagar - KSPCB",18-11-2025 17:00,11.55358,76.55521,NO2,14,29,21
India,Karnataka,Chamarajanagar,"Urban, Chamarajanagar - KSPCB",18-11-2025 17:00,11.55358,76.55521,NH3,1,2,2
India,Karnataka,Chikkamagaluru,"Kalyana Nagara, Chikkamagaluru - KSPCB",18-11-2025 17:00,13.328028,75.797056,PM2.5,40,80,57
India,Karnataka,Chikkamagaluru,"Kalyana Nagara, Chikkamagaluru - KSPCB",18-11-2025 17:00,13.328028,75.797056,NH3,3,3,3
India,Haryana,Yamuna Nagar,"Gobind Pura, Yamuna Nagar - HSPCB",18-11-2025 17:00,30.1480566,77.2893471,PM10,NA,NA,NA
India,Himachal Pradesh,Baddi,"HIMUDA Complex Phase-1, Baddi - HPPCB",18-11-2025 17:00,30.943887,76.801991,PM2.5,45,287,106
India,Himachal Pradesh,Baddi,"HIMUDA Complex Phase-1, Baddi - HPPCB",18-11-2025 17:00,30.943887,76.801991,SO2,23,111,50
India,Jammu_and_Kashmir,Srinagar,"Rajbagh, Srinagar - JKSPCB",18-11-2025 17:00,34.066206,74.81982,CO,12,18,15
India,Karnataka,Bengaluru,"BTM Layout, Bengaluru - CPCB",18-11-2025 17:00,12.9135218,77.5950804,SO2,15,16,16
India,Karnataka,Bengaluru,"City Railway Station, Bengaluru - KSPCB",18-11-2025 17:00,12.9756843,77.5660749,PM10,99,107,104
India,Karnataka,Bengaluru,"City Railway Station, Bengaluru - KSPCB",18-11-2025 17:00,12.9756843,77.5660749,CO,85,88,87
India,Karnataka,Bengaluru,"Hebbal, Bengaluru - KSPCB",18-11-2025 17:00,13.029152,77.585901,CO,17,31,20
India,Karnataka,Bengaluru,"Jayanagar 5th Block, Bengaluru - KSPCB",18-11-2025 17:00,12.920984,77.584908,PM2.5,NA,NA,NA
India,Karnataka,Bengaluru,"Jayanagar 5th Block, Bengaluru - KSPCB",18-11-2025 17:00,12.920984,77.584908,CO,36,62,49
India,Karnataka,Bengaluru,"Jayanagar 5th Block, Bengaluru - KSPCB",18-11-2025 17:00,12.920984,77.584908,OZONE,23,43,29
India,Karnataka,Bengaluru,"Kasturi Nagar, Bengaluru - KSPCB",18-11-2025 17:00,13.003872,77.664217,OZONE,20,21,20
India,Karnataka,Bengaluru,"Peenya, Bengaluru - CPCB",18-11-2025 17:00,13.0270199,77.494094,PM10,70,115,97
India,Karnataka,Bengaluru,"Peenya, Bengaluru - CPCB",18-11-2025 17:00,13.0270199,77.494094,NO2,26,31,28
India,Karnataka,Bengaluru,"RVCE-Mailasandra, Bengaluru - KSPCB",18-11-2025 17:00,12.921418,77.502466,SO2,5,6,6
India,Karnataka,Mangalore,"Kadri, Mangalore - KSPCB",18-11-2025 17:00,12.88925,74.853,NH3,1,1,1
India,Karnataka,Mysuru,"Hebbal 1st Stage, Mysuru - KSPCB",18-11-2025 17:00,12.21041,76.37376,NH3,3,8,5
India,Kerala,Thiruvananthapuram,"Plammoodu, Thiruvananthapuram - Kerala PCB",18-11-2025 17:00,8.5149093,76.9435879,PM10,17,54,31
India,Kerala,Thiruvananthapuram,"Plammoodu, Thiruvananthapuram - Kerala PCB",18-11-2025 17:00,8.5149093,76.9435879,NO2,8,89,33
India,Kerala,Thrissur,"Corporation Ground, Thrissur - Kerala PCB",18-11-2025 17:00,10.5324,76.2159,OZONE,30,31,30
India,Madhya Pradesh,Bhopal,"Idgah Hills, Bhopal - MPPCB",18-11-2025 17:00,23.264759,77.381568,NO2,19,50,30
India,Madhya Pradesh,Bhopal,"Paryavaran Parisar, Bhopal - MPPCB",18-11-2025 17:00,23.210494,77.425409,NO2,33,124,74
India,Madhya Pradesh,Bhopal,"Paryavaran Parisar, Bhopal - MPPCB",18-11-2025 17:00,23.210494,77.425409,NH3,6,9,7
India,Madhya Pradesh,Gwalior,"City Center, Gwalior - MPPCB",18-11-2025 17:00,26.203442,78.193251,NH3,2,4,4
India,Madhya Pradesh,Gwalior,"Deen Dayal Nagar, Gwalior - MPPCB",18-11-2025 17:00,26.259242,78.216432,PM10,106,427,179
India,Madhya Pradesh,Gwalior,"Deen Dayal Nagar, Gwalior - MPPCB",18-11-2025 17:00,26.259242,78.216432,SO2,4,45,15
India,Madhya Pradesh,Gwalior,"Deen Dayal Nagar, Gwalior - MPPCB",18-11-2025 17:00,26.259242,78.216432,OZONE,6,302,293
India,Madhya Pradesh,Gwalior,"Maharaj Bada, Gwalior - MPPCB",18-11-2025 17:00,26.200388,78.147714,PM2.5,127,349,214
India,Madhya Pradesh,Indore,"Residency Area, Indore - IMC",18-11-2025 17:00,22.7084,75.8815,SO2,26,32,29
India,Madhya Pradesh,Indore,"Residency Area, Indore - IMC",18-11-2025 17:00,22.7084,75.8815,OZONE,12,41,22
India,Madhya Pradesh,Jabalpur,"Govindh Bhavan Colony, Jabalpur - JMC",18-11-2025 17:00,23.163174,79.973061,PM2.5,87,210,140
India,Madhya Pradesh,Jabalpur,"Gupteshwar, Jabalpur - JMC",18-11-2025 17:00,23.142888,79.916147,PM10,102,197,137
India,Karnataka,Vijayapura,"Ibrahimpur, Vijayapura - KSPCB",18-11-2025 17:00,16.802639,75.722694,PM10,42,43,43
India,Karnataka,Vijayapura,"Ibrahimpur, Vijayapura - KSPCB",18-11-2025 17:00,16.802639,75.722694,NO2,11,12,11
India,Karnataka,Yadgir,"Collector Office, Yadgir - KSPCB",18-11-2025 17:00,16.7602,77.1428,PM2.5,68,191,110
India,Kerala,Eloor,"Udyogamandal, Eloor - Kerala PCB",18-11-2025 17:00,10.073232,76.302765,OZONE,11,16,13
India,Madhya Pradesh,Indore,"Airport Area, Indore - IMC",18-11-2025 17:00,22.7289,75.8076,OZONE,3,48,20
India,Madhya Pradesh,Indore,"Chhoti Gwaltoli, Indore - MPPCB",18-11-2025 17:00,22.431,75.5213,NO2,110,213,148
India,Madhya Pradesh,Indore,"Chhoti Gwaltoli, Indore - MPPCB",18-11-2025 17:00,22.431,75.5213,CO,49,141,57
India,Madhya Pradesh,Indore,"Regional Park, Indore - IMC",18-11-2025 17:00,22.678,75.8559,SO2,22,26,24
India,Madhya Pradesh,Bhopal,"Paryavaran Parisar, Bhopal - MPPCB",18-11-2025 17:00,23.210494,77.425409,CO,2,105,32
India,Madhya Pradesh,Damoh,"Shrivastav Colony, Damoh - MPPCB",18-11-2025 17:00,23.81748678,79.446246,PM2.5,36,86,52
India,Madhya Pradesh,Dewas,"Bhopal Chauraha, Dewas - MPPCB",18-11-2025 17:00,22.9682591,76.064118,NH3,2,3,2
India,Karnataka,Tumakuru,"Thimmalapura, Tumakuru - KSPCB",18-11-2025 17:00,13.377516,77.099072,SO2,NA,NA,NA
India,Kerala,Kollam,"Polayathode, Kollam - Kerala PCB",18-11-2025 17:00,8.8787,76.6073,CO,14,17,16
India,Madhya Pradesh,Sagar,"Civil Lines, Sagar - MPPCB",18-11-2025 17:00,23.838586,78.759431,SO2,8,24,12
India,Madhya Pradesh,Sagar,"Deen Dayal Nagar, Sagar - MPPCB",18-11-2025 17:00,23.8640158,78.80289321,CO,51,76,58
India,Madhya Pradesh,Satna,"Bandhavgar Colony, Satna - Birla Cement",18-11-2025 17:00,24.58434363,80.8549414,PM2.5,44,48,46
India,Madhya Pradesh,Satna,"Bandhavgar Colony, Satna - Birla Cement",18-11-2025 17:00,24.58434363,80.8549414,SO2,18,20,19
India,Madhya Pradesh,Singrauli,"Suryakiran Bhawan NCL, Singrauli - MPPCB",18-11-2025 17:00,24.10897,82.64558,OZONE,1,76,42
India,Maharashtra,Ahmednagar,"Tarakpur, Ahmednagar - MPCB",18-11-2025 17:00,19.10122,74.73339,NO2,17,25,21
India,Maharashtra,Chandrapur,"Chauhan Colony, Chandrapur - MPCB",18-11-2025 17:00,19.9629,79.298714,CO,24,38,29
India,Maharashtra,Chandrapur,"MIDC Khutala, Chandrapur - MPCB",18-11-2025 17:00,19.9775302,79.2337086,OZONE,16,19,18
India,Maharashtra,Dhule,"Deopur, Dhule - MPCB",18-11-2025 17:00,20.918946,74.776388,NO2,12,113,36
India,Maharashtra,Dhule,"Deopur, Dhule - MPCB",18-11-2025 17:00,20.918946,74.776388,NH3,1,11,3
India,Maharashtra,Jalgaon,"Prabhat Colony, Jalgaon - MPCB",18-11-2025 17:00,21.001264,75.565602,PM2.5,88,272,152
India,Madhya Pradesh,Mandideep,"Sector-D Industrial Area, Mandideep - MPPCB",18-11-2025 17:00,23.10844,77.511428,OZONE,8,125,81
India,Madhya Pradesh,Pithampur,"Sector-2 Industrial Area, Pithampur - MPPCB",18-11-2025 17:00,22.624758,75.675238,PM10,120,273,182
India,Madhya Pradesh,Ratlam,"Shasthri Nagar, Ratlam - IPCA Lab",18-11-2025 17:00,23.331731,75.045981,SO2,6,18,11
India,Madhya Pradesh,Sagar,"Civil Lines, Sagar - MPPCB",18-11-2025 17:00,23.838586,78.759431,PM10,112,183,134
India,Maharashtra,Aurangabad,"MIDC Chilkalthana, Aurangabad - MPCB",18-11-2025 17:00,19.87562,75.38731,NO2,18,113,59
India,Maharashtra,Aurangabad,"More Chowk Waluj, Aurangabad - MPCB",18-11-2025 17:00,19.8389439,75.244448,SO2,13,25,18
India,Maharashtra,Aurangabad,"More Chowk Waluj, Aurangabad - MPCB",18-11-2025 17:00,19.8389439,75.244448,CO,8,142,113
India,Maharashtra,Aurangabad,"More Chowk Waluj, Aurangabad - MPCB",18-11-2025 17:00,19.8389439,75.244448,OZONE,25,29,28
India,Madhya Pradesh,Jabalpur,"Suhagi, Jabalpur - JMC",18-11-2025 17:00,23.218135,79.95777,PM10,77,172,123
India,Madhya Pradesh,Jabalpur,"Suhagi, Jabalpur - JMC",18-11-2025 17:00,23.218135,79.95777,CO,19,103,34
India,Madhya Pradesh,Katni,"Gole Bazar, Katni - MPPCB",18-11-2025 17:00,23.50016,80.23284,NO2,15,85,49
India,Maharashtra,Badlapur,"Katrap, Badlapur - MPCB",18-11-2025 17:00,19.16485,73.23409,CO,26,77,33
India,Maharashtra,Belapur,"CBD Belapur, Belapur - MPCB",18-11-2025 17:00,19.0243902,73.0406721,SO2,7,21,16
India,Maharashtra,Belapur,"CBD Belapur, Belapur - MPCB",18-11-2025 17:00,19.0243902,73.0406721,CO,6,52,26
India,Maharashtra,Bhiwandi,"Gokul Nagar, Bhiwandi - MPCB",18-11-2025 17:00,19.309073,73.057223,NH3,3,7,5
India,Maharashtra,Chandrapur,"Chauhan Colony, Chandrapur - MPCB",18-11-2025 17:00,19.9629,79.298714,PM2.5,58,118,80
India,Maharashtra,Amravati,"Shri Shivaji Science College, Amravati - MPCB",18-11-2025 17:00,20.939198,77.765701,PM2.5,72,219,122
India,Madhya Pradesh,Maihar,"Sahilara, Maihar - KJS Cements",18-11-2025 17:00,24.2613009,80.7231783,CO,24,37,26
India,Maharashtra,Jalgaon,"Prabhat Colony, Jalgaon - MPCB",18-11-2025 17:00,21.001264,75.565602,NO2,1,40,14
India,Maharashtra,Jalgaon,"Prabhat Colony, Jalgaon - MPCB",18-11-2025 17:00,21.001264,75.565602,CO,24,70,30
India,Maharashtra,Jalna,"Old MIDC, Jalna - MPCB",18-11-2025 17:00,19.854616,75.905894,NO2,41,48,44
India,Maharashtra,Jalna,"Old MIDC, Jalna - MPCB",18-11-2025 17:00,19.854616,75.905894,CO,14,51,19
India,Maharashtra,Kalyan,"Khadakpada, Kalyan - MPCB",18-11-2025 17:00,19.25292,73.142019,NO2,36,36,36
India,Maharashtra,Kalyan,"Khadakpada, Kalyan - MPCB",18-11-2025 17:00,19.25292,73.142019,NH3,1,1,1
India,Maharashtra,Mumbai,"Borivali East, Mumbai - IITM",18-11-2025 17:00,19.23241,72.86895,PM10,126,231,166
India,Maharashtra,Mumbai,"Borivali East, Mumbai - MPCB",18-11-2025 17:00,19.2243333,72.8658113,PM2.5,99,311,150
India,Maharashtra,Mumbai,"Borivali East, Mumbai - MPCB",18-11-2025 17:00,19.2243333,72.8658113,PM10,113,218,134
India,Maharashtra,Mumbai,"Borivali East, Mumbai - MPCB",18-11-2025 17:00,19.2243333,72.8658113,SO2,9,13,10
India,Maharashtra,Mumbai,"Byculla, Mumbai - BMC",18-11-2025 17:00,18.9767,72.838,PM10,55,104,66
India,Maharashtra,Kalyan,"Pimpleshwar Mandir, Kalyan - MPCB",18-11-2025 17:00,19.192056,72.9585188,NH3,1,6,3
India,Maharashtra,Kolhapur,"Shivaji University, Kolhapur - MPCB",18-11-2025 17:00,16.6870449,74.2505872,PM10,NA,NA,NA
India,Maharashtra,Kolhapur,"Shivaji University, Kolhapur - MPCB",18-11-2025 17:00,16.6870449,74.2505872,NH3,3,6,3
India,Maharashtra,Kolhapur,"Sinchan Bhavan, Kolhapur - MPCB",18-11-2025 17:00,16.7143745,74.2426398,NO2,24,101,58
India,Maharashtra,Mumbai,"Chhatrapati Shivaji Intl. Airport (T2), Mumbai - MPCB",18-11-2025 17:00,19.10078,72.87462,NO2,18,23,20
India,Maharashtra,Mumbai,"Chhatrapati Shivaji Intl. Airport (T2), Mumbai - MPCB",18-11-2025 17:00,19.10078,72.87462,OZONE,7,8,7
India,Maharashtra,Mumbai,"Colaba, Mumbai - MPCB",18-11-2025 17:00,18.91,72.82,NO2,27,30,28
India,Maharashtra,Mumbai,"Deonar, Mumbai - IITM",18-11-2025 17:00,19.04946,72.923,NO2,13,109,50
India,Maharashtra,Mumbai,"Kherwadi_Bandra East, Mumbai - MPCB",18-11-2025 17:00,19.0632143,72.8456324,CO,22,40,31
India,Maharashtra,Mumbai,"Khindipada-Bhandup West, Mumbai - IITM",18-11-2025 17:00,19.1653323,72.922099,OZONE,22,113,85
India,Maharashtra,Mumbai,"Kurla, Mumbai - MPCB",18-11-2025 17:00,19.0863,72.8888,PM2.5,73,99,84
India,Maharashtra,Mumbai,"Chakala-Andheri East, Mumbai - IITM",18-11-2025 17:00,19.11074,72.86084,OZONE,17,113,84
India,Maharashtra,Mumbai,"Chembur, Mumbai - MPCB",18-11-2025 17:00,19.0364585,72.8954371,PM2.5,50,218,138
India,Maharashtra,Latur,"Sawe Wadi, Latur - MPCB",18-11-2025 17:00,18.39963,76.57452,SO2,1,5,3
India,Maharashtra,Latur,"Sawe Wadi, Latur - MPCB",18-11-2025 17:00,18.39963,76.57452,CO,17,46,26
India,Maharashtra,Mira-Bhayandar,"Bhayandar West, Mira-Bhayandar - MPCB",18-11-2025 17:00,19.296481,72.840923,PM10,90,135,111
India,Maharashtra,Mumbai,"Kandivali West, Mumbai - BMC",18-11-2025 17:00,19.215859,72.831718,PM2.5,79,190,123
India,Maharashtra,Navi Mumbai,"Kopripada-Vashi, Navi Mumbai - MPCB",18-11-2025 17:00,19.090337,73.014232,SO2,17,49,28
India,Maharashtra,Navi Mumbai,"Mahape, Navi Mumbai - MPCB",18-11-2025 17:00,19.1135051,73.008978,NO2,34,36,35
India,Maharashtra,Navi Mumbai,"Nerul, Navi Mumbai - MPCB",18-11-2025 17:00,19.008751,73.01662,PM2.5,93,325,221
India,Maharashtra,Navi Mumbai,"Nerul, Navi Mumbai - MPCB",18-11-2025 17:00,19.008751,73.01662,PM10,114,279,181
India,Maharashtra,Navi Mumbai,"Sanpada, Navi Mumbai - MPCB",18-11-2025 17:00,19.0575752,73.0151367,PM2.5,85,286,173
India,Maharashtra,Mumbai,"Sion, Mumbai - MPCB",18-11-2025 17:00,19.047,72.8746,PM2.5,22,66,34
India,Maharashtra,Mumbai,"Vile Parle West, Mumbai - MPCB",18-11-2025 17:00,19.10861,72.83622,PM10,91,141,118
India,Maharashtra,Mumbai,"Vile Parle West, Mumbai - MPCB",18-11-2025 17:00,19.10861,72.83622,CO,24,26,26
India,Maharashtra,Mumbai,"Vile Parle West, Mumbai - MPCB",18-11-2025 17:00,19.10861,72.83622,OZONE,5,27,17
India,Maharashtra,Mumbai,"Worli, Mumbai - MPCB",18-11-2025 17:00,18.9936162,72.8128113,PM10,84,118,107
India,Maharashtra,Mumbai,"Worli, Mumbai - MPCB",18-11-2025 17:00,18.9936162,72.8128113,NH3,1,3,1
India,Maharashtra,Mumbai,"Mindspace-Malad West, Mumbai - MPCB",18-11-2025 17:00,19.1878657,72.8304069,PM2.5,91,218,129
India,Maharashtra,Mumbai,"Mindspace-Malad West, Mumbai - MPCB",18-11-2025 17:00,19.1878657,72.8304069,SO2,15,16,15
India,Maharashtra,Mumbai,"Navy Nagar-Colaba, Mumbai - IITM",18-11-2025 17:00,18.897756,72.81332,PM2.5,156,323,231
India,Maharashtra,Mumbai,"Navy Nagar-Colaba, Mumbai - IITM",18-11-2025 17:00,18.897756,72.81332,CO,11,43,21
India,Maharashtra,Mumbai,"Navy Nagar-Colaba, Mumbai - IITM",18-11-2025 17:00,18.897756,72.81332,OZONE,18,171,171
India,Maharashtra,Nashik,"MIDC Ambad, Nashik - MPCB",18-11-2025 17:00,19.95022,73.73148,SO2,21,28,23
India,Maharashtra,Nashik,"Pandav Nagari, Nashik - MPCB",18-11-2025 17:00,19.9591346,73.7788008,PM10,92,142,111
India,Maharashtra,Nashik,"Pandav Nagari, Nashik - MPCB",18-11-2025 17:00,19.9591346,73.7788008,NH3,3,7,4
India,Maharashtra,Nashik,"Pandav Nagari, Nashik - MPCB",18-11-2025 17:00,19.9591346,73.7788008,CO,21,74,26
India,Maharashtra,Nashik,"Pandav Nagari, Nashik - MPCB",18-11-2025 17:00,19.9591346,73.7788008,OZONE,23,87,71
India,Maharashtra,Navi Mumbai,"Tondare-Taloja, Navi Mumbai - MPCB",18-11-2025 17:00,19.063,73.1209,CO,30,51,42
India,Maharashtra,Parbhani,"Masoom Colony, Parbhani - MPCB",18-11-2025 17:00,19.265594,76.761463,PM10,114,167,142
India,Maharashtra,Parbhani,"Masoom Colony, Parbhani - MPCB",18-11-2025 17:00,19.265594,76.761463,NO2,26,85,44
India,Maharashtra,Parbhani,"Masoom Colony, Parbhani - MPCB",18-11-2025 17:00,19.265594,76.761463,NH3,1,3,2
India,Maharashtra,Mumbai,"Kurla, Mumbai - MPCB",18-11-2025 17:00,19.0863,72.8888,PM10,93,122,107
India,Maharashtra,Mumbai,"Malad West, Mumbai - IITM",18-11-2025 17:00,19.19709,72.82204,PM2.5,159,300,232
India,Maharashtra,Mumbai,"Malad West, Mumbai - IITM",18-11-2025 17:00,19.19709,72.82204,SO2,5,10,7
India,Maharashtra,Mumbai,"Mazgaon, Mumbai - IITM",18-11-2025 17:00,18.96702,72.84214,CO,6,102,28
India,Maharashtra,Nagpur,"Opp GPO Civil Lines, Nagpur - MPCB",18-11-2025 17:00,21.152875,79.0517531,CO,20,107,30
India,Maharashtra,Nagpur,"Ram Nagar, Nagpur - MPCB",18-11-2025 17:00,21.143383,79.048912,NH3,3,16,6
India,Maharashtra,Nashik,"Gangapur Road, Nashik - MPCB",18-11-2025 17:00,20.0073285,73.7762427,PM10,85,154,118
India,Maharashtra,Nagpur,"Ambazari, Nagpur - MPCB",18-11-2025 17:00,21.121801,79.04952,SO2,14,101,24
India,Maharashtra,Nagpur,"Ambazari, Nagpur - MPCB",18-11-2025 17:00,21.121801,79.04952,OZONE,3,130,100
India,Maharashtra,Nagpur,"Mahal, Nagpur - MPCB",18-11-2025 17:00,21.14472,79.107595,NO2,22,112,55
India,Maharashtra,Nagpur,"Mahal, Nagpur - MPCB",18-11-2025 17:00,21.14472,79.107595,CO,34,137,52
India,Maharashtra,Mumbai,"Powai, Mumbai - MPCB",18-11-2025 17:00,19.1375,72.915056,NO2,7,8,8
India,Maharashtra,Mumbai,"Sewri, Mumbai - BMC",18-11-2025 17:00,19.000084,72.85673,PM2.5,1,55,7
India,Maharashtra,Mumbai,"Sewri, Mumbai - BMC",18-11-2025 17:00,19.000084,72.85673,CO,1,112,9
India,Maharashtra,Virar,"Bolinj, Virar - MPCB",18-11-2025 17:00,19.445821,72.7988231,NH3,1,3,2
India,Meghalaya,Shillong,"Lumpyngngad, Shillong - Meghalaya PCB",18-11-2025 17:00,25.5586,91.8985,PM2.5,NA,NA,NA
India,Meghalaya,Shillong,"Lumpyngngad, Shillong - Meghalaya PCB",18-11-2025 17:00,25.5586,91.8985,OZONE,2,23,7
India,Nagaland,Kohima,"PWD Junction, Kohima - NPCB",18-11-2025 17:00,25.6635413,94.0989878,SO2,72,75,73
India,Odisha,Angul,"Hakimapada, Angul - OSPCB",18-11-2025 17:00,20.832874,85.104082,PM2.5,163,317,229
India,Odisha,Balasore,"Kalidaspur, Balasore - OSPCB",18-11-2025 17:00,21.51161,86.89088,NO2,7,85,22
India,Odisha,Balasore,"Kalidaspur, Balasore - OSPCB",18-11-2025 17:00,21.51161,86.89088,NH3,2,5,2
India,Odisha,Barbil,"Forest Office, Barbil - OSPCB",18-11-2025 17:00,22.1166054,85.3945546,PM10,74,238,112
India,Odisha,Baripada,"Meher Colony, Baripada - OSPCB",18-11-2025 17:00,21.941841,86.728318,PM10,70,140,107
India,Odisha,Bhubaneswar,"Lingraj Mandir, Bhubaneswar - OSPCB",18-11-2025 17:00,20.24079,85.836784,NO2,21,176,77
India,Maharashtra,Pimpri-Chinchwad,"Gavalinagar, Pimpri Chinchwad - MPCB",18-11-2025 17:00,18.63673,73.82487,OZONE,2,108,88
India,Maharashtra,Pimpri-Chinchwad,"Park Street Wakad, Pimpri Chinchwad - MPCB",18-11-2025 17:00,18.59051,73.77946,PM10,NA,NA,NA
India,Maharashtra,Pimpri-Chinchwad,"Park Street Wakad, Pimpri Chinchwad - MPCB",18-11-2025 17:00,18.59051,73.77946,OZONE,2,120,98
India,Maharashtra,Pimpri-Chinchwad,"Savta Mali Nagar, Pimpri-Chinchwad - IITM",18-11-2025 17:00,18.614767,73.799516,NO2,31,141,64
India,Maharashtra,Pimpri-Chinchwad,"Savta Mali Nagar, Pimpri-Chinchwad - IITM",18-11-2025 17:00,18.614767,73.799516,CO,56,101,80
India,Maharashtra,Thane,"Kasarvadavali, Thane - MPCB",18-11-2025 17:00,19.26777,72.97182,OZONE,19,110,84
India,Maharashtra,Thane,"Upvan Fort, Thane - MPCB",18-11-2025 17:00,19.222279,72.957979,SO2,1,6,3
India,Maharashtra,Ulhasnagar,"Sidhi Vinayak Nagar, Ulhasnagar - MPCB",18-11-2025 17:00,19.235581,73.159121,PM10,117,235,150
India,Maharashtra,Ulhasnagar,"Sidhi Vinayak Nagar, Ulhasnagar - MPCB",18-11-2025 17:00,19.235581,73.159121,CO,22,48,25
India,Maharashtra,Ulhasnagar,"Sidhi Vinayak Nagar, Ulhasnagar - MPCB",18-11-2025 17:00,19.235581,73.159121,OZONE,12,96,59
India,Maharashtra,Solapur,"Dnyaneshwar Nagar, Solapur - MPCB",18-11-2025 17:00,17.6336264,75.9132495,NO2,10,112,33
India,Maharashtra,Solapur,"Dnyaneshwar Nagar, Solapur - MPCB",18-11-2025 17:00,17.6336264,75.9132495,NH3,5,37,12
India,Maharashtra,Solapur,"Ratandeep Housing Society, Solapur - MPCB",18-11-2025 17:00,17.65439,75.90649,PM10,92,127,112
India,Maharashtra,Thane,"Kasarvadavali, Thane - MPCB",18-11-2025 17:00,19.26777,72.97182,PM2.5,22,83,51
India,Maharashtra,Pune,"Revenue Colony-Shivajinagar, Pune - IITM",18-11-2025 17:00,18.530085,73.849598,NO2,82,145,106
India,Maharashtra,Pune,"Savitribai Phule Pune University, Pune - MPCB",18-11-2025 17:00,18.547056,73.826908,PM10,4,199,108
India,Maharashtra,Pune,"Savitribai Phule Pune University, Pune - MPCB",18-11-2025 17:00,18.547056,73.826908,CO,22,116,32
India,Maharashtra,Pune,"Hadapsar, Pune - IITM",18-11-2025 17:00,18.501793,73.927532,NO2,26,61,44
India,Maharashtra,Pune,"Hadapsar, Pune - IITM",18-11-2025 17:00,18.501793,73.927532,OZONE,10,58,44
India,Maharashtra,Pune,"Katraj Dairy, Pune - MPCB",18-11-2025 17:00,18.45445,73.854155,NH3,NA,NA,NA
India,Maharashtra,Pune,"Katraj Dairy, Pune - MPCB",18-11-2025 17:00,18.45445,73.854155,SO2,NA,NA,NA
India,Maharashtra,Parbhani,"Masoom Colony, Parbhani - MPCB",18-11-2025 17:00,19.265594,76.761463,CO,6,16,11
India,Maharashtra,Pimpri-Chinchwad,"Gavalinagar, Pimpri Chinchwad - MPCB",18-11-2025 17:00,18.63673,73.82487,CO,28,116,38
India,Maharashtra,Pune,"Dhankawadi, Pune - IITM",18-11-2025 17:00,18.459883,73.852193,NO2,1,4,2
India,Maharashtra,Pune,"Dhankawadi, Pune - IITM",18-11-2025 17:00,18.459883,73.852193,OZONE,1,2,1
India,Odisha,Bileipada,"Tata Township, Bileipada - OSPCB",18-11-2025 17:00,22.06156703,85.47409613,PM10,71,150,126
India,Odisha,Bileipada,"Tata Township, Bileipada - OSPCB",18-11-2025 17:00,22.06156703,85.47409613,NH3,4,4,4
India,Odisha,Bileipada,"Tata Township, Bileipada - OSPCB",18-11-2025 17:00,22.06156703,85.47409613,CO,3,51,34
India,Odisha,Brajrajnagar,"GM Office, Brajrajnagar - OSPCB",18-11-2025 17:00,21.8004996,83.8396977,PM2.5,38,208,81
India,Odisha,Brajrajnagar,"GM Office, Brajrajnagar - OSPCB",18-11-2025 17:00,21.8004996,83.8396977,NH3,1,11,2
India,Odisha,Brajrajnagar,"GM Office, Brajrajnagar - OSPCB",18-11-2025 17:00,21.8004996,83.8396977,SO2,15,16,15
India,Odisha,Nayagarh,"Dabuna, Nayagarh - OSPCB",18-11-2025 17:00,21.847279,85.416905,OZONE,11,40,25
India,Odisha,Rairangpur,"Divisional Forest Office, Rairangpur - OSPCB",18-11-2025 17:00,22.265816,86.174829,SO2,7,13,9
India,Odisha,Rourkela,"Fertilizer Township, Rourkela - OSPCB",18-11-2025 17:00,22.18972222,84.86277778,PM2.5,109,159,122
India,Odisha,Rourkela,"Fertilizer Township, Rourkela - OSPCB",18-11-2025 17:00,22.18972222,84.86277778,PM10,97,107,100
India,Odisha,Rourkela,"Raghunathpali, Rourkela - OSPCB",18-11-2025 17:00,22.220833,84.809444,NH3,NA,NA,NA
India,Odisha,Rourkela,"Raghunathpali, Rourkela - OSPCB",18-11-2025 17:00,22.220833,84.809444,SO2,NA,NA,NA
India,Odisha,Rourkela,"Sector-2, Rourkela - OSPCB",18-11-2025 17:00,22.245,84.88111111,CO,24,24,24
India,Odisha,Talcher,"Talcher Coalfields,Talcher - OSPCB",18-11-2025 17:00,20.9360711,85.1707021,SO2,30,107,56
India,Odisha,Talcher,"Talcher Coalfields,Talcher - OSPCB",18-11-2025 17:00,20.9360711,85.1707021,CO,42,107,73
India,Puducherry,Puducherry,"Jawahar Nagar, Puducherry - PPCC",18-11-2025 17:00,11.9309,79.8027,NH3,2,37,5
India,Puducherry,Puducherry,"Jawahar Nagar, Puducherry - PPCC",18-11-2025 17:00,11.9309,79.8027,OZONE,26,76,37
India,Punjab,Bathinda,"Hardev Nagar, Bathinda - PPCB",18-11-2025 17:00,30.233011,74.907758,SO2,15,15,15
India,Punjab,Bathinda,"Hardev Nagar, Bathinda - PPCB",18-11-2025 17:00,30.233011,74.907758,CO,76,79,78
India,Punjab,Patiala,"Model Town, Patiala - PPCB",18-11-2025 17:00,30.349388,76.366642,NO2,15,19,18
India,Punjab,Patiala,"Model Town, Patiala - PPCB",18-11-2025 17:00,30.349388,76.366642,NH3,6,7,6
India,Punjab,Patiala,"Model Town, Patiala - PPCB",18-11-2025 17:00,30.349388,76.366642,CO,19,113,42
India,Punjab,Rupnagar,"Ratanpura, Rupnagar - Ambuja Cements",18-11-2025 17:00,31.0325454,76.5623046,NO2,3,6,5
India,Punjab,Khanna,"Kalal Majra, Khanna - PPCB",18-11-2025 17:00,30.736056,76.209694,SO2,8,14,11
India,Punjab,Ludhiana,"Punjab Agricultural University, Ludhiana - PPCB",18-11-2025 17:00,30.9028,75.8086,OZONE,17,41,27
India,Rajasthan,Alwar,"Moti Doongri, Alwar - RSPCB",18-11-2025 17:00,27.554793,76.611536,PM10,65,144,99
India,Rajasthan,Banswara,"Rati Talai, Banswara - RSPCB",18-11-2025 17:00,23.55519,74.44001,CO,8,100,28
India,Punjab,Mandi Gobindgarh,"RIMT University, Mandi Gobindgarh - PPCB",18-11-2025 17:00,30.649961,76.331442,NO2,23,24,24
India,Punjab,Mandi Gobindgarh,"RIMT University, Mandi Gobindgarh - PPCB",18-11-2025 17:00,30.649961,76.331442,NH3,6,6,6
India,Odisha,Keonjhar,"Jagamohanpur, Keonjhar - OSPCB",18-11-2025 17:00,21.6439,85.599355,PM10,100,177,122
India,Rajasthan,Jhalawar,"Rajlaxmi Nagar, Jhalawar - RSPCB",18-11-2025 17:00,24.588397,76.172782,PM2.5,60,314,208
India,Rajasthan,Jhunjhunu,"Indra Nagar, Jhunjhunu - RSPCB",18-11-2025 17:00,28.108988,75.386577,PM2.5,56,339,167
India,Rajasthan,Jhunjhunu,"Indra Nagar, Jhunjhunu - RSPCB",18-11-2025 17:00,28.108988,75.386577,PM10,97,433,183
India,Rajasthan,Jhunjhunu,"Indra Nagar, Jhunjhunu - RSPCB",18-11-2025 17:00,28.108988,75.386577,SO2,3,15,8
India,Rajasthan,Jhunjhunu,"Indra Nagar, Jhunjhunu - RSPCB",18-11-2025 17:00,28.108988,75.386577,OZONE,3,153,115
India,Rajasthan,Jodhpur,"Collectorate, Jodhpur - RSPCB",18-11-2025 17:00,26.268249,73.0193853,NO2,5,26,12
India,Rajasthan,Jodhpur,"Collectorate, Jodhpur - RSPCB",18-11-2025 17:00,26.268249,73.0193853,OZONE,3,78,54
India,Rajasthan,Bhilwara,"Pratap Nagar, Bhilwara - RSPCB",18-11-2025 17:00,25.339605,74.618883,NO2,12,104,48
India,Rajasthan,Bhilwara,"Pratap Nagar, Bhilwara - RSPCB",18-11-2025 17:00,25.339605,74.618883,SO2,5,36,19
India,Rajasthan,Bhiwadi,"RIICO Ind. Area III, Bhiwadi - RSPCB",18-11-2025 17:00,28.194909,76.862296,PM10,150,456,268
India,Rajasthan,Bhiwadi,"RIICO Ind. Area III, Bhiwadi - RSPCB",18-11-2025 17:00,28.194909,76.862296,NH3,7,17,11
India,Rajasthan,Bhiwadi,"RIICO Ind. Area III, Bhiwadi - RSPCB",18-11-2025 17:00,28.194909,76.862296,OZONE,7,72,44
India,Rajasthan,Barmer,"Railway Colony, Barmer - RSPCB",18-11-2025 17:00,25.747299,71.393989,PM2.5,35,210,71
India,Rajasthan,Barmer,"Railway Colony, Barmer - RSPCB",18-11-2025 17:00,25.747299,71.393989,PM10,66,251,117
India,Rajasthan,Bharatpur,"Krishna Nagar, Bharatpur - RSPCB",18-11-2025 17:00,27.215415,77.50873,PM2.5,68,223,137
India,Rajasthan,Bharatpur,"Krishna Nagar, Bharatpur - RSPCB",18-11-2025 17:00,27.215415,77.50873,NH3,1,10,8
India,Rajasthan,Bharatpur,"Krishna Nagar, Bharatpur - RSPCB",18-11-2025 17:00,27.215415,77.50873,CO,39,127,47
India,Rajasthan,Jaipur,"Mansarovar Sector-12, Jaipur - RSPCB",18-11-2025 17:00,26.843698,75.766894,OZONE,1,169,136
India,Rajasthan,Jaipur,"Police Commissionerate, Jaipur - RSPCB",18-11-2025 17:00,26.9164092,75.7994901,SO2,6,10,7
India,Rajasthan,Jaipur,"Police Commissionerate, Jaipur - RSPCB",18-11-2025 17:00,26.9164092,75.7994901,CO,32,129,70
India,Rajasthan,Jaipur,"Sector-2 Murlipura, Jaipur - RSPCB",18-11-2025 17:00,26.960669,75.771817,PM2.5,35,283,90
India,Rajasthan,Hanumangarh,"Housing Board, Hanumangarh - RSPCB",18-11-2025 17:00,29.61075,74.283608,PM10,34,152,102
India,Rajasthan,Hanumangarh,"Housing Board, Hanumangarh - RSPCB",18-11-2025 17:00,29.61075,74.283608,NH3,11,23,15
India,Rajasthan,Hanumangarh,"Housing Board, Hanumangarh - RSPCB",18-11-2025 17:00,29.61075,74.283608,OZONE,4,92,75
India,Rajasthan,Jaipur,"Adarsh Nagar, Jaipur - RSPCB",18-11-2025 17:00,26.902909,75.836858,PM10,102,160,127
India,Rajasthan,Jaipur,"Adarsh Nagar, Jaipur - RSPCB",18-11-2025 17:00,26.902909,75.836858,CO,32,88,47
India,Rajasthan,Jodhpur,"Digari Kalan, Jodhpur - RSPCB",18-11-2025 17:00,26.29581,73.082283,SO2,1,6,4
India,Rajasthan,Jodhpur,"Jhalamand, Jodhpur - RSPCB",18-11-2025 17:00,26.215415,73.070156,PM2.5,27,150,71
India,Rajasthan,Jodhpur,"Jhalamand, Jodhpur - RSPCB",18-11-2025 17:00,26.215415,73.070156,OZONE,4,150,114
India,Rajasthan,Jodhpur,"Samrat Ashok Udhyan, Jodhpur - RSPCB",18-11-2025 17:00,26.253384,72.976571,NO2,14,134,67
India,Rajasthan,Bundi,"New Colony, Bundi - RSPCB",18-11-2025 17:00,25.435774,75.644272,NH3,NA,NA,NA
India,Rajasthan,Chittorgarh,"Shastri Nagar, Chittorgarh - RSPCB",18-11-2025 17:00,24.892047,74.623527,PM2.5,32,326,150
India,Rajasthan,Chittorgarh,"Shastri Nagar, Chittorgarh - RSPCB",18-11-2025 17:00,24.892047,74.623527,NO2,19,119,53
India,Rajasthan,Chittorgarh,"Shastri Nagar, Chittorgarh - RSPCB",18-11-2025 17:00,24.892047,74.623527,CO,1,130,63
India,Rajasthan,Jaipur,"Shastri Nagar, Jaipur - RSPCB",18-11-2025 17:00,26.9502929,75.730943,PM2.5,69,274,173
India,Rajasthan,Jaisalmer,"Sadar Bazar, Jaisalmer - RSPCB",18-11-2025 17:00,26.912329,70.909168,NO2,15,100,51
India,Rajasthan,Jaisalmer,"Sadar Bazar, Jaisalmer - RSPCB",18-11-2025 17:00,26.912329,70.909168,SO2,2,9,4
India,Rajasthan,Churu,"Subash Chowk, Churu - RSPCB",18-11-2025 17:00,28.296139,74.961696,NO2,9,130,51
India,Rajasthan,Dungarpur,"Bhoiwada, Dungarpur - RSPCB",18-11-2025 17:00,23.837789,73.714926,PM2.5,83,303,183
India,TamilNadu,Coimbatore,"SIDCO Kurichi, Coimbatore - TNPCB",18-11-2025 17:00,10.942451,76.978996,OZONE,10,77,58
India,TamilNadu,Dindigul,"Mendonsa Colony, Dindigul - TNPCB",18-11-2025 17:00,10.358535,77.984321,NO2,NA,NA,NA
India,TamilNadu,Dindigul,"Mendonsa Colony, Dindigul - TNPCB",18-11-2025 17:00,10.358535,77.984321,NH3,NA,NA,NA
India,TamilNadu,Gummidipoondi,"Anthoni Pillai Nagar, Gummidipoondi - TNPCB",18-11-2025 17:00,13.4127,80.1081,NH3,2,3,3
India,TamilNadu,Gummidipoondi,"Anthoni Pillai Nagar, Gummidipoondi - TNPCB",18-11-2025 17:00,13.4127,80.1081,SO2,30,129,57
India,TamilNadu,Karur,"Kamadenu Nagar, Karur - TNPCB",18-11-2025 17:00,10.96782,78.080882,PM2.5,NA,NA,NA
India,Rajasthan,Tonk,"Shastri Nagar, Tonk - RSPCB",18-11-2025 17:00,26.159933,75.780517,NO2,15,130,52
India,Rajasthan,Udaipur,"Ashok Nagar, Udaipur - RSPCB",18-11-2025 17:00,24.5886166,73.6321397,NH3,3,7,5
India,TamilNadu,Ariyalur,"Keelapalur, Ariyalur - TNPCB",18-11-2025 17:00,11.06825,79.07033,PM2.5,NA,NA,NA
India,TamilNadu,Ariyalur,"Keelapalur, Ariyalur - TNPCB",18-11-2025 17:00,11.06825,79.07033,NO2,NA,NA,NA
India,TamilNadu,Chennai,"Alandur Bus Depot, Chennai - CPCB",18-11-2025 17:00,12.9099161,80.1076538,SO2,15,16,15
India,TamilNadu,Chennai,"Perungudi, Chennai - TNPCB",18-11-2025 17:00,12.9533,80.2357,PM2.5,5,190,76
India,TamilNadu,Chennai,"Perungudi, Chennai - TNPCB",18-11-2025 17:00,12.9533,80.2357,PM10,12,103,56
India,TamilNadu,Chennai,"Perungudi, Chennai - TNPCB",18-11-2025 17:00,12.9533,80.2357,SO2,2,10,6
India,TamilNadu,Chennai,"Velachery Res. Area, Chennai - CPCB",18-11-2025 17:00,13.0052189,80.2398125,SO2,14,16,15
India,TamilNadu,Coimbatore,"PSG College of Arts and Science, Coimbatore - TNPCB",18-11-2025 17:00,11.0328,77.0349,PM2.5,NA,NA,NA
India,TamilNadu,Chennai,"Arumbakkam, Chennai - TNPCB",18-11-2025 17:00,13.0664,80.2112,NO2,13,83,29
India,TamilNadu,Chennai,"Arumbakkam, Chennai - TNPCB",18-11-2025 17:00,13.0664,80.2112,SO2,1,4,2
India,TamilNadu,Chennai,"Manali Village, Chennai - TNPCB",18-11-2025 17:00,13.1662,80.2584,PM2.5,10,89,41
India,TamilNadu,Chennai,"Manali Village, Chennai - TNPCB",18-11-2025 17:00,13.1662,80.2584,NO2,4,6,5
India,TamilNadu,Chennai,"Manali, Chennai - CPCB",18-11-2025 17:00,13.164544,80.26285,PM10,39,96,62
India,TamilNadu,Chennai,"Manali, Chennai - CPCB",18-11-2025 17:00,13.164544,80.26285,OZONE,10,10,10
India,Rajasthan,Kota,"Shrinath Puram, Kota - RSPCB",18-11-2025 17:00,25.14389,75.821256,NO2,15,17,16
India,Rajasthan,Kota,"Shrinath Puram, Kota - RSPCB",18-11-2025 17:00,25.14389,75.821256,SO2,7,10,8
India,Rajasthan,Nagaur,"Karni Colony, Nagaur - RSPCB",18-11-2025 17:00,27.213494,73.734444,CO,12,117,35
India,Rajasthan,Nagaur,"Karni Colony, Nagaur - RSPCB",18-11-2025 17:00,27.213494,73.734444,OZONE,5,78,66
India,Rajasthan,Pali,"Indira Colony Vistar, Pali - RSPCB",18-11-2025 17:00,25.771061,73.340227,CO,14,70,43
India,Rajasthan,Sikar,"Radhakishan Pura, Sikar - RSPCB",18-11-2025 17:00,27.608912,75.153302,NO2,11,138,59
India,Rajasthan,Sirohi,"Vedhaynath Colony, Sirohi - RSPCB",18-11-2025 17:00,24.885261,72.857549,SO2,5,21,8
India,Rajasthan,Sri Ganganagar,"Old City, Sri Ganganagar - RSPCB",18-11-2025 17:00,29.931624,73.864511,PM2.5,25,454,175
India,Rajasthan,Rajsamand,"Dhoinda, Rajsamand - RSPCB",18-11-2025 17:00,25.03636,73.883502,OZONE,1,176,169
India,Rajasthan,Sawai Madhopur,"Sahu Nagar, Sawai Madhopur - RSPCB",18-11-2025 17:00,26.031443,76.359327,PM10,72,310,153
India,Rajasthan,Sawai Madhopur,"Sahu Nagar, Sawai Madhopur - RSPCB",18-11-2025 17:00,26.031443,76.359327,NO2,8,31,18
India,Rajasthan,Karauli,"Satyawati Vihar, Karauli - RSPCB",18-11-2025 17:00,26.506177,77.025989,PM2.5,71,306,151
India,Rajasthan,Kota,"Nayapura, Kota - RSPCB",18-11-2025 17:00,25.196024,75.855668,CO,28,121,42
India,Rajasthan,Pratapgarh,"Pragati Nagar, Pratapgarh - RSPCB",18-11-2025 17:00,24.041198,74.780702,PM2.5,62,257,131
India,Rajasthan,Pratapgarh,"Pragati Nagar, Pratapgarh - RSPCB",18-11-2025 17:00,24.041198,74.780702,CO,13,41,30
India,Telangana,Hyderabad,"Zoo Park, Hyderabad - TSPCB",18-11-2025 17:00,17.349694,78.451437,NH3,3,4,3
India,Telangana,Hyderabad,"Zoo Park, Hyderabad - TSPCB",18-11-2025 17:00,17.349694,78.451437,OZONE,22,25,23
India,Tripura,Agartala,"Bardowali, Agartala - Tripura SPCB",18-11-2025 17:00,23.8175497,91.2726974,PM10,34,57,47
India,Tripura,Agartala,"Bardowali, Agartala - Tripura SPCB",18-11-2025 17:00,23.8175497,91.2726974,OZONE,1,2,2
India,Uttar_Pradesh,Agra,"Manoharpur, Agra - UPPCB",18-11-2025 17:00,27.23711,78.01936,SO2,40,51,44
India,Uttar_Pradesh,Agra,"Manoharpur, Agra - UPPCB",18-11-2025 17:00,27.23711,78.01936,OZONE,7,7,7
India,Uttar_Pradesh,Agra,"Rohta, Agra - UPPCB",18-11-2025 17:00,27.106972,78.000111,NO2,15,15,15
India,Uttar_Pradesh,Agra,"Shastripuram, Agra - UPPCB",18-11-2025 17:00,27.19862,77.92066,PM10,118,272,186
India,Uttar_Pradesh,Agra,"Shastripuram, Agra - UPPCB",18-11-2025 17:00,27.19862,77.92066,NO2,40,41,41
India,Uttar_Pradesh,Baghpat,"Sardar Patel Inter College, Baghpat - UPPCB",18-11-2025 17:00,28.964949,77.278761,SO2,41,76,54
India,Uttar_Pradesh,Bareilly,"Civil Lines, Bareilly - UPPCB",18-11-2025 17:00,28.359581,79.414455,PM2.5,1,64,33
India,Uttar_Pradesh,Bareilly,"Civil Lines, Bareilly - UPPCB",18-11-2025 17:00,28.359581,79.414455,NH3,1,4,1
India,Uttar_Pradesh,Bareilly,"Civil Lines, Bareilly - UPPCB",18-11-2025 17:00,28.359581,79.414455,CO,41,135,57
India,TamilNadu,Tirupur,"Kumaran College, Tirupur - TNPCB",18-11-2025 17:00,11.0973603,77.3228673,CO,22,24,23
India,TamilNadu,Virudhunagar,"Collectorate Office, Virudhunagar - TNPCB",18-11-2025 17:00,9.559382,77.948828,CO,NA,NA,NA
India,Telangana,Hyderabad,"Bollaram Industrial Area, Hyderabad - TSPCB",18-11-2025 17:00,17.540891,78.358528,CO,8,48,23
India,Telangana,Hyderabad,"Bollaram Industrial Area, Hyderabad - TSPCB",18-11-2025 17:00,17.540891,78.358528,OZONE,42,58,54
India,Telangana,Hyderabad,"ECIL Kapra, Hyderabad - TSPCB",18-11-2025 17:00,17.470431,78.566959,PM10,81,99,87
India,Uttar_Pradesh,Agra,"Sanjay Palace, Agra - UPPCB",18-11-2025 17:00,27.19865833,78.00598056,CO,32,122,32
India,Uttar_Pradesh,Agra,"Sector-3B Avas Vikas Colony, Agra - UPPCB",18-11-2025 17:00,27.19412,77.96237,PM10,109,209,156
India,Uttar_Pradesh,Agra,"Sector-3B Avas Vikas Colony, Agra - UPPCB",18-11-2025 17:00,27.19412,77.96237,NH3,6,8,6
India,Uttar_Pradesh,Agra,"Sector-3B Avas Vikas Colony, Agra - UPPCB",18-11-2025 17:00,27.19412,77.96237,SO2,8,10,8
India,Uttar_Pradesh,Agra,"Shahjahan Garden, Agra - UPPCB",18-11-2025 17:00,27.169338,78.03582,NO2,20,21,20
India,TamilNadu,Ramanathapuram,"Chalai Bazaar, Ramanathapuram - TNPCB",18-11-2025 17:00,9.36399,78.831977,NO2,NA,NA,NA
India,TamilNadu,Ramanathapuram,"Chalai Bazaar, Ramanathapuram - TNPCB",18-11-2025 17:00,9.36399,78.831977,SO2,NA,NA,NA
India,TamilNadu,Salem,"Sona College of Technology, Salem - TNPCB",18-11-2025 17:00,11.679111,78.125052,SO2,NA,NA,NA
India,TamilNadu,Salem,"Sona College of Technology, Salem - TNPCB",18-11-2025 17:00,11.679111,78.125052,OZONE,5,5,5
India,TamilNadu,Tirupur,"Kumaran College, Tirupur - TNPCB",18-11-2025 17:00,11.0973603,77.3228673,PM2.5,NA,NA,NA
India,Telangana,Hyderabad,"Ramachandrapuram, Hyderabad - TSPCB",18-11-2025 17:00,17.528544,78.286195,SO2,12,16,16
India,Telangana,Hyderabad,"Ramachandrapuram, Hyderabad - TSPCB",18-11-2025 17:00,17.528544,78.286195,CO,30,43,34
India,Telangana,Hyderabad,"Sanathnagar, Hyderabad - TSPCB",18-11-2025 17:00,17.4559458,78.4332152,SO2,3,11,6
India,Telangana,Hyderabad,"Somajiguda, Hyderabad - TSPCB",18-11-2025 17:00,17.417094,78.457437,PM2.5,105,190,153
India,Telangana,Hyderabad,"Somajiguda, Hyderabad - TSPCB",18-11-2025 17:00,17.417094,78.457437,PM10,109,166,146
India,Telangana,Hyderabad,"ICRISAT Patancheru, Hyderabad - TSPCB",18-11-2025 17:00,17.5184,78.278777,PM2.5,98,182,155
India,Telangana,Hyderabad,"ICRISAT Patancheru, Hyderabad - TSPCB",18-11-2025 17:00,17.5184,78.278777,NO2,4,19,13
India,Telangana,Hyderabad,"ICRISAT Patancheru, Hyderabad - TSPCB",18-11-2025 17:00,17.5184,78.278777,NH3,1,4,3
India,Telangana,Hyderabad,"ICRISAT Patancheru, Hyderabad - TSPCB",18-11-2025 17:00,17.5184,78.278777,CO,10,47,25
India,Telangana,Hyderabad,"IDA Pashamylaram, Hyderabad - TSPCB",18-11-2025 17:00,17.5316895,78.218939,OZONE,8,27,22
India,TamilNadu,Karur,"Kamadenu Nagar, Karur - TNPCB",18-11-2025 17:00,10.96782,78.080882,OZONE,7,9,8
India,TamilNadu,Madurai,"Uchapatti, Madurai - TNPCB",18-11-2025 17:00,9.865935,78.022669,NO2,16,16,16
India,TamilNadu,Madurai,"Uchapatti, Madurai - TNPCB",18-11-2025 17:00,9.865935,78.022669,OZONE,1,1,1
India,TamilNadu,Perundurai,"SIPCOT Industrial Park, Perundurai - TNPCB",18-11-2025 17:00,11.258242,77.552761,PM10,53,87,69
India,Telangana,Hyderabad,"New Malakpet, Hyderabad - TSPCB",18-11-2025 17:00,17.37206,78.50864,SO2,12,17,14
India,Uttar_Pradesh,Lucknow,"Lalbagh, Lucknow - CPCB",18-11-2025 17:00,26.8458805,80.9365541,NO2,32,38,35
India,Uttar_Pradesh,Lucknow,"Lalbagh, Lucknow - CPCB",18-11-2025 17:00,26.8458805,80.9365541,NH3,16,24,20
India,Uttar_Pradesh,Lucknow,"Lalbagh, Lucknow - CPCB",18-11-2025 17:00,26.8458805,80.9365541,OZONE,5,47,36
India,Uttar_Pradesh,Lucknow,"Talkatora District Industries Center, Lucknow - CPCB",18-11-2025 17:00,26.83399722,80.8917361,OZONE,9,54,39
India,Uttar_Pradesh,Meerut,"Ganga Nagar, Meerut - UPPCB",18-11-2025 17:00,28.999264,77.7590354,OZONE,8,154,103
India,Uttar_Pradesh,Meerut,"Jai Bhim Nagar, Meerut - UPPCB",18-11-2025 17:00,28.9535882,77.7622941,PM2.5,228,485,386
India,Uttar_Pradesh,Moradabad,"Eco Herbal Park, Moradabad - UPPCB",18-11-2025 17:00,28.840739,78.697531,NH3,1,4,1
India,Uttar_Pradesh,Moradabad,"Eco Herbal Park, Moradabad - UPPCB",18-11-2025 17:00,28.840739,78.697531,SO2,8,26,14
India,Uttar_Pradesh,Moradabad,"Employment Office, Moradabad - UPPCB",18-11-2025 17:00,28.88528,78.7388,PM2.5,41,179,81
India,Uttar_Pradesh,Moradabad,"Jigar Colony, Moradabad - UPPCB",18-11-2025 17:00,28.856664,78.772638,PM10,59,106,80
India,Uttar_Pradesh,Moradabad,"Jigar Colony, Moradabad - UPPCB",18-11-2025 17:00,28.856664,78.772638,NH3,6,6,6
India,Uttar_Pradesh,Moradabad,"Jigar Colony, Moradabad - UPPCB",18-11-2025 17:00,28.856664,78.772638,SO2,24,33,29
India,Uttar_Pradesh,Moradabad,"Jigar Colony, Moradabad - UPPCB",18-11-2025 17:00,28.856664,78.772638,CO,40,40,40
India,Uttar_Pradesh,Lucknow,"B R Ambedkar University, Lucknow - UPPCB",18-11-2025 17:00,26.766433,80.927299,CO,50,64,54
India,Uttar_Pradesh,Lucknow,"B R Ambedkar University, Lucknow - UPPCB",18-11-2025 17:00,26.766433,80.927299,OZONE,27,28,27
India,Uttar_Pradesh,Lucknow,"Gomti Nagar, Lucknow - UPPCB",18-11-2025 17:00,26.86812,81.005119,PM10,31,126,79
India,Uttar_Pradesh,Lucknow,"Kendriya Vidyalaya, Lucknow - CPCB",18-11-2025 17:00,26.906111,80.948222,PM10,55,278,146
India,Uttar_Pradesh,Lucknow,"Kukrail Picnic Spot-1, Lucknow - UPPCB",18-11-2025 17:00,26.90723,80.98579,PM2.5,21,91,50
India,Uttar_Pradesh,Meerut,"Jai Bhim Nagar, Meerut - UPPCB",18-11-2025 17:00,28.9535882,77.7622941,NO2,18,211,79
India,Uttar_Pradesh,Meerut,"Jai Bhim Nagar, Meerut - UPPCB",18-11-2025 17:00,28.9535882,77.7622941,SO2,6,28,15
India,Uttar_Pradesh,Meerut,"Jai Bhim Nagar, Meerut - UPPCB",18-11-2025 17:00,28.9535882,77.7622941,OZONE,2,245,194
India,Uttar_Pradesh,Meerut,"Pallavpuram Phase 2, Meerut - UPPCB",18-11-2025 17:00,29.06351,77.709723,NO2,36,158,92
India,Uttar_Pradesh,Moradabad,"Eco Herbal Park, Moradabad - UPPCB",18-11-2025 17:00,28.840739,78.697531,PM2.5,84,218,136
India,Uttar_Pradesh,Bareilly,"Rajendra Nagar, Bareilly - UPPCB",18-11-2025 17:00,28.38910936,79.42963708,SO2,33,35,34
India,Uttar_Pradesh,Bareilly,"Rajendra Nagar, Bareilly - UPPCB",18-11-2025 17:00,28.38910936,79.42963708,CO,18,58,24
India,Uttar_Pradesh,Bulandshahr,"Yamunapuram, Bulandshahr - UPPCB",18-11-2025 17:00,28.406963,77.849831,SO2,18,94,42
India,Uttar_Pradesh,Firozabad,"Nagla Bhau, Firozabad - UPPCB",18-11-2025 17:00,27.168897,78.37696,NO2,17,18,17
India,Uttar_Pradesh,Firozabad,"Nagla Bhau, Firozabad - UPPCB",18-11-2025 17:00,27.168897,78.37696,CO,4,16,9
India,Uttar_Pradesh,Ghaziabad,"Indirapuram, Ghaziabad - UPPCB",18-11-2025 17:00,28.646233,77.358075,CO,20,180,64
India,Uttar_Pradesh,Ghaziabad,"Loni, Ghaziabad - UPPCB",18-11-2025 17:00,28.757294,77.278792,PM2.5,308,500,422
India,Uttar_Pradesh,Ghaziabad,"Loni, Ghaziabad - UPPCB",18-11-2025 17:00,28.757294,77.278792,PM10,278,500,437
India,Uttar_Pradesh,Ghaziabad,"Loni, Ghaziabad - UPPCB",18-11-2025 17:00,28.757294,77.278792,SO2,13,63,26
India,Uttar_Pradesh,Ghaziabad,"Sanjay Nagar, Ghaziabad - UPPCB",18-11-2025 17:00,28.685382,77.453839,OZONE,6,124,68
India,Uttar_Pradesh,Ghaziabad,"Vasundhara, Ghaziabad - UPPCB",18-11-2025 17:00,28.6603346,77.3572563,SO2,7,31,14
India,Uttar_Pradesh,Gorakhpur,"Madan Mohan Malaviya University of Technology, Gorakhpur - UPPCB",18-11-2025 17:00,26.730136,83.433859,PM10,4,102,63
India,Uttar_Pradesh,Greater Noida,"Knowledge Park - V, Greater Noida - UPPCB",18-11-2025 17:00,28.557054,77.453663,PM2.5,327,500,441
India,Uttar_Pradesh,Greater Noida,"Knowledge Park - V, Greater Noida - UPPCB",18-11-2025 17:00,28.557054,77.453663,SO2,NA,NA,NA
India,Uttar_Pradesh,Jhansi,"Shivaji Nagar, Jhansi - UPPCB",18-11-2025 17:00,25.4547,78.6039,NO2,6,6,6
India,Uttar_Pradesh,Kanpur,"FTI Kidwai Nagar, Kanpur - UPPCB",18-11-2025 17:00,26.428282,80.327067,NO2,25,25,25
India,Uttar_Pradesh,Kanpur,"FTI Kidwai Nagar, Kanpur - UPPCB",18-11-2025 17:00,26.428282,80.327067,NH3,2,2,2
India,Uttar_Pradesh,Kanpur,"NSI Kalyanpur, Kanpur - UPPCB",18-11-2025 17:00,26.509954,80.249612,PM2.5,17,127,68
India,Uttar_Pradesh,Kanpur,"NSI Kalyanpur, Kanpur - UPPCB",18-11-2025 17:00,26.509954,80.249612,PM10,37,242,104
India,Uttar_Pradesh,Kanpur,"NSI Kalyanpur, Kanpur - UPPCB",18-11-2025 17:00,26.509954,80.249612,SO2,18,22,19
India,Uttar_Pradesh,Kanpur,"NSI Kalyanpur, Kanpur - UPPCB",18-11-2025 17:00,26.509954,80.249612,OZONE,17,18,17
India,West_Bengal,Durgapur,"Mahishkapur Road_B-Zone, Durgapur - WBPCB",18-11-2025 17:00,23.567923,87.306843,OZONE,30,82,72
India,West_Bengal,Durgapur,"PCBL Residential Complex, Durgapur - WBPCB",18-11-2025 17:00,23.508764,87.35444,NH3,5,7,6
India,West_Bengal,Durgapur,"PCBL Residential Complex, Durgapur - WBPCB",18-11-2025 17:00,23.508764,87.35444,OZONE,9,28,22
India,West_Bengal,Durgapur,"Womens College_City Center, Durgapur - WBPCB (Formerly known as Sidhu Kanhu Indoor Stadium)",18-11-2025 17:00,23.549395,87.300496,SO2,17,30,28
India,West_Bengal,Haldia,"Priyambada Housing Estate, Haldia - WBPCB",18-11-2025 17:00,22.06047,88.109737,PM10,NA,NA,NA
India,Uttar_Pradesh,Varanasi,"Maldahiya, Varanasi - UPPCB",18-11-2025 17:00,25.32393,82.99687,NO2,2,2,2
India,Uttar_Pradesh,Vrindavan,"Omex Eternity, Vrindavan - UPPCB",18-11-2025 17:00,27.571409,77.655757,PM10,86,209,144
India,Uttar_Pradesh,Vrindavan,"Omex Eternity, Vrindavan - UPPCB",18-11-2025 17:00,27.571409,77.655757,CO,35,96,53
India,Uttarakhand,Dehradun,"Doon University, Dehradun - UKPCB",18-11-2025 17:00,30.269444,78.044167,CO,2,20,7
India,Uttarakhand,Kashipur,"Govt. Girls Inter College, Kashipur - UKPCB",18-11-2025 17:00,29.2124114,78.9611753,NO2,9,43,16
India,Uttarakhand,Kashipur,"Govt. Girls Inter College, Kashipur - UKPCB",18-11-2025 17:00,29.2124114,78.9611753,SO2,7,9,8
India,Uttarakhand,Rishikesh,"Shivaji Nagar, Rishikesh - UKPCB",18-11-2025 17:00,30.075911,78.2859547,PM10,45,85,60
India,Uttarakhand,Rishikesh,"Shivaji Nagar, Rishikesh - UKPCB",18-11-2025 17:00,30.075911,78.2859547,NH3,5,8,6
India,Uttarakhand,Rishikesh,"Shivaji Nagar, Rishikesh - UKPCB",18-11-2025 17:00,30.075911,78.2859547,CO,15,36,20
India,Uttarakhand,Rishikesh,"Shivaji Nagar, Rishikesh - UKPCB",18-11-2025 17:00,30.075911,78.2859547,OZONE,67,67,67
India,West_Bengal,Asansol,"Asansol Court Area, Asansol - WBPCB",18-11-2025 17:00,23.685297,86.945968,PM10,56,132,101
India,West_Bengal,Asansol,"Asansol Court Area, Asansol - WBPCB",18-11-2025 17:00,23.685297,86.945968,CO,28,60,37
India,West_Bengal,Asansol,"Evelyn Lodge, Asansol - WBPCB",18-11-2025 17:00,23.697936,86.944395,PM10,35,133,93
India,Uttar_Pradesh,Prayagraj,"Nagar Nigam, Prayagraj - UPPCB",18-11-2025 17:00,25.44919916,81.82735986,NO2,5,5,5
India,Uttar_Pradesh,Prayagraj,"Nagar Nigam, Prayagraj - UPPCB",18-11-2025 17:00,25.44919916,81.82735986,SO2,80,117,104
India,Uttar_Pradesh,Varanasi,"Ardhali Bazar, Varanasi - UPPCB",18-11-2025 17:00,25.3505986,82.9083074,OZONE,16,38,32
India,Uttar_Pradesh,Varanasi,"Bhelupur, Varanasi - UPPCB",18-11-2025 17:00,25.301778,82.996789,SO2,NA,NA,NA
India,Uttar_Pradesh,Noida,"Sector - 125, Noida - UPPCB",18-11-2025 17:00,28.5447608,77.3231257,PM10,235,500,408
India,Uttar_Pradesh,Noida,"Sector-1, Noida - UPPCB",18-11-2025 17:00,28.5898,77.3101,PM2.5,268,457,385
India,Uttar_Pradesh,Noida,"Sector-1, Noida - UPPCB",18-11-2025 17:00,28.5898,77.3101,PM10,220,447,382
India,Uttar_Pradesh,Noida,"Sector-1, Noida - UPPCB",18-11-2025 17:00,28.5898,77.3101,NO2,64,213,153
India,Uttar_Pradesh,Noida,"Sector-1, Noida - UPPCB",18-11-2025 17:00,28.5898,77.3101,SO2,17,29,24
India,Uttar_Pradesh,Noida,"Sector-116, Noida - UPPCB",18-11-2025 17:00,28.56923,77.393848,OZONE,10,57,57
India,Uttar_Pradesh,Prayagraj,"Jhunsi, Prayagraj - UPPCB",18-11-2025 17:00,25.425602,81.917152,NO2,6,6,6
India,Uttar_Pradesh,Prayagraj,"Nagar Nigam, Prayagraj - UPPCB",18-11-2025 17:00,25.44919916,81.82735986,PM10,55,154,111
India,West_Bengal,Haldia,"Priyambada Housing Estate, Haldia - WBPCB",18-11-2025 17:00,22.06047,88.109737,SO2,NA,NA,NA
India,West_Bengal,Haldia,"Priyambada Housing Estate, Haldia - WBPCB",18-11-2025 17:00,22.06047,88.109737,CO,30,30,30
India,West_Bengal,Howrah,"Belur Math, Howrah - WBPCB",18-11-2025 17:00,22.629801,88.352017,SO2,4,23,13
India,Uttar_Pradesh,Moradabad,"Kashiram Nagar, Moradabad - UPPCB",18-11-2025 17:00,28.849399,78.742362,NH3,4,4,4
India,Uttar_Pradesh,Muzaffarnagar,"New Mandi, Muzaffarnagar - UPPCB",18-11-2025 17:00,29.4723508,77.7194031,SO2,5,33,17
India,West_Bengal,Barrackpore,"SVSPA Campus, Barrackpore - WBPCB",18-11-2025 17:00,22.7605581,88.3617589,NH3,2,6,5
India,West_Bengal,Barrackpore,"SVSPA Campus, Barrackpore - WBPCB",18-11-2025 17:00,22.7605581,88.3617589,SO2,8,11,10
India,West_Bengal,Howrah,"Ghusuri, Howrah - WBPCB",18-11-2025 17:00,22.611968,88.347422,PM2.5,68,295,146
India,West_Bengal,Howrah,"Ghusuri, Howrah - WBPCB",18-11-2025 17:00,22.611968,88.347422,SO2,1,15,5
India,West_Bengal,Howrah,"Padmapukur, Howrah - WBPCB",18-11-2025 17:00,22.5687319,88.2797276,NO2,15,52,30
India,West_Bengal,Howrah,"Padmapukur, Howrah - WBPCB",18-11-2025 17:00,22.5687319,88.2797276,NH3,1,11,7
India,West_Bengal,Howrah,"Padmapukur, Howrah - WBPCB",18-11-2025 17:00,22.5687319,88.2797276,SO2,2,10,6
India,West_Bengal,Kolkata,"Ballygunge, Kolkata - WBPCB",18-11-2025 17:00,22.5367507,88.3638022,PM2.5,64,181,130
India,West_Bengal,Kolkata,"Ballygunge, Kolkata - WBPCB",18-11-2025 17:00,22.5367507,88.3638022,PM10,73,145,118
India,West_Bengal,Kolkata,"Ballygunge, Kolkata - WBPCB",18-11-2025 17:00,22.5367507,88.3638022,NO2,27,68,48
India,West_Bengal,Kolkata,"Ballygunge, Kolkata - WBPCB",18-11-2025 17:00,22.5367507,88.3638022,SO2,4,16,11
India,West_Bengal,Kolkata,"Ballygunge, Kolkata - WBPCB",18-11-2025 17:00,22.5367507,88.3638022,CO,18,112,31
India,West_Bengal,Kolkata,"Fort William, Kolkata - WBPCB",18-11-2025 17:00,22.55664,88.342674,SO2,9,32,14
India,West_Bengal,Kolkata,"Fort William, Kolkata - WBPCB",18-11-2025 17:00,22.55664,88.342674,OZONE,8,74,57
India,West_Bengal,Kolkata,"Victoria, Kolkata - WBPCB",18-11-2025 17:00,22.5448082,88.3403691,NO2,12,25,18
India,Andhra_Pradesh,Amaravati,"Secretariat, Amaravati - APPCB",18-11-2025 17:00,16.5150833,80.5181667,NO2,23,65,30
India,Andhra_Pradesh,Amaravati,"Secretariat, Amaravati - APPCB",18-11-2025 17:00,16.5150833,80.5181667,NH3,1,4,4
India,Andhra_Pradesh,Chittoor,"Gangineni Cheruvu, Chittoor - APPCB",18-11-2025 17:00,13.20488,79.097889,NO2,20,23,22
India,Andhra_Pradesh,Chittoor,"Gangineni Cheruvu, Chittoor - APPCB",18-11-2025 17:00,13.20488,79.097889,CO,20,56,36
India,Andhra_Pradesh,Vijayawada,"HB Colony, Vijayawada - APPCB",18-11-2025 17:00,16.536107,80.594233,PM2.5,50,97,71
India,Andhra_Pradesh,Kadapa,"Yerramukkapalli, Kadapa - APPCB",18-11-2025 17:00,14.465052,78.824187,OZONE,23,29,25
India,Andhra_Pradesh,Amaravati,"Secretariat, Amaravati - APPCB",18-11-2025 17:00,16.5150833,80.5181667,CO,20,42,23
India,Andhra_Pradesh,Tirupati,"Vaikuntapuram, Tirupati - APPCB",18-11-2025 17:00,13.615387,79.40923,NH3,5,6,6
India,Andhra_Pradesh,Kadapa,"Yerramukkapalli, Kadapa - APPCB",18-11-2025 17:00,14.465052,78.824187,NH3,3,4,3
India,Andhra_Pradesh,Vijayawada,"HB Colony, Vijayawada - APPCB",18-11-2025 17:00,16.536107,80.594233,NH3,4,4,4
India,Andhra_Pradesh,Anantapur,"Gulzarpet, Anantapur - APPCB",18-11-2025 17:00,14.675886,77.593027,NH3,4,5,4
India,Andhra_Pradesh,Vijayawada,"Rajiv Gandhi Park, Vijayawada - APPCB",18-11-2025 17:00,16.509717,80.612222,NO2,44,112,77
India,Andhra_Pradesh,Vijayawada,"Rajiv Gandhi Park, Vijayawada - APPCB",18-11-2025 17:00,16.509717,80.612222,NH3,1,4,3
India,Assam,Guwahati,"LGBI Airport, Guwahati - PCBA",18-11-2025 17:00,26.10887,91.589544,NH3,6,6,6
India,Assam,Guwahati,"LGBI Airport, Guwahati - PCBA",18-11-2025 17:00,26.10887,91.589544,OZONE,14,17,16
India,Assam,Sivasagar,"Girls College, Sivasagar - PCBA",18-11-2025 17:00,26.987634,94.636574,PM2.5,10,74,42
India,Assam,Sivasagar,"Girls College, Sivasagar - PCBA",18-11-2025 17:00,26.987634,94.636574,NH3,7,16,11
India,Assam,Byrnihat,"Central Academy for SFS, Byrnihat - PCBA",18-11-2025 17:00,26.071318,91.87488,PM2.5,81,147,104
India,Andhra_Pradesh,Vijayawada,"Rajiv Nagar, Vijayawada - APPCB",18-11-2025 17:00,16.554731,80.64911,PM10,34,50,39
India,Andhra_Pradesh,Visakhapatnam,"GVM Corporation, Visakhapatnam - APPCB",18-11-2025 17:00,17.72,83.3,CO,3,46,22
India,Andhra_Pradesh,Vijayawada,"Rajiv Nagar, Vijayawada - APPCB",18-11-2025 17:00,16.554731,80.64911,CO,27,61,31
India,Assam,Guwahati,"IITG, Guwahati - PCBA",18-11-2025 17:00,26.2028636,91.70046436,PM2.5,23,94,55
India,Assam,Nalbari,"Bata Chowk, Nalbari - PCBA",18-11-2025 17:00,26.446912,91.439057,NH3,4,7,6
India,Bihar,Hajipur,"Industrial Area, Hajipur - BSPCB",18-11-2025 17:00,25.697189,85.2459,PM2.5,92,173,120
India,Bihar,Hajipur,"Industrial Area, Hajipur - BSPCB",18-11-2025 17:00,25.697189,85.2459,NO2,41,74,53
India,Bihar,Katihar,"Mirchaibari, Katihar - BSPCB",18-11-2025 17:00,25.560083,87.553265,OZONE,4,9,6
India,Bihar,Kishanganj,"SDM Office_Khagra, Kishanganj - BSPCB",18-11-2025 17:00,26.0881305,87.93840336,PM2.5,37,50,43
India,Bihar,Begusarai,"Lohiyanagar, Begusarai - BSPCB",18-11-2025 17:00,25.42742023,86.13886079,NH3,4,5,5
India,Bihar,Bettiah,"Kamalnath Nagar, Bettiah - BSPCB",18-11-2025 17:00,26.80365,84.51954,PM2.5,33,217,120
India,Bihar,Bettiah,"Kamalnath Nagar, Bettiah - BSPCB",18-11-2025 17:00,26.80365,84.51954,NH3,1,1,1
India,Bihar,Bettiah,"Kamalnath Nagar, Bettiah - BSPCB",18-11-2025 17:00,26.80365,84.51954,SO2,4,35,13
India,Bihar,Bettiah,"Kamalnath Nagar, Bettiah - BSPCB",18-11-2025 17:00,26.80365,84.51954,CO,57,129,70
India,Bihar,Bhagalpur,"Mayaganj, Bhagalpur - BSPCB",18-11-2025 17:00,25.265194,87.012947,OZONE,19,83,62
India,Bihar,Bihar Sharif,"D M Colony, Bihar Sharif - BSPCB",18-11-2025 17:00,25.204762,85.51496,OZONE,21,38,28
India,Bihar,Buxar,"Charitra Van, Buxar - BSPCB",18-11-2025 17:00,25.56752,83.966379,NH3,3,3,3
India,Bihar,Buxar,"Charitra Van, Buxar - BSPCB",18-11-2025 17:00,25.56752,83.966379,SO2,4,14,8
India,Bihar,Araria,"Kharahiya Basti, Araria - BSPCB",18-11-2025 17:00,26.146529,87.454184,CO,24,34,30
India,Bihar,Aurangabad,"Gurdeo Nagar, Aurangabad - BSPCB",18-11-2025 17:00,24.75746,84.366208,PM10,53,174,105
India,Bihar,Aurangabad,"Gurdeo Nagar, Aurangabad - BSPCB",18-11-2025 17:00,24.75746,84.366208,SO2,10,19,15
India,Bihar,Buxar,"Charitra Van, Buxar - BSPCB",18-11-2025 17:00,25.56752,83.966379,OZONE,4,88,70
India,Bihar,Chhapra,"Darshan Nagar, Chhapra - BSPCB",18-11-2025 17:00,25.7808257,84.7446768,CO,2,13,3
India,Bihar,Gaya,"Kareemganj, Gaya - BSPCB",18-11-2025 17:00,24.792403,84.992416,NH3,4,6,5
India,Bihar,Gaya,"SFTI Kusdihra, Gaya - BSPCB",18-11-2025 17:00,24.762518,84.982348,PM2.5,58,73,66
India,Bihar,Bhagalpur,"DM Office_Kachari Chowk, Bhagalpur - BSPCB",18-11-2025 17:00,25.251013,86.989001,PM10,NA,NA,NA
India,Bihar,Manguraha,"Forest Rest House, Manguraha - BSPCB",18-11-2025 17:00,27.308328,84.531742,PM10,39,129,68
India,Bihar,Bhagalpur,"Mayaganj, Bhagalpur - BSPCB",18-11-2025 17:00,25.265194,87.012947,NO2,6,8,7
India,Bihar,Munger,"Town Hall, Munger - BSPCB",18-11-2025 17:00,25.376776,86.471523,PM2.5,30,293,141
India,Bihar,Munger,"Town Hall, Munger - BSPCB",18-11-2025 17:00,25.376776,86.471523,SO2,15,20,18
India,Bihar,Muzaffarpur,"Buddha Colony, Muzaffarpur - BSPCB",18-11-2025 17:00,26.11442,85.39813,PM10,55,110,91
India,Bihar,Patna,"DRM Office Danapur, Patna - BSPCB",18-11-2025 17:00,25.586562,85.043586,PM10,77,322,151
India,Bihar,Patna,"Govt. High School Shikarpur, Patna - BSPCB",18-11-2025 17:00,25.592539,85.227158,SO2,9,12,10
India,Bihar,Patna,"Govt. High School Shikarpur, Patna - BSPCB",18-11-2025 17:00,25.592539,85.227158,CO,52,126,68
India,Bihar,Saharsa,"Police Line, Saharsa - BSPCB",18-11-2025 17:00,25.892357,86.590325,NH3,4,4,4
India,Bihar,Saharsa,"Police Line, Saharsa - BSPCB",18-11-2025 17:00,25.892357,86.590325,OZONE,2,33,6
India,Bihar,Samastipur,"DM Office_Kasipur, Samastipur - BSPCB",18-11-2025 17:00,25.859655,85.77944,NO2,7,9,8
India,Bihar,Muzaffarpur,"MIT-Daudpur Kothi, Muzaffarpur - BSPCB",18-11-2025 17:00,26.1403345,85.3650192,NH3,1,1,1
India,Bihar,Muzaffarpur,"Muzaffarpur Collectorate, Muzaffarpur - BSPCB",18-11-2025 17:00,26.1209,85.3647,CO,8,28,27
India,Bihar,Purnia,"Mariam Nagar, Purnia - BSPCB",18-11-2025 17:00,25.366336,87.117468,SO2,16,16,16
India,Bihar,Purnia,"Mariam Nagar, Purnia - BSPCB",18-11-2025 17:00,25.366336,87.117468,OZONE,18,30,26
India,Bihar,Patna,"IGSC Planetarium Complex, Patna - BSPCB",18-11-2025 17:00,25.610369,85.132568,SO2,NA,NA,NA
India,Bihar,Muzaffarpur,"Buddha Colony, Muzaffarpur - BSPCB",18-11-2025 17:00,26.11442,85.39813,SO2,3,5,4
India,Bihar,Patna,"Samanpura, Patna - BSPCB",18-11-2025 17:00,25.596727,85.085624,OZONE,1,147,46
India,Bihar,Rajgir,"Dangi Tola, Rajgir - BSPCB",18-11-2025 17:00,25.0328,85.41948,NH3,6,10,7
India,Chhattisgarh,Raipur,"Krishak Nagar, Raipur - CECB",18-11-2025 17:00,21.237755,81.705301,PM10,33,65,49
India,Chhattisgarh,Raipur,"Krishak Nagar, Raipur - CECB",18-11-2025 17:00,21.237755,81.705301,NO2,17,26,23
India,Chhattisgarh,Raipur,"Krishak Nagar, Raipur - CECB",18-11-2025 17:00,21.237755,81.705301,NH3,2,2,2
India,Chhattisgarh,Raipur,"Krishak Nagar, Raipur - CECB",18-11-2025 17:00,21.237755,81.705301,OZONE,12,12,12
India,Chhattisgarh,Raipur,"Siltara Phase-II, Raipur - CECB",18-11-2025 17:00,21.371751,81.664929,SO2,4,9,6
India,Chhattisgarh,Raipur,"Siltara Phase-II, Raipur - CECB",18-11-2025 17:00,21.371751,81.664929,CO,34,36,35
India,Chhattisgarh,Tumidih,"OP Jindal Industrial Park, Tumidih - CECB",18-11-2025 17:00,22.06631475,83.33820077,PM10,51,274,104
India,Bihar,Sasaram,"Dada Peer, Sasaram - BSPCB",18-11-2025 17:00,24.952822,84.002396,CO,47,56,52
India,Bihar,Siwan,"Chitragupta Nagar, Siwan - BSPCB",18-11-2025 17:00,26.2271665,84.3570427,NH3,1,1,1
India,Bihar,Siwan,"Chitragupta Nagar, Siwan - BSPCB",18-11-2025 17:00,26.2271665,84.3570427,CO,74,123,94
India,Bihar,Siwan,"Chitragupta Nagar, Siwan - BSPCB",18-11-2025 17:00,26.2271665,84.3570427,OZONE,5,14,12
India,Chandigarh,Chandigarh,"Sector 22, Chandigarh - CPCC",18-11-2025 17:00,30.735567,76.775714,PM2.5,42,287,92
India,Chandigarh,Chandigarh,"Sector-25, Chandigarh - CPCC",18-11-2025 17:00,30.751462,76.762879,NO2,14,53,27
India,Chhattisgarh,Milupara,"Govt. Higher Secondary School, Milupara - CECB",18-11-2025 17:00,22.1910172,83.5197009,SO2,11,14,13
India,Chhattisgarh,Milupara,"Govt. Higher Secondary School, Milupara - CECB",18-11-2025 17:00,22.1910172,83.5197009,CO,6,22,14
India,Chhattisgarh,Raipur,"AIIMS, Raipur - CECB",18-11-2025 17:00,21.258815,81.578979,NO2,57,75,65
India,Chhattisgarh,Raipur,"AIIMS, Raipur - CECB",18-11-2025 17:00,21.258815,81.578979,SO2,4,11,8
India,Chhattisgarh,Raipur,"AIIMS, Raipur - CECB",18-11-2025 17:00,21.258815,81.578979,OZONE,6,10,7
India,Chhattisgarh,Raipur,"Bhatagaon New ISBT, Raipur - CECB",18-11-2025 17:00,21.219665,81.630094,PM10,32,111,79
India,Chhattisgarh,Raipur,"Bhatagaon New ISBT, Raipur - CECB",18-11-2025 17:00,21.219665,81.630094,SO2,6,23,10
India,Delhi,Delhi,"Alipur, Delhi - DPCC",18-11-2025 17:00,28.815329,77.15301,NO2,40,146,93
India,Delhi,Delhi,"Alipur, Delhi - DPCC",18-11-2025 17:00,28.815329,77.15301,SO2,7,24,14
India,Delhi,Delhi,"Alipur, Delhi - DPCC",18-11-2025 17:00,28.815329,77.15301,OZONE,7,90,60
India,Delhi,Delhi,"Anand Vihar, Delhi - DPCC",18-11-2025 17:00,28.647622,77.315809,NO2,112,181,140
India,Delhi,Delhi,"Anand Vihar, Delhi - DPCC",18-11-2025 17:00,28.647622,77.315809,NH3,11,18,15
India,Delhi,Delhi,"Anand Vihar, Delhi - DPCC",18-11-2025 17:00,28.647622,77.315809,SO2,48,79,59
India,Chhattisgarh,Bilaspur,"Mangala, Bilaspur - NTPC",18-11-2025 17:00,22.08815,82.13737,PM2.5,60,188,94
India,Chhattisgarh,Bilaspur,"Mangala, Bilaspur - NTPC",18-11-2025 17:00,22.08815,82.13737,NO2,15,34,18
India,Chhattisgarh,Chhal,"Nawapara SECL Colony, Chhal - CECB",18-11-2025 17:00,22.118125,83.140608,PM2.5,52,158,76
India,Chhattisgarh,Korba,"Rampur, Korba - CECB",18-11-2025 17:00,22.368195,82.746431,PM2.5,37,58,49
India,Delhi,Delhi,"Chandni Chowk, Delhi - IITM",18-11-2025 17:00,28.656756,77.227234,NH3,17,84,42
India,Delhi,Delhi,"Chandni Chowk, Delhi - IITM",18-11-2025 17:00,28.656756,77.227234,OZONE,3,107,66
India,Delhi,Delhi,"DTU, Delhi - CPCB",18-11-2025 17:00,28.7500499,77.1112615,NH3,4,14,10
India,Delhi,Delhi,"DTU, Delhi - CPCB",18-11-2025 17:00,28.7500499,77.1112615,SO2,33,40,36
India,Delhi,Delhi,"Aya Nagar, Delhi - IMD",18-11-2025 17:00,28.4706914,77.1099364,PM10,172,458,336
India,Delhi,Delhi,"Bawana, Delhi - DPCC",18-11-2025 17:00,28.7762,77.051074,PM2.5,301,500,449
India,Delhi,Delhi,"CRRI Mathura Road, Delhi - IMD",18-11-2025 17:00,28.5512005,77.2735737,PM2.5,230,414,365
India,Chhattisgarh,Korba,"Rampur, Korba - CECB",18-11-2025 17:00,22.368195,82.746431,OZONE,3,8,5
India,Chhattisgarh,Kunjemura,"OP Jindal School, Kunjemura - CECB",18-11-2025 17:00,22.12665,83.483212,SO2,1,16,8
India,Chhattisgarh,Kunjemura,"OP Jindal School, Kunjemura - CECB",18-11-2025 17:00,22.12665,83.483212,OZONE,5,71,51
India,Chandigarh,Chandigarh,"Sector-25, Chandigarh - CPCC",18-11-2025 17:00,30.751462,76.762879,OZONE,1,62,44
India,Delhi,Delhi,"Rohini, Delhi - DPCC",18-11-2025 17:00,28.732528,77.11992,NH3,13,25,19
India,Delhi,Delhi,"Shadipur, Delhi - CPCB",18-11-2025 17:00,28.6514781,77.1473105,PM2.5,200,329,249
India,Delhi,Delhi,"Shadipur, Delhi - CPCB",18-11-2025 17:00,28.6514781,77.1473105,PM10,154,500,336
India,Delhi,Delhi,"Shadipur, Delhi - CPCB",18-11-2025 17:00,28.6514781,77.1473105,NH3,10,22,15
India,Delhi,Delhi,"Shadipur, Delhi - CPCB",18-11-2025 17:00,28.6514781,77.1473105,SO2,1,48,20
India,Delhi,Delhi,"Shadipur, Delhi - CPCB",18-11-2025 17:00,28.6514781,77.1473105,CO,44,152,67
India,Delhi,Delhi,"Sirifort, Delhi - CPCB",18-11-2025 17:00,28.5504249,77.2159377,PM2.5,26,429,360
India,Delhi,Delhi,"Sirifort, Delhi - CPCB",18-11-2025 17:00,28.5504249,77.2159377,PM10,244,412,331
India,Delhi,Delhi,"Sonia Vihar, Delhi - DPCC",18-11-2025 17:00,28.710508,77.249485,PM2.5,277,500,390
India,Delhi,Delhi,"Dwarka-Sector 8, Delhi - DPCC ",18-11-2025 17:00,28.5710274,77.0719006,PM10,213,430,341
India,Delhi,Delhi,"Dwarka-Sector 8, Delhi - DPCC ",18-11-2025 17:00,28.5710274,77.0719006,SO2,22,71,38
India,Delhi,Delhi,"IGI Airport (T3), Delhi - IMD",18-11-2025 17:00,28.5627763,77.1180053,PM2.5,168,369,316
India,Delhi,Delhi,"IHBAS, Dilshad Garden, Delhi - CPCB",18-11-2025 17:00,28.6811736,77.3025234,PM10,199,424,337
India,Delhi,Delhi,"IHBAS, Dilshad Garden, Delhi - CPCB",18-11-2025 17:00,28.6811736,77.3025234,NH3,4,6,5
India,Delhi,Delhi,"Punjabi Bagh, Delhi - DPCC",18-11-2025 17:00,28.674045,77.131023,NO2,36,89,63
India,Delhi,Delhi,"Punjabi Bagh, Delhi - DPCC",18-11-2025 17:00,28.674045,77.131023,NH3,4,5,5
India,Delhi,Delhi,"Pusa, Delhi - DPCC",18-11-2025 17:00,28.639652,77.146275,PM2.5,277,492,350
India,Delhi,Delhi,"Pusa, Delhi - DPCC",18-11-2025 17:00,28.639652,77.146275,PM10,174,487,284
India,Delhi,Delhi,"Pusa, Delhi - IMD",18-11-2025 17:00,28.63611,77.173332,CO,1,155,34
India,Delhi,Delhi,"Pusa, Delhi - IMD",18-11-2025 17:00,28.63611,77.173332,OZONE,13,49,34
India,Delhi,Delhi,"Nehru Nagar, Delhi - DPCC",18-11-2025 17:00,28.56789,77.250515,CO,109,183,115
India,Delhi,Delhi,"Nehru Nagar, Delhi - DPCC",18-11-2025 17:00,28.56789,77.250515,OZONE,3,294,142
India,Delhi,Delhi,"North Campus, DU, Delhi - IMD",18-11-2025 17:00,28.6573814,77.1585447,NO2,71,279,139
India,Delhi,Delhi,"North Campus, DU, Delhi - IMD",18-11-2025 17:00,28.6573814,77.1585447,OZONE,16,325,209
India,Delhi,Delhi,"Okhla Phase-2, Delhi - DPCC",18-11-2025 17:00,28.530785,77.271255,CO,68,137,84
India,Delhi,Delhi,"Lodhi Road, Delhi - IMD",18-11-2025 17:00,28.5918245,77.2273074,CO,48,109,52
India,Delhi,Delhi,"Major Dhyan Chand National Stadium, Delhi - DPCC",18-11-2025 17:00,28.611281,77.237738,PM10,171,432,269
India,Delhi,Delhi,"Major Dhyan Chand National Stadium, Delhi - DPCC",18-11-2025 17:00,28.611281,77.237738,SO2,14,39,27
India,Delhi,Delhi,"Mandir Marg, Delhi - DPCC",18-11-2025 17:00,28.636429,77.201067,PM10,143,431,246
India,Delhi,Delhi,"Najafgarh, Delhi - DPCC",18-11-2025 17:00,28.570173,76.933762,NO2,117,149,133
India,Delhi,Delhi,"Najafgarh, Delhi - DPCC",18-11-2025 17:00,28.570173,76.933762,NH3,8,10,9
India,Delhi,Delhi,"Najafgarh, Delhi - DPCC",18-11-2025 17:00,28.570173,76.933762,SO2,18,38,24
India,Delhi,Delhi,"Narela, Delhi - DPCC",18-11-2025 17:00,28.822836,77.101981,PM2.5,262,500,412
India,Delhi,Delhi,"Narela, Delhi - DPCC",18-11-2025 17:00,28.822836,77.101981,PM10,187,478,374
India,Delhi,Delhi,"Jahangirpuri, Delhi - DPCC",18-11-2025 17:00,28.73282,77.170633,NO2,102,168,138
India,Delhi,Delhi,"Jawaharlal Nehru Stadium, Delhi - DPCC",18-11-2025 17:00,28.58028,77.233829,NO2,54,158,105
India,Delhi,Delhi,"Jawaharlal Nehru Stadium, Delhi - DPCC",18-11-2025 17:00,28.58028,77.233829,NH3,4,6,5
India,Delhi,Delhi,"Jawaharlal Nehru Stadium, Delhi - DPCC",18-11-2025 17:00,28.58028,77.233829,SO2,17,54,27
India,Delhi,Delhi,"Vivek Vihar, Delhi - DPCC",18-11-2025 17:00,28.672342,77.31526,NO2,41,171,95
India,Delhi,Delhi,"Wazirpur, Delhi - DPCC",18-11-2025 17:00,28.699793,77.165453,PM10,226,500,429
India,Delhi,Delhi,"Wazirpur, Delhi - DPCC",18-11-2025 17:00,28.699793,77.165453,NH3,9,15,13
India,Delhi,Delhi,"NSIT Dwarka, Delhi - CPCB",18-11-2025 17:00,28.60909,77.0325413,PM2.5,167,337,292
India,Delhi,Delhi,"NSIT Dwarka, Delhi - CPCB",18-11-2025 17:00,28.60909,77.0325413,NO2,54,113,76
India,Haryana,Bhiwani,"H.B. Colony, Bhiwani - HSPCB",18-11-2025 17:00,28.806223,76.141105,CO,10,14,12
India,Haryana,Charkhi Dadri,"Mini Secretariat, Charkhi Dadri - HSPCB",18-11-2025 17:00,28.593883,76.270653,PM2.5,186,449,310
India,Haryana,Charkhi Dadri,"Mini Secretariat, Charkhi Dadri - HSPCB",18-11-2025 17:00,28.593883,76.270653,NO2,9,24,15
India,Haryana,Dharuhera,"Municipal Corporation Office, Dharuhera -  HSPCB",18-11-2025 17:00,28.2068,76.7997,PM2.5,134,403,264
India,Haryana,Dharuhera,"Municipal Corporation Office, Dharuhera -  HSPCB",18-11-2025 17:00,28.2068,76.7997,PM10,139,451,241
India,Gujarat,Ahmedabad,"SAC ISRO Satellite, Ahmedabad - IITM",18-11-2025 17:00,23.023389,72.515201,SO2,3,52,12
India,Gujarat,Ahmedabad,"SAC ISRO Satellite, Ahmedabad - IITM",18-11-2025 17:00,23.023389,72.515201,OZONE,3,67,53
India,Gujarat,Ahmedabad,"SVPI Airport Hansol, Ahmedabad - IITM",18-11-2025 17:00,23.076793,72.627874,PM10,126,362,190
India,Gujarat,Ahmedabad,"SVPI Airport Hansol, Ahmedabad - IITM",18-11-2025 17:00,23.076793,72.627874,SO2,7,15,9
India,Gujarat,Ankleshwar,"GIDC, Ankleshwar - GPCB",18-11-2025 17:00,21.613267,73.010555,NH3,NA,NA,NA
India,Haryana,Ambala,"Patti Mehar, Ambala - HSPCB",18-11-2025 17:00,30.379589,76.778328,CO,98,100,99
India,Haryana,Bahadurgarh,"Arya Nagar, Bahadurgarh - HSPCB",18-11-2025 17:00,28.6701,76.9254,NH3,12,13,13
India,Haryana,Ballabgarh,"Nathu Colony, Ballabgarh - HSPCB",18-11-2025 17:00,28.3419248,77.319699,NO2,20,20,20
India,Haryana,Ballabgarh,"Nathu Colony, Ballabgarh - HSPCB",18-11-2025 17:00,28.3419248,77.319699,SO2,7,12,10
India,Haryana,Ballabgarh,"Nathu Colony, Ballabgarh - HSPCB",18-11-2025 17:00,28.3419248,77.319699,CO,15,148,43
India,Haryana,Gurugram,"Teri Gram, Gurugram - HSPCB",18-11-2025 17:00,28.4275,77.1465,SO2,NA,NA,NA
India,Haryana,Gurugram,"Vikas Sadan, Gurugram - HSPCB",18-11-2025 17:00,28.4501238,77.0263051,PM2.5,89,332,220
India,Haryana,Gurugram,"Vikas Sadan, Gurugram - HSPCB",18-11-2025 17:00,28.4501238,77.0263051,NO2,9,45,27
India,Haryana,Gurugram,"Vikas Sadan, Gurugram - HSPCB",18-11-2025 17:00,28.4501238,77.0263051,OZONE,7,49,38
India,Haryana,Hisar,"Urban Estate-II, Hisar - HSPCB",18-11-2025 17:00,29.14056,75.744941,SO2,9,13,11
India,Gujarat,Surat,"Science Center, Surat - SMC",18-11-2025 17:00,21.170046,72.795405,CO,38,42,39
India,Gujarat,Vatva,"Phase-4 GIDC, Vatva - GPCB",18-11-2025 17:00,22.969611,72.6435,PM10,62,359,112
India,Gujarat,Vatva,"Phase-4 GIDC, Vatva - GPCB",18-11-2025 17:00,22.969611,72.6435,CO,10,25,15
India,Haryana,Ambala,"Patti Mehar, Ambala - HSPCB",18-11-2025 17:00,30.379589,76.778328,PM2.5,83,412,228
India,Gujarat,Ahmedabad,"Chandkheda, Ahmedabad - IITM",18-11-2025 17:00,23.107969,72.574648,SO2,1,14,4
India,Gujarat,Ahmedabad,"Gyaspur, Ahmedabad - IITM",18-11-2025 17:00,22.977134,72.553024,PM10,131,190,154
India,Gujarat,Ahmedabad,"Gyaspur, Ahmedabad - IITM",18-11-2025 17:00,22.977134,72.553024,SO2,13,28,24
India,Gujarat,Ahmedabad,"Maninagar, Ahmedabad - GPCB",18-11-2025 17:00,23.002657,72.591912,PM10,56,293,110
India,Haryana,Faridabad,"Sector 30, Faridabad - HSPCB",18-11-2025 17:00,28.4417,77.3217,OZONE,17,19,18
India,Haryana,Fatehabad,"Huda Sector, Fatehabad - HSPCB",18-11-2025 17:00,29.503664,75.467934,PM2.5,62,414,238
India,Haryana,Gurugram,"NISE Gwal Pahari, Gurugram - IMD",18-11-2025 17:00,28.422681,77.148944,NO2,16,67,26
India,Gujarat,Ahmedabad,"Rakhial, Ahmedabad - IITM",18-11-2025 17:00,23.016834,72.625775,OZONE,2,96,75
India,Gujarat,Ahmedabad,"SAC ISRO Bopal, Ahmedabad - IITM",18-11-2025 17:00,23.041137,72.456691,OZONE,2,70,46
India,Gujarat,Gandhinagar,"GIFT City, Gandhinagar - IITM",18-11-2025 17:00,23.163798,72.677768,PM2.5,88,242,176
India,Karnataka,Bengaluru,"BTM Layout, Bengaluru - CPCB",18-11-2025 17:00,12.9135218,77.5950804,CO,38,57,51
India,Karnataka,Bengaluru,"BTM Layout, Bengaluru - CPCB",18-11-2025 17:00,12.9135218,77.5950804,OZONE,23,24,23
India,Karnataka,Bengaluru,"BWSSB Kadabesanahalli, Bengaluru - CPCB",18-11-2025 17:00,12.9352049,77.6814488,PM2.5,57,61,60
India,Karnataka,Bengaluru,"BWSSB Kadabesanahalli, Bengaluru - CPCB",18-11-2025 17:00,12.9352049,77.6814488,NO2,23,25,25
India,Karnataka,Bengaluru,"BWSSB Kadabesanahalli, Bengaluru - CPCB",18-11-2025 17:00,12.9352049,77.6814488,SO2,2,3,3
India,Karnataka,Bengaluru,"City Railway Station, Bengaluru - KSPCB",18-11-2025 17:00,12.9756843,77.5660749,NO2,41,45,43
India,Karnataka,Bengaluru,"Hombegowda Nagar, Bengaluru - KSPCB",18-11-2025 17:00,12.938539,77.5901,PM2.5,31,68,53
India,Karnataka,Bengaluru,"Hombegowda Nagar, Bengaluru - KSPCB",18-11-2025 17:00,12.938539,77.5901,NO2,10,30,20
India,Karnataka,Bengaluru,"Hombegowda Nagar, Bengaluru - KSPCB",18-11-2025 17:00,12.938539,77.5901,OZONE,28,48,37
India,Haryana,Panipat,"Sector-18, Panipat - HSPCB",18-11-2025 17:00,29.432304,76.972765,NO2,31,32,31
India,Haryana,Panipat,"Sector-18, Panipat - HSPCB",18-11-2025 17:00,29.432304,76.972765,OZONE,30,30,30
India,Haryana,Rohtak,"MD University, Rohtak - HSPCB",18-11-2025 17:00,28.52123,76.37138,PM10,102,500,181
India,Haryana,Rohtak,"MD University, Rohtak - HSPCB",18-11-2025 17:00,28.52123,76.37138,NO2,1,30,11
India,Haryana,Sonipat,"Murthal, Sonipat - HSPCB",18-11-2025 17:00,29.0272,77.0621,PM2.5,199,450,344
India,Haryana,Sonipat,"Murthal, Sonipat - HSPCB",18-11-2025 17:00,29.0272,77.0621,NH3,8,20,16
India,Haryana,Kurukshetra,"Sector-7, Kurukshetra - HSPCB",18-11-2025 17:00,29.966942,76.875879,SO2,2,12,7
India,Haryana,Kurukshetra,"Sector-7, Kurukshetra - HSPCB",18-11-2025 17:00,29.966942,76.875879,OZONE,6,82,57
India,Haryana,Mandikhera,"General Hospital, Mandikhera - HSPCB",18-11-2025 17:00,27.9002,76.9938,PM2.5,50,422,224
India,Haryana,Mandikhera,"General Hospital, Mandikhera - HSPCB",18-11-2025 17:00,27.9002,76.9938,NO2,20,24,22
India,Haryana,Manesar,"Sector-2 IMT, Manesar - HSPCB",18-11-2025 17:00,28.360699,76.93609,PM2.5,99,470,326
India,Karnataka,Bengaluru,"Jayanagar 5th Block, Bengaluru - KSPCB",18-11-2025 17:00,12.920984,77.584908,PM10,NA,NA,NA
India,Karnataka,Bengaluru,"Jigani, Bengaluru - KSPCB",18-11-2025 17:00,12.7816279,77.6299145,NH3,3,3,3
India,Karnataka,Bengaluru,"Jigani, Bengaluru - KSPCB",18-11-2025 17:00,12.7816279,77.6299145,OZONE,20,21,20
India,Karnataka,Bengaluru,"Kasturi Nagar, Bengaluru - KSPCB",18-11-2025 17:00,13.003872,77.664217,PM2.5,57,59,58
India,Karnataka,Bengaluru,"Kasturi Nagar, Bengaluru - KSPCB",18-11-2025 17:00,13.003872,77.664217,CO,43,57,50
India,Haryana,Sonipat,"Murthal, Sonipat - HSPCB",18-11-2025 17:00,29.0272,77.0621,SO2,7,10,8
India,Haryana,Yamuna Nagar,"Gobind Pura, Yamuna Nagar - HSPCB",18-11-2025 17:00,30.1480566,77.2893471,NO2,NA,NA,NA
India,Himachal Pradesh,Baddi,"HIMUDA Complex Phase-1, Baddi - HPPCB",18-11-2025 17:00,30.943887,76.801991,NH3,6,9,7
India,Haryana,Jind,"Police Lines, Jind - HSPCB",18-11-2025 17:00,29.307814,76.337619,PM2.5,NA,NA,NA
India,Haryana,Jind,"Police Lines, Jind - HSPCB",18-11-2025 17:00,29.307814,76.337619,NO2,NA,NA,NA
India,Haryana,Jind,"Police Lines, Jind - HSPCB",18-11-2025 17:00,29.307814,76.337619,OZONE,17,37,26
India,Haryana,Karnal,"Sector-12, Karnal - HSPCB",18-11-2025 17:00,29.6953,77.0027,SO2,13,16,15
India,Haryana,Karnal,"Sector-12, Karnal - HSPCB",18-11-2025 17:00,29.6953,77.0027,OZONE,26,26,26
India,Karnataka,Belgaum,"Ramteerth Nagar, Belgaum - KSPCB",18-11-2025 17:00,15.888653,74.541751,NH3,8,11,9
India,Karnataka,Belgaum,"Ramteerth Nagar, Belgaum - KSPCB",18-11-2025 17:00,15.888653,74.541751,OZONE,19,20,19
India,Karnataka,Bengaluru,"BTM Layout, Bengaluru - CPCB",18-11-2025 17:00,12.9135218,77.5950804,PM10,61,68,64
India,Haryana,Palwal,"Shyam Nagar, Palwal - HSPCB",18-11-2025 17:00,28.1485564,77.3320667,CO,28,28,28
India,Haryana,Panchgaon,"Amity University, Panchgaon - IITM",18-11-2025 17:00,28.3153,76.9143,SO2,1,23,7
India,Haryana,Palwal,"Shyam Nagar, Palwal - HSPCB",18-11-2025 17:00,28.1485564,77.3320667,PM2.5,69,181,116
India,Haryana,Palwal,"Shyam Nagar, Palwal - HSPCB",18-11-2025 17:00,28.1485564,77.3320667,NO2,23,24,24
India,Karnataka,Bengaluru,"Silk Board, Bengaluru - KSPCB",18-11-2025 17:00,12.917348,77.622813,PM10,115,206,145
India,Karnataka,Bengaluru,"Silk Board, Bengaluru - KSPCB",18-11-2025 17:00,12.917348,77.622813,NO2,12,17,14
India,Karnataka,Bengaluru,"Silk Board, Bengaluru - KSPCB",18-11-2025 17:00,12.917348,77.622813,NH3,2,2,2
India,Karnataka,Bengaluru,"Silk Board, Bengaluru - KSPCB",18-11-2025 17:00,12.917348,77.622813,CO,16,52,50
India,Karnataka,Chamarajanagar,"Urban, Chamarajanagar - KSPCB",18-11-2025 17:00,11.55358,76.55521,PM10,29,54,38
India,Karnataka,Chamarajanagar,"Urban, Chamarajanagar - KSPCB",18-11-2025 17:00,11.55358,76.55521,SO2,2,6,4
India,Karnataka,Chamarajanagar,"Urban, Chamarajanagar - KSPCB",18-11-2025 17:00,11.55358,76.55521,OZONE,14,35,26
India,Karnataka,Chikkamagaluru,"Kalyana Nagara, Chikkamagaluru - KSPCB",18-11-2025 17:00,13.328028,75.797056,NO2,19,24,20
India,Karnataka,Chikkamagaluru,"Kalyana Nagara, Chikkamagaluru - KSPCB",18-11-2025 17:00,13.328028,75.797056,OZONE,31,44,34
India,Karnataka,Davanagere,"Devaraj Urs Badavane, Davanagere - KSPCB",18-11-2025 17:00,14.4758,75.9052,PM2.5,NA,NA,NA
India,Karnataka,Davanagere,"Devaraj Urs Badavane, Davanagere - KSPCB",18-11-2025 17:00,14.4758,75.9052,NH3,NA,NA,NA
India,Karnataka,Dharwad,"Kalabhavan, Dharwad - KSPCB",18-11-2025 17:00,15.459706,75.008381,NO2,26,28,26
India,Karnataka,Dharwad,"Kalabhavan, Dharwad - KSPCB",18-11-2025 17:00,15.459706,75.008381,CO,32,76,58
India,Karnataka,Dharwad,"Kalabhavan, Dharwad - KSPCB",18-11-2025 17:00,15.459706,75.008381,OZONE,21,24,24
India,Karnataka,Gadag,"Panchal Nagar, Gadag - KSPCB",18-11-2025 17:00,15.411456,75.638133,PM2.5,41,92,62
India,Karnataka,Gadag,"Panchal Nagar, Gadag - KSPCB",18-11-2025 17:00,15.411456,75.638133,PM10,41,238,75
India,Karnataka,Shivamogga,"Vinoba Nagara, Shivamogga - KSPCB",18-11-2025 17:00,13.94,75.555917,NO2,14,18,16
India,Karnataka,Shivamogga,"Vinoba Nagara, Shivamogga - KSPCB",18-11-2025 17:00,13.94,75.555917,OZONE,14,74,62
India,Karnataka,Tumakuru,"Thimmalapura, Tumakuru - KSPCB",18-11-2025 17:00,13.377516,77.099072,CO,NA,NA,NA
India,Karnataka,Tumakuru,"Thimmalapura, Tumakuru - KSPCB",18-11-2025 17:00,13.377516,77.099072,OZONE,NA,NA,NA
India,Karnataka,Udupi,"Brahmagiri, Udupi - KSPCB",18-11-2025 17:00,13.34194444,74.74694444,PM2.5,72,125,90
India,Karnataka,Udupi,"Brahmagiri, Udupi - KSPCB",18-11-2025 17:00,13.34194444,74.74694444,PM10,86,123,103
India,Karnataka,Hubballi,"Lingaraj Nagar, Hubballi - KSPCB",18-11-2025 17:00,15.3714823,75.1160168,OZONE,15,22,19
India,Karnataka,Kalaburagi,"Mahatma Basaveswar Colony, Kalaburgi - KSPCB",18-11-2025 17:00,17.336318,76.847397,NO2,10,18,13
India,Karnataka,Kalaburagi,"Mahatma Basaveswar Colony, Kalaburgi - KSPCB",18-11-2025 17:00,17.336318,76.847397,NH3,3,4,3
India,Karnataka,Koppal,"Diwator Nagar, Koppal - KSPCB",18-11-2025 17:00,15.34763,76.181767,NH3,7,7,7
India,Karnataka,Bengaluru,"Peenya, Bengaluru - CPCB",18-11-2025 17:00,13.0270199,77.494094,NH3,6,7,6
India,Karnataka,Bengaluru,"Peenya, Bengaluru - CPCB",18-11-2025 17:00,13.0270199,77.494094,SO2,4,17,8
India,Karnataka,Bengaluru,"RVCE-Mailasandra, Bengaluru - KSPCB",18-11-2025 17:00,12.921418,77.502466,NO2,29,30,29
India,Karnataka,Bengaluru,"Shivapura_Peenya, Bengaluru - KSPCB",18-11-2025 17:00,13.0246342,77.5080115,PM10,NA,NA,NA
India,Karnataka,Madikeri,"Stuart Hill, Madikeri - KSPCB",18-11-2025 17:00,12.415911,75.73505,PM10,14,32,25
India,Karnataka,Mangalore,"Kadri, Mangalore - KSPCB",18-11-2025 17:00,12.88925,74.853,PM10,56,109,80
India,Karnataka,Mysuru,"Hebbal 1st Stage, Mysuru - KSPCB",18-11-2025 17:00,12.21041,76.37376,PM10,70,104,82
India,Karnataka,Vijayapura,"Ibrahimpur, Vijayapura - KSPCB",18-11-2025 17:00,16.802639,75.722694,NH3,1,2,1
India,Karnataka,Yadgir,"Collector Office, Yadgir - KSPCB",18-11-2025 17:00,16.7602,77.1428,NH3,2,3,2
India,Kerala,Eloor,"Udyogamandal, Eloor - Kerala PCB",18-11-2025 17:00,10.073232,76.302765,SO2,1,1,1
India,Kerala,Kollam,"Polayathode, Kollam - Kerala PCB",18-11-2025 17:00,8.8787,76.6073,PM10,59,67,65
India,Kerala,Thiruvananthapuram,"Kariavattom, Thiruvananthapuram - Kerala PCB",18-11-2025 17:00,8.5637,76.8865,PM10,41,68,60
India,Kerala,Kannur,"Thavakkara, Kannur - Kerala PCB",18-11-2025 17:00,11.875,75.3732,PM10,55,56,55
India,Madhya Pradesh,Indore,"Chhoti Gwaltoli, Indore - MPPCB",18-11-2025 17:00,22.431,75.5213,PM2.5,63,353,174
India,Madhya Pradesh,Indore,"Maguda Nagar, Indore - IMC",18-11-2025 17:00,22.7524,75.8872,NH3,NA,NA,NA
India,Madhya Pradesh,Indore,"Regional Park, Indore - IMC",18-11-2025 17:00,22.678,75.8559,PM10,35,128,92
India,Madhya Pradesh,Indore,"Regional Park, Indore - IMC",18-11-2025 17:00,22.678,75.8559,CO,18,49,30
India,Madhya Pradesh,Indore,"Residency Area, Indore - IMC",18-11-2025 17:00,22.7084,75.8815,PM2.5,42,315,106
India,Madhya Pradesh,Indore,"Residency Area, Indore - IMC",18-11-2025 17:00,22.7084,75.8815,NO2,6,19,13
India,Madhya Pradesh,Mandideep,"Sector-D Industrial Area, Mandideep - MPPCB",18-11-2025 17:00,23.10844,77.511428,NH3,1,9,7
India,Madhya Pradesh,Pithampur,"Sector-2 Industrial Area, Pithampur - MPPCB",18-11-2025 17:00,22.624758,75.675238,SO2,NA,NA,NA
India,Madhya Pradesh,Sagar,"Civil Lines, Sagar - MPPCB",18-11-2025 17:00,23.838586,78.759431,NO2,13,64,24
India,Madhya Pradesh,Sagar,"Civil Lines, Sagar - MPPCB",18-11-2025 17:00,23.838586,78.759431,CO,41,92,46
India,Madhya Pradesh,Jabalpur,"Suhagi, Jabalpur - JMC",18-11-2025 17:00,23.218135,79.95777,PM2.5,75,308,164
India,Madhya Pradesh,Jabalpur,"Suhagi, Jabalpur - JMC",18-11-2025 17:00,23.218135,79.95777,NO2,24,165,55
India,Madhya Pradesh,Katni,"Gole Bazar, Katni - MPPCB",18-11-2025 17:00,23.50016,80.23284,PM2.5,68,349,210
India,Madhya Pradesh,Katni,"Gole Bazar, Katni - MPPCB",18-11-2025 17:00,23.50016,80.23284,SO2,26,116,44
India,Madhya Pradesh,Bhopal,"Idgah Hills, Bhopal - MPPCB",18-11-2025 17:00,23.264759,77.381568,SO2,9,13,11
India,Madhya Pradesh,Bhopal,"Idgah Hills, Bhopal - MPPCB",18-11-2025 17:00,23.264759,77.381568,CO,52,102,63
India,Madhya Pradesh,Bhopal,"Paryavaran Parisar, Bhopal - MPPCB",18-11-2025 17:00,23.210494,77.425409,PM2.5,88,357,197
India,Madhya Pradesh,Bhopal,"Paryavaran Parisar, Bhopal - MPPCB",18-11-2025 17:00,23.210494,77.425409,PM10,117,417,208
India,Madhya Pradesh,Maihar,"Sahilara, Maihar - KJS Cements",18-11-2025 17:00,24.2613009,80.7231783,SO2,16,17,16
India,Madhya Pradesh,Mandideep,"Sector-D Industrial Area, Mandideep - MPPCB",18-11-2025 17:00,23.10844,77.511428,PM10,77,442,240
India,Madhya Pradesh,Jabalpur,"Govindh Bhavan Colony, Jabalpur - JMC",18-11-2025 17:00,23.163174,79.973061,NH3,1,2,1
India,Madhya Pradesh,Jabalpur,"Govindh Bhavan Colony, Jabalpur - JMC",18-11-2025 17:00,23.163174,79.973061,SO2,14,16,15
India,Madhya Pradesh,Jabalpur,"Marhatal, Jabalpur - MPPCB",18-11-2025 17:00,23.168606,79.932247,SO2,8,22,15
India,Madhya Pradesh,Damoh,"Shrivastav Colony, Damoh - MPPCB",18-11-2025 17:00,23.81748678,79.446246,CO,21,24,23
India,Madhya Pradesh,Dewas,"Bhopal Chauraha, Dewas - MPPCB",18-11-2025 17:00,22.9682591,76.064118,OZONE,23,26,24
India,Madhya Pradesh,Gwalior,"City Center, Gwalior - MPPCB",18-11-2025 17:00,26.203442,78.193251,SO2,10,19,14
India,Madhya Pradesh,Indore,"Airport Area, Indore - IMC",18-11-2025 17:00,22.7289,75.8076,SO2,21,23,21
India,Madhya Pradesh,Bhopal,"Paryavaran Parisar, Bhopal - MPPCB",18-11-2025 17:00,23.210494,77.425409,OZONE,13,82,78
India,Madhya Pradesh,Bhopal,"T T Nagar, Bhopal - MPPCB",18-11-2025 17:00,23.233584,77.400574,NO2,45,122,67
India,Maharashtra,Kalyan,"Pimpleshwar Mandir, Kalyan - MPCB",18-11-2025 17:00,19.192056,72.9585188,CO,44,46,45
India,Maharashtra,Kolhapur,"Shivaji University, Kolhapur - MPCB",18-11-2025 17:00,16.6870449,74.2505872,PM2.5,NA,NA,NA
India,Maharashtra,Kolhapur,"Shivaji University, Kolhapur - MPCB",18-11-2025 17:00,16.6870449,74.2505872,CO,16,74,22
India,Maharashtra,Kolhapur,"Sinchan Bhavan, Kolhapur - MPCB",18-11-2025 17:00,16.7143745,74.2426398,NH3,4,28,10
India,Maharashtra,Kolhapur,"Sinchan Bhavan, Kolhapur - MPCB",18-11-2025 17:00,16.7143745,74.2426398,CO,19,100,46
India,Maharashtra,Kolhapur,"Sinchan Bhavan, Kolhapur - MPCB",18-11-2025 17:00,16.7143745,74.2426398,OZONE,3,50,39
India,Maharashtra,Latur,"Sawe Wadi, Latur - MPCB",18-11-2025 17:00,18.39963,76.57452,PM2.5,72,143,103
India,Maharashtra,Jalgaon,"Prabhat Colony, Jalgaon - MPCB",18-11-2025 17:00,21.001264,75.565602,OZONE,5,116,87
India,Maharashtra,Jalna,"Old MIDC, Jalna - MPCB",18-11-2025 17:00,19.854616,75.905894,PM10,76,137,97
India,Maharashtra,Kalyan,"Khadakpada, Kalyan - MPCB",18-11-2025 17:00,19.25292,73.142019,PM10,80,145,106
India,Maharashtra,Kalyan,"Pimpleshwar Mandir, Kalyan - MPCB",18-11-2025 17:00,19.192056,72.9585188,PM2.5,NA,NA,NA
India,Maharashtra,Kalyan,"Pimpleshwar Mandir, Kalyan - MPCB",18-11-2025 17:00,19.192056,72.9585188,PM10,38,226,141
India,Maharashtra,Kalyan,"Pimpleshwar Mandir, Kalyan - MPCB",18-11-2025 17:00,19.192056,72.9585188,NO2,2,25,12
India,Maharashtra,Kalyan,"Pimpleshwar Mandir, Kalyan - MPCB",18-11-2025 17:00,19.192056,72.9585188,SO2,5,33,11
India,Madhya Pradesh,Sagar,"Deen Dayal Nagar, Sagar - MPPCB",18-11-2025 17:00,23.8640158,78.80289321,SO2,5,10,7
India,Madhya Pradesh,Satna,"Bandhavgar Colony, Satna - Birla Cement",18-11-2025 17:00,24.58434363,80.8549414,CO,26,71,32
India,Maharashtra,Ahmednagar,"Tarakpur, Ahmednagar - MPCB",18-11-2025 17:00,19.10122,74.73339,CO,22,110,36
India,Maharashtra,Akola,"Ramdaspeth, Akola - MPCB",18-11-2025 17:00,20.719516,77.000253,PM2.5,34,100,66
India,Maharashtra,Latur,"Sawe Wadi, Latur - MPCB",18-11-2025 17:00,18.39963,76.57452,NH3,4,16,8
India,Maharashtra,Latur,"Sawe Wadi, Latur - MPCB",18-11-2025 17:00,18.39963,76.57452,OZONE,35,133,86
India,Maharashtra,Mahad,"Kamble Tarf Birwadi, Mahad - MPCB",18-11-2025 17:00,18.1023399,73.4783687,PM2.5,38,209,71
India,Maharashtra,Mahad,"Kamble Tarf Birwadi, Mahad - MPCB",18-11-2025 17:00,18.1023399,73.4783687,OZONE,15,76,46
India,Maharashtra,Malegaon,"Mahesh Nagar, Malegaon - MPCB",18-11-2025 17:00,20.555712,74.529236,PM2.5,68,221,156
India,Maharashtra,Chandrapur,"MIDC Khutala, Chandrapur - MPCB",18-11-2025 17:00,19.9775302,79.2337086,NH3,2,11,6
India,Maharashtra,Chandrapur,"MIDC Khutala, Chandrapur - MPCB",18-11-2025 17:00,19.9775302,79.2337086,SO2,8,9,9
India,Maharashtra,Chandrapur,"MIDC Khutala, Chandrapur - MPCB",18-11-2025 17:00,19.9775302,79.2337086,CO,34,42,39
India,Maharashtra,Dhule,"Deopur, Dhule - MPCB",18-11-2025 17:00,20.918946,74.776388,SO2,7,16,11
India,Maharashtra,Jalgaon,"Prabhat Colony, Jalgaon - MPCB",18-11-2025 17:00,21.001264,75.565602,NH3,2,3,3
India,Maharashtra,Boisar,"Khaira, Boisar - MPCB",18-11-2025 17:00,19.786089,72.757971,SO2,10,25,12
India,Maharashtra,Chandrapur,"Chauhan Colony, Chandrapur - MPCB",18-11-2025 17:00,19.9629,79.298714,SO2,30,30,30
India,Maharashtra,Chandrapur,"MIDC Khutala, Chandrapur - MPCB",18-11-2025 17:00,19.9775302,79.2337086,PM2.5,NA,NA,NA
India,Maharashtra,Aurangabad,"MIDC Chilkalthana, Aurangabad - MPCB",18-11-2025 17:00,19.87562,75.38731,PM2.5,8,112,81
India,Maharashtra,Aurangabad,"MIDC Chilkalthana, Aurangabad - MPCB",18-11-2025 17:00,19.87562,75.38731,NH3,1,3,2
India,Maharashtra,Aurangabad,"More Chowk Waluj, Aurangabad - MPCB",18-11-2025 17:00,19.8389439,75.244448,NH3,10,11,10
India,Maharashtra,Badlapur,"Katrap, Badlapur - MPCB",18-11-2025 17:00,19.16485,73.23409,OZONE,11,129,73
India,Maharashtra,Belapur,"CBD Belapur, Belapur - MPCB",18-11-2025 17:00,19.0243902,73.0406721,NH3,4,4,4
India,Maharashtra,Amravati,"Shivneri Colony, Amravati - MPCB",18-11-2025 17:00,20.9402359,77.7895248,PM10,101,144,119
India,Maharashtra,Amravati,"Shivneri Colony, Amravati - MPCB",18-11-2025 17:00,20.9402359,77.7895248,SO2,13,17,14
India,Maharashtra,Mumbai,"Deonar, Mumbai - IITM",18-11-2025 17:00,19.04946,72.923,OZONE,1,46,36
India,Maharashtra,Mumbai,"Ghatkopar, Mumbai - BMC",18-11-2025 17:00,19.083694,72.920967,NO2,28,97,46
India,Maharashtra,Mumbai,"Ghatkopar, Mumbai - BMC",18-11-2025 17:00,19.083694,72.920967,SO2,7,12,9
India,Maharashtra,Mumbai,"Kandivali East, Mumbai - MPCB",18-11-2025 17:00,19.2058,72.8682,SO2,24,33,30
India,Maharashtra,Mumbai,"Kandivali East, Mumbai - MPCB",18-11-2025 17:00,19.2058,72.8682,CO,8,26,21
India,Maharashtra,Mumbai,"Kandivali West, Mumbai - BMC",18-11-2025 17:00,19.215859,72.831718,NH3,1,3,2
India,Maharashtra,Mumbai,"Kandivali West, Mumbai - BMC",18-11-2025 17:00,19.215859,72.831718,SO2,6,14,10
India,Maharashtra,Mumbai,"Chakala-Andheri East, Mumbai - IITM",18-11-2025 17:00,19.11074,72.86084,PM10,116,178,144
India,Maharashtra,Mumbai,"Chakala-Andheri East, Mumbai - IITM",18-11-2025 17:00,19.11074,72.86084,NO2,28,130,73
India,Maharashtra,Mumbai,"Chembur, Mumbai - MPCB",18-11-2025 17:00,19.0364585,72.8954371,SO2,4,20,10
India,Maharashtra,Mumbai,"Chembur, Mumbai - MPCB",18-11-2025 17:00,19.0364585,72.8954371,CO,42,71,52
India,Maharashtra,Mumbai,"Chhatrapati Shivaji Intl. Airport (T2), Mumbai - MPCB",18-11-2025 17:00,19.10078,72.87462,PM2.5,58,185,86
India,Maharashtra,Mumbai,"Chhatrapati Shivaji Intl. Airport (T2), Mumbai - MPCB",18-11-2025 17:00,19.10078,72.87462,PM10,99,196,129
India,Maharashtra,Malegaon,"Mahesh Nagar, Malegaon - MPCB",18-11-2025 17:00,20.555712,74.529236,NH3,1,10,3
India,Maharashtra,Mira-Bhayandar,"Bhayandar West, Mira-Bhayandar - MPCB",18-11-2025 17:00,19.296481,72.840923,NH3,2,9,6
India,Maharashtra,Mira-Bhayandar,"Bhayandar West, Mira-Bhayandar - MPCB",18-11-2025 17:00,19.296481,72.840923,CO,13,63,28
India,Maharashtra,Mumbai,"Bandra Kurla Complex, Mumbai - MPCB",18-11-2025 17:00,19.065931,72.862131,PM2.5,60,167,111
India,Maharashtra,Mumbai,"Bandra Kurla Complex, Mumbai - MPCB",18-11-2025 17:00,19.065931,72.862131,NO2,31,91,63
India,Maharashtra,Mumbai,"Kherwadi_Bandra East, Mumbai - MPCB",18-11-2025 17:00,19.0632143,72.8456324,PM2.5,78,144,104
India,Maharashtra,Mumbai,"Kherwadi_Bandra East, Mumbai - MPCB",18-11-2025 17:00,19.0632143,72.8456324,NH3,8,16,12
India,Maharashtra,Mumbai,"Kherwadi_Bandra East, Mumbai - MPCB",18-11-2025 17:00,19.0632143,72.8456324,OZONE,1,106,57
India,Maharashtra,Mumbai,"Khindipada-Bhandup West, Mumbai - IITM",18-11-2025 17:00,19.1653323,72.922099,PM10,75,140,113
India,Maharashtra,Mumbai,"Khindipada-Bhandup West, Mumbai - IITM",18-11-2025 17:00,19.1653323,72.922099,NH3,1,3,2
India,Maharashtra,Mumbai,"Kurla, Mumbai - MPCB",18-11-2025 17:00,19.0863,72.8888,CO,10,18,12
India,Maharashtra,Mumbai,"Malad West, Mumbai - IITM",18-11-2025 17:00,19.19709,72.82204,OZONE,4,300,168
India,Maharashtra,Mumbai,"Mazgaon, Mumbai - IITM",18-11-2025 17:00,18.96702,72.84214,NO2,27,143,74
India,Maharashtra,Mumbai,"Mindspace-Malad West, Mumbai - MPCB",18-11-2025 17:00,19.1878657,72.8304069,PM10,121,186,143
India,Maharashtra,Mumbai,"Borivali East, Mumbai - IITM",18-11-2025 17:00,19.23241,72.86895,PM2.5,96,250,158
India,Maharashtra,Mumbai,"Borivali East, Mumbai - IITM",18-11-2025 17:00,19.23241,72.86895,NO2,31,119,61
India,Maharashtra,Mumbai,"Borivali East, Mumbai - IITM",18-11-2025 17:00,19.23241,72.86895,CO,10,73,20
India,Maharashtra,Mumbai,"Byculla, Mumbai - BMC",18-11-2025 17:00,18.9767,72.838,NH3,9,28,16
India,Maharashtra,Mumbai,"Sewri, Mumbai - BMC",18-11-2025 17:00,19.000084,72.85673,NO2,1,17,6
India,Maharashtra,Mumbai,"Shivaji Nagar, Mumbai - BMC",18-11-2025 17:00,19.060498,72.923356,PM10,130,190,155
India,Maharashtra,Mumbai,"Siddharth Nagar-Worli, Mumbai - IITM",18-11-2025 17:00,19.000083,72.813993,NO2,48,138,86
India,Maharashtra,Mumbai,"Colaba, Mumbai - MPCB",18-11-2025 17:00,18.91,72.82,OZONE,11,11,11
India,Maharashtra,Mumbai,"Deonar, Mumbai - IITM",18-11-2025 17:00,19.04946,72.923,NH3,7,12,9
India,Maharashtra,Mumbai,"Deonar, Mumbai - IITM",18-11-2025 17:00,19.04946,72.923,SO2,3,11,6
India,Maharashtra,Mumbai,"Mulund West, Mumbai - MPCB",18-11-2025 17:00,19.175,72.9419,NO2,NA,NA,NA
India,Maharashtra,Mumbai,"Navy Nagar-Colaba, Mumbai - IITM",18-11-2025 17:00,18.897756,72.81332,PM10,115,176,140
India,Maharashtra,Nagpur,"Ambazari, Nagpur - MPCB",18-11-2025 17:00,21.121801,79.04952,PM10,104,134,118
India,Maharashtra,Nagpur,"Ambazari, Nagpur - MPCB",18-11-2025 17:00,21.121801,79.04952,NH3,4,14,6
India,Maharashtra,Nagpur,"Mahal, Nagpur - MPCB",18-11-2025 17:00,21.14472,79.107595,PM10,99,177,122
India,Maharashtra,Nagpur,"Mahal, Nagpur - MPCB",18-11-2025 17:00,21.14472,79.107595,NH3,3,7,4
India,Maharashtra,Nagpur,"Opp GPO Civil Lines, Nagpur - MPCB",18-11-2025 17:00,21.152875,79.0517531,PM2.5,101,246,176
India,Maharashtra,Nagpur,"Opp GPO Civil Lines, Nagpur - MPCB",18-11-2025 17:00,21.152875,79.0517531,OZONE,2,88,68
India,Maharashtra,Nagpur,"Ram Nagar, Nagpur - MPCB",18-11-2025 17:00,21.143383,79.048912,PM2.5,93,241,184
India,Maharashtra,Nagpur,"Ram Nagar, Nagpur - MPCB",18-11-2025 17:00,21.143383,79.048912,CO,22,94,28
India,Maharashtra,Nanded,"Sneh Nagar, Nanded - MPCB",18-11-2025 17:00,19.173852,77.296291,NO2,12,39,22
India,Maharashtra,Nashik,"Gangapur Road, Nashik - MPCB",18-11-2025 17:00,20.0073285,73.7762427,NH3,3,4,3
India,Maharashtra,Nashik,"Gangapur Road, Nashik - MPCB",18-11-2025 17:00,20.0073285,73.7762427,SO2,7,17,12
India,Maharashtra,Nashik,"Gangapur Road, Nashik - MPCB",18-11-2025 17:00,20.0073285,73.7762427,OZONE,9,13,13
India,Maharashtra,Nashik,"Hirawadi, Nashik - MPCB",18-11-2025 17:00,20.021503,73.813844,NH3,1,5,3
India,Maharashtra,Navi Mumbai,"Kopripada-Vashi, Navi Mumbai - MPCB",18-11-2025 17:00,19.090337,73.014232,OZONE,1,70,55
India,Maharashtra,Navi Mumbai,"Mahape, Navi Mumbai - MPCB",18-11-2025 17:00,19.1135051,73.008978,PM2.5,11,23,18
India,Maharashtra,Navi Mumbai,"Mahape, Navi Mumbai - MPCB",18-11-2025 17:00,19.1135051,73.008978,PM10,80,155,122
India,Maharashtra,Navi Mumbai,"Nerul, Navi Mumbai - MPCB",18-11-2025 17:00,19.008751,73.01662,NO2,33,36,35
India,Maharashtra,Nashik,"Hirawadi, Nashik - MPCB",18-11-2025 17:00,20.021503,73.813844,OZONE,32,92,82
India,Maharashtra,Nashik,"MIDC Ambad, Nashik - MPCB",18-11-2025 17:00,19.95022,73.73148,NH3,7,10,8
India,Maharashtra,Nashik,"MIDC Ambad, Nashik - MPCB",18-11-2025 17:00,19.95022,73.73148,OZONE,38,96,80
India,Maharashtra,Nashik,"Pandav Nagari, Nashik - MPCB",18-11-2025 17:00,19.9591346,73.7788008,NO2,8,40,14
India,Maharashtra,Pimpri-Chinchwad,"Park Street Wakad, Pimpri Chinchwad - MPCB",18-11-2025 17:00,18.59051,73.77946,PM2.5,94,325,247
India,Maharashtra,Pimpri-Chinchwad,"Park Street Wakad, Pimpri Chinchwad - MPCB",18-11-2025 17:00,18.59051,73.77946,NH3,1,4,3
India,Maharashtra,Pimpri-Chinchwad,"Thergaon, Pimpri Chinchwad - MPCB",18-11-2025 17:00,18.616318,73.765797,PM10,120,169,146
India,Maharashtra,Mumbai,"Siddharth Nagar-Worli, Mumbai - IITM",18-11-2025 17:00,19.000083,72.813993,OZONE,23,301,204
India,Maharashtra,Mumbai,"Sion, Mumbai - MPCB",18-11-2025 17:00,19.047,72.8746,CO,7,16,9
India,Maharashtra,Mumbai,"Worli, Mumbai - MPCB",18-11-2025 17:00,18.9936162,72.8128113,OZONE,20,20,20
India,Maharashtra,Navi Mumbai,"Sector-2E Kalamboli, Navi Mumbai - MPCB",18-11-2025 17:00,19.02579,73.10297,SO2,2,10,4
India,Maharashtra,Navi Mumbai,"Tondare-Taloja, Navi Mumbai - MPCB",18-11-2025 17:00,19.063,73.1209,NH3,7,12,10
India,Maharashtra,Navi Mumbai,"Sanpada, Navi Mumbai - MPCB",18-11-2025 17:00,19.0575752,73.0151367,SO2,8,18,14
India,Maharashtra,Navi Mumbai,"Sanpada, Navi Mumbai - MPCB",18-11-2025 17:00,19.0575752,73.0151367,OZONE,15,15,15
India,Maharashtra,Pimpri-Chinchwad,"Gavalinagar, Pimpri Chinchwad - MPCB",18-11-2025 17:00,18.63673,73.82487,NH3,8,34,13
India,Maharashtra,Pune,"Savitribai Phule Pune University, Pune - MPCB",18-11-2025 17:00,18.547056,73.826908,PM2.5,28,88,58
India,Maharashtra,Pune,"Savitribai Phule Pune University, Pune - MPCB",18-11-2025 17:00,18.547056,73.826908,NO2,1,39,19
India,Maharashtra,Pune,"Transport Nagar-Nigdi, Pune - IITM",18-11-2025 17:00,18.664282,73.763966,NO2,37,169,80
India,Maharashtra,Pune,"Transport Nagar-Nigdi, Pune - IITM",18-11-2025 17:00,18.664282,73.763966,OZONE,10,81,72
India,Maharashtra,Sangli,"Vijay Nagar, Sangli - MPCB",18-11-2025 17:00,16.5038,74.3623,NH3,1,4,3
India,Maharashtra,Sangli,"Vijay Nagar, Sangli - MPCB",18-11-2025 17:00,16.5038,74.3623,CO,34,44,37
India,Maharashtra,Sangli,"Vijay Nagar, Sangli - MPCB",18-11-2025 17:00,16.5038,74.3623,OZONE,13,66,57
India,Odisha,Byasanagar,"Ferro Chrome Colony, Byasanagar - OSPCB",18-11-2025 17:00,20.94185,86.1151,OZONE,18,154,130
India,Odisha,Cuttack,"CDA Area, Cuttack - OSPCB",18-11-2025 17:00,20.48891,85.84768,PM2.5,113,365,256
India,Odisha,Cuttack,"CDA Area, Cuttack - OSPCB",18-11-2025 17:00,20.48891,85.84768,PM10,124,355,198
India,Odisha,Cuttack,"CDA Area, Cuttack - OSPCB",18-11-2025 17:00,20.48891,85.84768,NH3,3,6,4
India,Odisha,Keonjhar,"Jagamohanpur, Keonjhar - OSPCB",18-11-2025 17:00,21.6439,85.599355,NH3,4,29,13
India,Odisha,Nayagarh,"Dabuna, Nayagarh - OSPCB",18-11-2025 17:00,21.847279,85.416905,PM2.5,38,61,51
India,Maharashtra,Solapur,"Dnyaneshwar Nagar, Solapur - MPCB",18-11-2025 17:00,17.6336264,75.9132495,SO2,2,31,10
India,Maharashtra,Solapur,"Ratandeep Housing Society, Solapur - MPCB",18-11-2025 17:00,17.65439,75.90649,NO2,22,123,51
India,Maharashtra,Solapur,"Ratandeep Housing Society, Solapur - MPCB",18-11-2025 17:00,17.65439,75.90649,CO,26,102,35
India,Maharashtra,Thane,"Kasarvadavali, Thane - MPCB",18-11-2025 17:00,19.26777,72.97182,NO2,12,93,40
India,Maharashtra,Thane,"Kasarvadavali, Thane - MPCB",18-11-2025 17:00,19.26777,72.97182,NH3,1,10,4
India,Maharashtra,Thane,"Upvan Fort, Thane - MPCB",18-11-2025 17:00,19.222279,72.957979,PM2.5,47,151,86
India,Maharashtra,Pimpri-Chinchwad,"Thergaon, Pimpri Chinchwad - MPCB",18-11-2025 17:00,18.616318,73.765797,NH3,3,4,4
India,Maharashtra,Pimpri-Chinchwad,"Thergaon, Pimpri Chinchwad - MPCB",18-11-2025 17:00,18.616318,73.765797,OZONE,1,76,67
India,Maharashtra,Pune,"Bhumkar Nagar, Pune - IITM",18-11-2025 17:00,18.60577,73.749976,PM10,106,333,153
India,Maharashtra,Pune,"Bhumkar Nagar, Pune - IITM",18-11-2025 17:00,18.60577,73.749976,NO2,21,78,44
India,Maharashtra,Pune,"Bhumkar Nagar, Pune - IITM",18-11-2025 17:00,18.60577,73.749976,CO,33,125,55
India,Maharashtra,Pune,"Bhumkar Nagar, Pune - IITM",18-11-2025 17:00,18.60577,73.749976,OZONE,10,74,44
India,Maharashtra,Pune,"Hadapsar, Pune - IITM",18-11-2025 17:00,18.501793,73.927532,PM10,120,294,166
India,Nagaland,Kohima,"PWD Junction, Kohima - NPCB",18-11-2025 17:00,25.6635413,94.0989878,CO,4,15,6
India,Nagaland,Kohima,"PWD Junction, Kohima - NPCB",18-11-2025 17:00,25.6635413,94.0989878,OZONE,7,38,15
India,Odisha,Angul,"Hakimapada, Angul - OSPCB",18-11-2025 17:00,20.832874,85.104082,SO2,9,37,17
India,Odisha,Balasore,"Kalidaspur, Balasore - OSPCB",18-11-2025 17:00,21.51161,86.89088,SO2,7,16,10
India,Odisha,Barbil,"Forest Office, Barbil - OSPCB",18-11-2025 17:00,22.1166054,85.3945546,PM2.5,77,368,158
India,Odisha,Bhubaneswar,"Patia, Bhubaneswar - OSPCB",18-11-2025 17:00,20.34652,85.8163,NH3,5,8,6
India,Odisha,Brajrajnagar,"GM Office, Brajrajnagar - OSPCB",18-11-2025 17:00,21.8004996,83.8396977,NO2,4,55,20
India,Odisha,Byasanagar,"Ferro Chrome Colony, Byasanagar - OSPCB",18-11-2025 17:00,20.94185,86.1151,NH3,2,3,2
India,Odisha,Barbil,"Forest Office, Barbil - OSPCB",18-11-2025 17:00,22.1166054,85.3945546,SO2,6,28,10
India,Odisha,Baripada,"Meher Colony, Baripada - OSPCB",18-11-2025 17:00,21.941841,86.728318,NH3,2,5,2
India,Odisha,Baripada,"Meher Colony, Baripada - OSPCB",18-11-2025 17:00,21.941841,86.728318,CO,24,57,35
India,Maharashtra,Thane,"Upvan Fort, Thane - MPCB",18-11-2025 17:00,19.222279,72.957979,PM10,75,114,95
India,Maharashtra,Virar,"Bolinj, Virar - MPCB",18-11-2025 17:00,19.445821,72.7988231,NO2,10,82,25
India,Maharashtra,Virar,"Bolinj, Virar - MPCB",18-11-2025 17:00,19.445821,72.7988231,SO2,8,15,11
India,Maharashtra,Pune,"Panchawati_Pashan, Pune - IITM",18-11-2025 17:00,18.536457,73.805454,OZONE,1,8,6
India,Maharashtra,Pune,"Revenue Colony-Shivajinagar, Pune - IITM",18-11-2025 17:00,18.530085,73.849598,OZONE,1,74,43
India,Odisha,Rourkela,"Sector-2, Rourkela - OSPCB",18-11-2025 17:00,22.245,84.88111111,PM10,NA,NA,NA
India,Odisha,Talcher,"Talcher Coalfields,Talcher - OSPCB",18-11-2025 17:00,20.9360711,85.1707021,PM2.5,1,350,188
India,Odisha,Talcher,"Talcher Coalfields,Talcher - OSPCB",18-11-2025 17:00,20.9360711,85.1707021,NO2,59,105,85
India,Odisha,Tensa,"Barsua Iron Ore Mines, Tensa - OSPCB",18-11-2025 17:00,21.869985,85.167016,NO2,NA,NA,NA
India,Odisha,Tensa,"Barsua Iron Ore Mines, Tensa - OSPCB",18-11-2025 17:00,21.869985,85.167016,OZONE,8,38,29
India,Rajasthan,Alwar,"Moti Doongri, Alwar - RSPCB",18-11-2025 17:00,27.554793,76.611536,CO,19,96,54
India,Rajasthan,Banswara,"Rati Talai, Banswara - RSPCB",18-11-2025 17:00,23.55519,74.44001,PM10,97,195,135
India,Rajasthan,Baran,"Bamboliya, Baran - RSPCB",18-11-2025 17:00,25.106006,76.469948,NH3,7,10,9
India,Rajasthan,Baran,"Bamboliya, Baran - RSPCB",18-11-2025 17:00,25.106006,76.469948,SO2,10,22,13
India,Rajasthan,Baran,"Bamboliya, Baran - RSPCB",18-11-2025 17:00,25.106006,76.469948,OZONE,4,212,188
India,Rajasthan,Barmer,"Railway Colony, Barmer - RSPCB",18-11-2025 17:00,25.747299,71.393989,SO2,8,44,15
India,Rajasthan,Barmer,"Railway Colony, Barmer - RSPCB",18-11-2025 17:00,25.747299,71.393989,CO,9,108,17
India,Rajasthan,Bharatpur,"Krishna Nagar, Bharatpur - RSPCB",18-11-2025 17:00,27.215415,77.50873,PM10,133,271,166
India,Rajasthan,Bhilwara,"Pratap Nagar, Bhilwara - RSPCB",18-11-2025 17:00,25.339605,74.618883,PM10,93,281,157
India,Punjab,Rupnagar,"Ratanpura, Rupnagar - Ambuja Cements",18-11-2025 17:00,31.0325454,76.5623046,SO2,8,16,13
India,Rajasthan,Ajmer,"Civil Lines,  Ajmer - RSPCB",18-11-2025 17:00,26.470859,74.646594,OZONE,41,302,119
India,Rajasthan,Alwar,"Moti Doongri, Alwar - RSPCB",18-11-2025 17:00,27.554793,76.611536,PM2.5,66,131,83
India,Punjab,Khanna,"Kalal Majra, Khanna - PPCB",18-11-2025 17:00,30.736056,76.209694,NO2,25,30,28
India,Punjab,Khanna,"Kalal Majra, Khanna - PPCB",18-11-2025 17:00,30.736056,76.209694,NH3,7,7,7
India,Punjab,Mandi Gobindgarh,"RIMT University, Mandi Gobindgarh - PPCB",18-11-2025 17:00,30.649961,76.331442,SO2,4,17,10
India,Odisha,Nayagarh,"Dabuna, Nayagarh - OSPCB",18-11-2025 17:00,21.847279,85.416905,NH3,NA,NA,NA
India,Odisha,Rairangpur,"Divisional Forest Office, Rairangpur - OSPCB",18-11-2025 17:00,22.265816,86.174829,OZONE,17,35,31
India,Punjab,Mandi Gobindgarh,"RIMT University, Mandi Gobindgarh - PPCB",18-11-2025 17:00,30.649961,76.331442,OZONE,32,35,34
India,Rajasthan,Bhiwadi,"RIICO Ind. Area III, Bhiwadi - RSPCB",18-11-2025 17:00,28.194909,76.862296,PM2.5,299,473,367
India,Punjab,Bathinda,"Hardev Nagar, Bathinda - PPCB",18-11-2025 17:00,30.233011,74.907758,PM2.5,24,211,109
India,Rajasthan,Jaipur,"RIICO Sitapura, Jaipur - RSPCB",18-11-2025 17:00,26.786682,75.827928,NH3,4,48,15
India,Rajasthan,Jaipur,"Sector-2 Murlipura, Jaipur - RSPCB",18-11-2025 17:00,26.960669,75.771817,NO2,19,144,72
India,Rajasthan,Jaipur,"Sector-2 Murlipura, Jaipur - RSPCB",18-11-2025 17:00,26.960669,75.771817,SO2,NA,NA,NA
India,Rajasthan,Jaipur,"Sector-2 Murlipura, Jaipur - RSPCB",18-11-2025 17:00,26.960669,75.771817,OZONE,4,102,77
India,Rajasthan,Jaipur,"Shastri Nagar, Jaipur - RSPCB",18-11-2025 17:00,26.9502929,75.730943,PM10,81,178,132
India,Rajasthan,Jaipur,"Shastri Nagar, Jaipur - RSPCB",18-11-2025 17:00,26.9502929,75.730943,NH3,7,23,15
India,Rajasthan,Jaipur,"Shastri Nagar, Jaipur - RSPCB",18-11-2025 17:00,26.9502929,75.730943,SO2,7,62,25
India,Rajasthan,Jaipur,"Shastri Nagar, Jaipur - RSPCB",18-11-2025 17:00,26.9502929,75.730943,OZONE,11,46,32
India,Rajasthan,Nagaur,"Karni Colony, Nagaur - RSPCB",18-11-2025 17:00,27.213494,73.734444,SO2,4,20,7
India,Rajasthan,Pali,"Indira Colony Vistar, Pali - RSPCB",18-11-2025 17:00,25.771061,73.340227,NH3,6,13,9
India,Rajasthan,Pratapgarh,"Pragati Nagar, Pratapgarh - RSPCB",18-11-2025 17:00,24.041198,74.780702,PM10,80,154,108
India,Rajasthan,Pratapgarh,"Pragati Nagar, Pratapgarh - RSPCB",18-11-2025 17:00,24.041198,74.780702,NO2,14,51,25
India,Rajasthan,Rajsamand,"Dhoinda, Rajsamand - RSPCB",18-11-2025 17:00,25.03636,73.883502,PM2.5,40,233,88
India,Rajasthan,Jhunjhunu,"Indra Nagar, Jhunjhunu - RSPCB",18-11-2025 17:00,28.108988,75.386577,NH3,1,17,9
India,Rajasthan,Jhunjhunu,"Indra Nagar, Jhunjhunu - RSPCB",18-11-2025 17:00,28.108988,75.386577,CO,26,119,42
India,Rajasthan,Jodhpur,"Digari Kalan, Jodhpur - RSPCB",18-11-2025 17:00,26.29581,73.082283,CO,15,112,24
India,Rajasthan,Jodhpur,"Jhalamand, Jodhpur - RSPCB",18-11-2025 17:00,26.215415,73.070156,NO2,8,91,36
India,Rajasthan,Jodhpur,"Jhalamand, Jodhpur - RSPCB",18-11-2025 17:00,26.215415,73.070156,NH3,5,17,11
India,Rajasthan,Jodhpur,"Jhalamand, Jodhpur - RSPCB",18-11-2025 17:00,26.215415,73.070156,SO2,4,7,5
India,Rajasthan,Jaipur,"Adarsh Nagar, Jaipur - RSPCB",18-11-2025 17:00,26.902909,75.836858,PM2.5,82,315,179
India,Rajasthan,Jaipur,"Adarsh Nagar, Jaipur - RSPCB",18-11-2025 17:00,26.902909,75.836858,NO2,29,133,74
India,Rajasthan,Jaipur,"Adarsh Nagar, Jaipur - RSPCB",18-11-2025 17:00,26.902909,75.836858,NH3,10,44,21
India,Rajasthan,Jaipur,"Mansarovar Sector-12, Jaipur - RSPCB",18-11-2025 17:00,26.843698,75.766894,NO2,15,174,75
India,Rajasthan,Jaipur,"Police Commissionerate, Jaipur - RSPCB",18-11-2025 17:00,26.9164092,75.7994901,NO2,16,151,95
India,Rajasthan,Jodhpur,"Mandor, Jodhpur - RSPCB",18-11-2025 17:00,26.358805,73.047444,OZONE,6,119,103
India,Rajasthan,Jodhpur,"Samrat Ashok Udhyan, Jodhpur - RSPCB",18-11-2025 17:00,26.253384,72.976571,NH3,5,12,8
India,Rajasthan,Jodhpur,"Samrat Ashok Udhyan, Jodhpur - RSPCB",18-11-2025 17:00,26.253384,72.976571,CO,36,113,45
India,Rajasthan,Karauli,"Satyawati Vihar, Karauli - RSPCB",18-11-2025 17:00,26.506177,77.025989,PM10,70,341,135
India,Rajasthan,Karauli,"Satyawati Vihar, Karauli - RSPCB",18-11-2025 17:00,26.506177,77.025989,NH3,7,15,11
India,Rajasthan,Jaisalmer,"Sadar Bazar, Jaisalmer - RSPCB",18-11-2025 17:00,26.912329,70.909168,OZONE,1,107,82
India,Rajasthan,Jalore,"Mudtra Sili, Jalore - RSPCB",18-11-2025 17:00,25.344694,72.626208,PM2.5,50,309,110
India,Rajasthan,Jalore,"Mudtra Sili, Jalore - RSPCB",18-11-2025 17:00,25.344694,72.626208,PM10,68,240,137
India,Rajasthan,Jhalawar,"Rajlaxmi Nagar, Jhalawar - RSPCB",18-11-2025 17:00,24.588397,76.172782,NH3,3,6,5
India,Rajasthan,Bundi,"New Colony, Bundi - RSPCB",18-11-2025 17:00,25.435774,75.644272,NO2,11,49,21
India,Rajasthan,Bundi,"New Colony, Bundi - RSPCB",18-11-2025 17:00,25.435774,75.644272,OZONE,46,200,155
India,Rajasthan,Churu,"Subash Chowk, Churu - RSPCB",18-11-2025 17:00,28.296139,74.961696,NH3,9,14,11
India,Rajasthan,Churu,"Subash Chowk, Churu - RSPCB",18-11-2025 17:00,28.296139,74.961696,SO2,2,11,6
India,Rajasthan,Churu,"Subash Chowk, Churu - RSPCB",18-11-2025 17:00,28.296139,74.961696,OZONE,5,191,160
India,Rajasthan,Kota,"Dhanmandi, Kota - RSPCB",18-11-2025 17:00,25.16409,75.858137,PM10,113,234,155
India,Rajasthan,Kota,"Nayapura, Kota - RSPCB",18-11-2025 17:00,25.196024,75.855668,PM10,109,188,143
India,Rajasthan,Kota,"Shrinath Puram, Kota - RSPCB",18-11-2025 17:00,25.14389,75.821256,PM10,93,186,136
India,Rajasthan,Kota,"Shrinath Puram, Kota - RSPCB",18-11-2025 17:00,25.14389,75.821256,CO,39,108,52
India,Rajasthan,Dausa,"Khatikan Mohalla, Dausa - RSPCB",18-11-2025 17:00,26.895552,76.334753,NH3,7,18,10
India,TamilNadu,Thoothukudi,"Meelavittan, Thoothukudi - TNPCB",18-11-2025 17:00,8.816428,78.099039,NO2,8,110,16
India,TamilNadu,Tiruchirappalli,"St Joseph College, Tiruchirappalli - TNPCB",18-11-2025 17:00,10.830158,78.691849,PM2.5,NA,NA,NA
India,TamilNadu,Tiruchirappalli,"St Joseph College, Tiruchirappalli - TNPCB",18-11-2025 17:00,10.830158,78.691849,PM10,NA,NA,NA
India,TamilNadu,Tiruchirappalli,"St Joseph College, Tiruchirappalli - TNPCB",18-11-2025 17:00,10.830158,78.691849,NH3,NA,NA,NA
India,TamilNadu,Tirupur,"Kumaran College, Tirupur - TNPCB",18-11-2025 17:00,11.0973603,77.3228673,SO2,NA,NA,NA
India,TamilNadu,Virudhunagar,"Collectorate Office, Virudhunagar - TNPCB",18-11-2025 17:00,9.559382,77.948828,PM2.5,NA,NA,NA
India,TamilNadu,Virudhunagar,"Collectorate Office, Virudhunagar - TNPCB",18-11-2025 17:00,9.559382,77.948828,SO2,NA,NA,NA
India,Telangana,Hyderabad,"Bollaram Industrial Area, Hyderabad - TSPCB",18-11-2025 17:00,17.540891,78.358528,PM2.5,99,162,136
India,Telangana,Hyderabad,"Bollaram Industrial Area, Hyderabad - TSPCB",18-11-2025 17:00,17.540891,78.358528,NH3,1,7,4
India,TamilNadu,Chennai,"Velachery Res. Area, Chennai - CPCB",18-11-2025 17:00,13.0052189,80.2398125,CO,35,43,40
India,TamilNadu,Chennai,"Velachery Res. Area, Chennai - CPCB",18-11-2025 17:00,13.0052189,80.2398125,OZONE,4,8,7
India,TamilNadu,Coimbatore,"PSG College of Arts and Science, Coimbatore - TNPCB",18-11-2025 17:00,11.0328,77.0349,OZONE,3,7,6
India,TamilNadu,Coimbatore,"SIDCO Kurichi, Coimbatore - TNPCB",18-11-2025 17:00,10.942451,76.978996,NO2,7,43,20
India,TamilNadu,Cuddalore,"Kudikadu, Cuddalore - TNPCB",18-11-2025 17:00,11.6829898,79.7532099,PM2.5,NA,NA,NA
India,TamilNadu,Cuddalore,"Kudikadu, Cuddalore - TNPCB",18-11-2025 17:00,11.6829898,79.7532099,NH3,NA,NA,NA
India,TamilNadu,Cuddalore,"Kudikadu, Cuddalore - TNPCB",18-11-2025 17:00,11.6829898,79.7532099,SO2,NA,NA,NA
India,TamilNadu,Cuddalore,"Semmandalam, Cuddalore - TNPCB",18-11-2025 17:00,11.7637683,79.7499835,PM2.5,NA,NA,NA
India,TamilNadu,Cuddalore,"Semmandalam, Cuddalore - TNPCB",18-11-2025 17:00,11.7637683,79.7499835,NO2,NA,NA,NA
India,TamilNadu,Nagapattinam,"Velippalayam, Nagapattinam - TNPCB",18-11-2025 17:00,10.798548,79.838212,OZONE,1,1,1
India,TamilNadu,Perundurai,"SIPCOT Industrial Park, Perundurai - TNPCB",18-11-2025 17:00,11.258242,77.552761,PM2.5,26,90,64
India,TamilNadu,Pudukottai,"SIPCOT Nathampannai, Pudukottai - TNPCB",18-11-2025 17:00,10.423417,78.784889,NO2,NA,NA,NA
India,TamilNadu,Pudukottai,"SIPCOT Nathampannai, Pudukottai - TNPCB",18-11-2025 17:00,10.423417,78.784889,SO2,NA,NA,NA
India,TamilNadu,Ramanathapuram,"Chalai Bazaar, Ramanathapuram - TNPCB",18-11-2025 17:00,9.36399,78.831977,PM10,NA,NA,NA
India,TamilNadu,Salem,"Sona College of Technology, Salem - TNPCB",18-11-2025 17:00,11.679111,78.125052,PM2.5,NA,NA,NA
India,TamilNadu,Chennai,"Kodungaiyur, Chennai - TNPCB",18-11-2025 17:00,13.1278,80.2642,CO,8,81,38
India,TamilNadu,Chennai,"Manali Village, Chennai - TNPCB",18-11-2025 17:00,13.1662,80.2584,NH3,1,2,2
India,TamilNadu,Chennai,"Manali, Chennai - CPCB",18-11-2025 17:00,13.164544,80.26285,CO,11,50,32
India,TamilNadu,Chennai,"Perungudi, Chennai - TNPCB",18-11-2025 17:00,12.9533,80.2357,CO,46,104,66
India,TamilNadu,Chennai,"Perungudi, Chennai - TNPCB",18-11-2025 17:00,12.9533,80.2357,OZONE,5,46,15
India,TamilNadu,Chennai,"Velachery Res. Area, Chennai - CPCB",18-11-2025 17:00,13.0052189,80.2398125,PM2.5,22,62,38
India,TamilNadu,Chennai,"Velachery Res. Area, Chennai - CPCB",18-11-2025 17:00,13.0052189,80.2398125,PM10,64,120,92
India,TamilNadu,Dindigul,"Mendonsa Colony, Dindigul - TNPCB",18-11-2025 17:00,10.358535,77.984321,SO2,NA,NA,NA
India,TamilNadu,Gummidipoondi,"Anthoni Pillai Nagar, Gummidipoondi - TNPCB",18-11-2025 17:00,13.4127,80.1081,PM10,78,203,124
India,TamilNadu,Madurai,"Uchapatti, Madurai - TNPCB",18-11-2025 17:00,9.865935,78.022669,NH3,4,4,4
India,TamilNadu,Nagapattinam,"Velippalayam, Nagapattinam - TNPCB",18-11-2025 17:00,10.798548,79.838212,PM2.5,NA,NA,NA
India,Rajasthan,Udaipur,"Ashok Nagar, Udaipur - RSPCB",18-11-2025 17:00,24.5886166,73.6321397,SO2,1,14,9
India,TamilNadu,Chennai,"Alandur Bus Depot, Chennai - CPCB",18-11-2025 17:00,12.9099161,80.1076538,OZONE,10,15,14
India,TamilNadu,Chennai,"Arumbakkam, Chennai - TNPCB",18-11-2025 17:00,13.0664,80.2112,PM2.5,12,165,84
India,TamilNadu,Chennai,"Kodungaiyur, Chennai - TNPCB",18-11-2025 17:00,13.1278,80.2642,PM2.5,12,172,91
India,Rajasthan,Sirohi,"Vedhaynath Colony, Sirohi - RSPCB",18-11-2025 17:00,24.885261,72.857549,NH3,1,4,2
India,Rajasthan,Sri Ganganagar,"Old City, Sri Ganganagar - RSPCB",18-11-2025 17:00,29.931624,73.864511,SO2,2,20,8
India,Rajasthan,Tonk,"Shastri Nagar, Tonk - RSPCB",18-11-2025 17:00,26.159933,75.780517,OZONE,2,68,51
India,Rajasthan,Sawai Madhopur,"Sahu Nagar, Sawai Madhopur - RSPCB",18-11-2025 17:00,26.031443,76.359327,NH3,7,9,8
India,Rajasthan,Sawai Madhopur,"Sahu Nagar, Sawai Madhopur - RSPCB",18-11-2025 17:00,26.031443,76.359327,CO,18,110,40
India,Rajasthan,Sikar,"Radhakishan Pura, Sikar - RSPCB",18-11-2025 17:00,27.608912,75.153302,PM10,114,483,232
India,Rajasthan,Rajsamand,"Dhoinda, Rajsamand - RSPCB",18-11-2025 17:00,25.03636,73.883502,NH3,9,31,14
India,Uttar_Pradesh,Ghaziabad,"Loni, Ghaziabad - UPPCB",18-11-2025 17:00,28.757294,77.278792,OZONE,5,74,43
India,Uttar_Pradesh,Ghaziabad,"Sanjay Nagar, Ghaziabad - UPPCB",18-11-2025 17:00,28.685382,77.453839,PM10,244,467,388
India,Uttar_Pradesh,Ghaziabad,"Sanjay Nagar, Ghaziabad - UPPCB",18-11-2025 17:00,28.685382,77.453839,SO2,7,41,19
India,Uttar_Pradesh,Ghaziabad,"Sanjay Nagar, Ghaziabad - UPPCB",18-11-2025 17:00,28.685382,77.453839,CO,42,142,65
India,Uttar_Pradesh,Ghaziabad,"Vasundhara, Ghaziabad - UPPCB",18-11-2025 17:00,28.6603346,77.3572563,PM10,251,500,447
India,Uttar_Pradesh,Ghaziabad,"Vasundhara, Ghaziabad - UPPCB",18-11-2025 17:00,28.6603346,77.3572563,NH3,11,25,19
India,Uttar_Pradesh,Ghaziabad,"Vasundhara, Ghaziabad - UPPCB",18-11-2025 17:00,28.6603346,77.3572563,OZONE,12,184,109
India,Uttar_Pradesh,Gorakhpur,"Madan Mohan Malaviya University of Technology, Gorakhpur - UPPCB",18-11-2025 17:00,26.730136,83.433859,NH3,1,1,1
India,Uttar_Pradesh,Bulandshahr,"Yamunapuram, Bulandshahr - UPPCB",18-11-2025 17:00,28.406963,77.849831,OZONE,2,145,100
India,Uttar_Pradesh,Firozabad,"Nagla Bhau, Firozabad - UPPCB",18-11-2025 17:00,27.168897,78.37696,PM10,41,160,98
India,Uttar_Pradesh,Firozabad,"Nagla Bhau, Firozabad - UPPCB",18-11-2025 17:00,27.168897,78.37696,NH3,2,2,2
India,Uttar_Pradesh,Firozabad,"Vibhab Nagar, Firozabad - UPPCB",18-11-2025 17:00,27.1594,78.3953,PM2.5,NA,NA,NA
India,Uttar_Pradesh,Firozabad,"Vibhab Nagar, Firozabad - UPPCB",18-11-2025 17:00,27.1594,78.3953,CO,9,38,26
India,Uttar_Pradesh,Ghaziabad,"Indirapuram, Ghaziabad - UPPCB",18-11-2025 17:00,28.646233,77.358075,PM2.5,290,442,387
India,Uttar_Pradesh,Agra,"Shahjahan Garden, Agra - UPPCB",18-11-2025 17:00,27.169338,78.03582,PM2.5,42,131,91
India,Uttar_Pradesh,Agra,"Shahjahan Garden, Agra - UPPCB",18-11-2025 17:00,27.169338,78.03582,PM10,117,218,175
India,Uttar_Pradesh,Agra,"Shahjahan Garden, Agra - UPPCB",18-11-2025 17:00,27.169338,78.03582,SO2,11,25,18
India,Uttar_Pradesh,Agra,"Shahjahan Garden, Agra - UPPCB",18-11-2025 17:00,27.169338,78.03582,OZONE,1,36,19
India,Uttar_Pradesh,Agra,"Shastripuram, Agra - UPPCB",18-11-2025 17:00,27.19862,77.92066,NH3,3,3,3
India,Uttar_Pradesh,Baghpat,"Sardar Patel Inter College, Baghpat - UPPCB",18-11-2025 17:00,28.964949,77.278761,PM10,151,445,321
India,Telangana,Hyderabad,"IDA Pashamylaram, Hyderabad - TSPCB",18-11-2025 17:00,17.5316895,78.218939,NH3,2,7,4
India,Telangana,Hyderabad,"IDA Pashamylaram, Hyderabad - TSPCB",18-11-2025 17:00,17.5316895,78.218939,SO2,4,13,7
India,Telangana,Hyderabad,"Kokapet, Hyderabad - TSPCB",18-11-2025 17:00,17.393559,78.339194,NO2,15,17,16
India,Telangana,Hyderabad,"Kokapet, Hyderabad - TSPCB",18-11-2025 17:00,17.393559,78.339194,NH3,2,3,3
India,Telangana,Hyderabad,"Kokapet, Hyderabad - TSPCB",18-11-2025 17:00,17.393559,78.339194,CO,32,36,34
India,Telangana,Hyderabad,"Kokapet, Hyderabad - TSPCB",18-11-2025 17:00,17.393559,78.339194,OZONE,24,29,27
India,Telangana,Hyderabad,"Nacharam_TSIIC IALA, Hyderabad - TSPCB",18-11-2025 17:00,17.429398,78.569354,CO,44,66,54
India,Telangana,Hyderabad,"New Malakpet, Hyderabad - TSPCB",18-11-2025 17:00,17.37206,78.50864,NH3,2,3,2
India,Telangana,Hyderabad,"New Malakpet, Hyderabad - TSPCB",18-11-2025 17:00,17.37206,78.50864,CO,28,42,38
India,Telangana,Hyderabad,"Sanathnagar, Hyderabad - TSPCB",18-11-2025 17:00,17.4559458,78.4332152,NO2,25,30,27
India,Telangana,Hyderabad,"Sanathnagar, Hyderabad - TSPCB",18-11-2025 17:00,17.4559458,78.4332152,CO,4,14,8
India,Telangana,Hyderabad,"Sanathnagar, Hyderabad - TSPCB",18-11-2025 17:00,17.4559458,78.4332152,OZONE,12,16,14
India,Telangana,Hyderabad,"Somajiguda, Hyderabad - TSPCB",18-11-2025 17:00,17.417094,78.457437,NH3,3,5,4
India,Telangana,Hyderabad,"Somajiguda, Hyderabad - TSPCB",18-11-2025 17:00,17.417094,78.457437,SO2,11,17,14
India,Telangana,Hyderabad,"Somajiguda, Hyderabad - TSPCB",18-11-2025 17:00,17.417094,78.457437,OZONE,25,92,71
India,Telangana,Hyderabad,"Zoo Park, Hyderabad - TSPCB",18-11-2025 17:00,17.349694,78.451437,PM2.5,142,182,166
India,Uttar_Pradesh,Agra,"Manoharpur, Agra - UPPCB",18-11-2025 17:00,27.23711,78.01936,PM2.5,72,225,150
India,Telangana,Hyderabad,"Central University, Hyderabad - TSPCB",18-11-2025 17:00,17.460103,78.334361,PM2.5,NA,NA,NA
India,Telangana,Hyderabad,"Central University, Hyderabad - TSPCB",18-11-2025 17:00,17.460103,78.334361,NH3,NA,NA,NA
India,Telangana,Hyderabad,"Central University, Hyderabad - TSPCB",18-11-2025 17:00,17.460103,78.334361,CO,16,26,21
India,Telangana,Hyderabad,"ECIL Kapra, Hyderabad - TSPCB",18-11-2025 17:00,17.470431,78.566959,SO2,11,21,18
India,Telangana,Hyderabad,"ICRISAT Patancheru, Hyderabad - TSPCB",18-11-2025 17:00,17.5184,78.278777,OZONE,6,96,80
India,Uttar_Pradesh,Bareilly,"Civil Lines, Bareilly - UPPCB",18-11-2025 17:00,28.359581,79.414455,NO2,2,3,2
India,Uttar_Pradesh,Bulandshahr,"Yamunapuram, Bulandshahr - UPPCB",18-11-2025 17:00,28.406963,77.849831,PM2.5,190,405,335
India,Uttar_Pradesh,Bulandshahr,"Yamunapuram, Bulandshahr - UPPCB",18-11-2025 17:00,28.406963,77.849831,PM10,152,402,261
India,Uttar_Pradesh,Agra,"Rohta, Agra - UPPCB",18-11-2025 17:00,27.106972,78.000111,PM10,108,329,186
India,Uttar_Pradesh,Agra,"Rohta, Agra - UPPCB",18-11-2025 17:00,27.106972,78.000111,SO2,19,44,31
India,Uttar_Pradesh,Agra,"Sanjay Palace, Agra - UPPCB",18-11-2025 17:00,27.19865833,78.00598056,NO2,7,38,16
India,Uttar_Pradesh,Meerut,"Ganga Nagar, Meerut - UPPCB",18-11-2025 17:00,28.999264,77.7590354,PM10,171,496,342
India,Uttar_Pradesh,Meerut,"Ganga Nagar, Meerut - UPPCB",18-11-2025 17:00,28.999264,77.7590354,NH3,2,7,5
India,Uttar_Pradesh,Meerut,"Ganga Nagar, Meerut - UPPCB",18-11-2025 17:00,28.999264,77.7590354,CO,12,122,46
India,Uttar_Pradesh,Meerut,"Jai Bhim Nagar, Meerut - UPPCB",18-11-2025 17:00,28.9535882,77.7622941,PM10,165,500,368
India,Uttar_Pradesh,Meerut,"Jai Bhim Nagar, Meerut - UPPCB",18-11-2025 17:00,28.9535882,77.7622941,NH3,23,44,32
India,Uttar_Pradesh,Meerut,"Jai Bhim Nagar, Meerut - UPPCB",18-11-2025 17:00,28.9535882,77.7622941,CO,31,142,60
India,Uttar_Pradesh,Meerut,"Pallavpuram Phase 2, Meerut - UPPCB",18-11-2025 17:00,29.06351,77.709723,SO2,12,51,22
India,Uttar_Pradesh,Meerut,"Pallavpuram Phase 2, Meerut - UPPCB",18-11-2025 17:00,29.06351,77.709723,OZONE,1,185,108
India,Uttar_Pradesh,Moradabad,"Transport Nagar, Moradabad - UPPCB",18-11-2025 17:00,28.802625,78.753728,OZONE,25,57,43
India,Uttar_Pradesh,Muzaffarnagar,"New Mandi, Muzaffarnagar - UPPCB",18-11-2025 17:00,29.4723508,77.7194031,PM2.5,124,465,309
India,Uttar_Pradesh,Noida,"Sector - 125, Noida - UPPCB",18-11-2025 17:00,28.5447608,77.3231257,PM2.5,326,441,379
India,Uttar_Pradesh,Noida,"Sector - 62, Noida - IMD",18-11-2025 17:00,28.6245479,77.3577104,PM2.5,227,446,358
India,Uttar_Pradesh,Noida,"Sector - 62, Noida - IMD",18-11-2025 17:00,28.6245479,77.3577104,PM10,167,442,322
India,Uttar_Pradesh,Noida,"Sector - 62, Noida - IMD",18-11-2025 17:00,28.6245479,77.3577104,CO,28,138,64
India,Uttar_Pradesh,Khurja,"Kalindi Kunj, Khurja - UPPCB",18-11-2025 17:00,28.2348927,77.8683002,NO2,6,7,7
India,Uttar_Pradesh,Khurja,"Kalindi Kunj, Khurja - UPPCB",18-11-2025 17:00,28.2348927,77.8683002,NH3,1,1,1
India,Uttar_Pradesh,Khurja,"Kalindi Kunj, Khurja - UPPCB",18-11-2025 17:00,28.2348927,77.8683002,OZONE,103,318,303
India,Uttar_Pradesh,Lucknow,"B R Ambedkar University, Lucknow - UPPCB",18-11-2025 17:00,26.766433,80.927299,SO2,24,26,25
India,Uttar_Pradesh,Lucknow,"Gomti Nagar, Lucknow - UPPCB",18-11-2025 17:00,26.86812,81.005119,CO,32,39,38
India,Uttar_Pradesh,Lucknow,"Kendriya Vidyalaya, Lucknow - CPCB",18-11-2025 17:00,26.906111,80.948222,NH3,12,17,15
India,Uttar_Pradesh,Moradabad,"Jigar Colony, Moradabad - UPPCB",18-11-2025 17:00,28.856664,78.772638,NO2,23,25,25
India,Uttar_Pradesh,Moradabad,"Jigar Colony, Moradabad - UPPCB",18-11-2025 17:00,28.856664,78.772638,OZONE,17,24,21
India,Uttar_Pradesh,Moradabad,"Kashiram Nagar, Moradabad - UPPCB",18-11-2025 17:00,28.849399,78.742362,PM2.5,33,171,81
India,Uttar_Pradesh,Moradabad,"Kashiram Nagar, Moradabad - UPPCB",18-11-2025 17:00,28.849399,78.742362,PM10,51,157,102
India,Uttar_Pradesh,Moradabad,"Kashiram Nagar, Moradabad - UPPCB",18-11-2025 17:00,28.849399,78.742362,NO2,25,25,25
India,Uttar_Pradesh,Moradabad,"Kashiram Nagar, Moradabad - UPPCB",18-11-2025 17:00,28.849399,78.742362,SO2,5,101,64
India,Uttar_Pradesh,Moradabad,"Transport Nagar, Moradabad - UPPCB",18-11-2025 17:00,28.802625,78.753728,NO2,29,30,30
India,Uttar_Pradesh,Greater Noida,"Knowledge Park - III, Greater Noida - UPPCB",18-11-2025 17:00,28.47272,77.482,SO2,25,53,34
India,Uttar_Pradesh,Greater Noida,"Knowledge Park - III, Greater Noida - UPPCB",18-11-2025 17:00,28.47272,77.482,CO,21,142,58
India,Uttar_Pradesh,Greater Noida,"Knowledge Park - III, Greater Noida - UPPCB",18-11-2025 17:00,28.47272,77.482,OZONE,2,215,109
India,Uttar_Pradesh,Greater Noida,"Knowledge Park - V, Greater Noida - UPPCB",18-11-2025 17:00,28.557054,77.453663,PM10,402,500,480
India,Uttar_Pradesh,Jhansi,"Shivaji Nagar, Jhansi - UPPCB",18-11-2025 17:00,25.4547,78.6039,PM2.5,44,244,104
India,Uttar_Pradesh,Jhansi,"Shivaji Nagar, Jhansi - UPPCB",18-11-2025 17:00,25.4547,78.6039,NH3,4,4,4
India,Uttar_Pradesh,Kanpur,"FTI Kidwai Nagar, Kanpur - UPPCB",18-11-2025 17:00,26.428282,80.327067,PM2.5,18,192,76
India,Uttar_Pradesh,Kanpur,"NSI Kalyanpur, Kanpur - UPPCB",18-11-2025 17:00,26.509954,80.249612,NO2,22,22,22
India,Uttar_Pradesh,Kanpur,"Nehru Nagar, Kanpur - UPPCB",18-11-2025 17:00,26.4703136,80.3229863,CO,30,64,36
India,Uttar_Pradesh,Kanpur,"Nehru Nagar, Kanpur - UPPCB",18-11-2025 17:00,26.4703136,80.3229863,OZONE,6,43,30
India,Uttar_Pradesh,Lucknow,"Kendriya Vidyalaya, Lucknow - CPCB",18-11-2025 17:00,26.906111,80.948222,OZONE,10,79,55
India,Uttar_Pradesh,Lucknow,"Lalbagh, Lucknow - CPCB",18-11-2025 17:00,26.8458805,80.9365541,SO2,3,35,12
India,Uttar_Pradesh,Lucknow,"Talkatora District Industries Center, Lucknow - CPCB",18-11-2025 17:00,26.83399722,80.8917361,SO2,1,46,6
India,Uttar_Pradesh,Noida,"Sector-1, Noida - UPPCB",18-11-2025 17:00,28.5898,77.3101,NH3,14,27,22
India,Uttar_Pradesh,Noida,"Sector-116, Noida - UPPCB",18-11-2025 17:00,28.56923,77.393848,PM2.5,316,500,428
India,Uttar_Pradesh,Prayagraj,"Jhunsi, Prayagraj - UPPCB",18-11-2025 17:00,25.425602,81.917152,OZONE,14,47,26
India,Uttar_Pradesh,Moradabad,"Buddhi Vihar, Moradabad - UPPCB",18-11-2025 17:00,28.83526,78.7446,SO2,79,88,85
India,West_Bengal,Howrah,"Botanical Garden, Howrah - WBPCB",18-11-2025 17:00,22.554954,88.292568,SO2,8,11,10
India,West_Bengal,Howrah,"Botanical Garden, Howrah - WBPCB",18-11-2025 17:00,22.554954,88.292568,OZONE,5,43,31
India,West_Bengal,Howrah,"Dasnagar, Howrah - WBPCB",18-11-2025 17:00,22.6025571,88.3105664,PM10,50,154,110
India,West_Bengal,Howrah,"Dasnagar, Howrah - WBPCB",18-11-2025 17:00,22.6025571,88.3105664,NO2,12,85,40
India,West_Bengal,Howrah,"Dasnagar, Howrah - WBPCB",18-11-2025 17:00,22.6025571,88.3105664,NH3,1,4,2
India,West_Bengal,Howrah,"Dasnagar, Howrah - WBPCB",18-11-2025 17:00,22.6025571,88.3105664,CO,28,103,35
India,West_Bengal,Howrah,"Ghusuri, Howrah - WBPCB",18-11-2025 17:00,22.611968,88.347422,OZONE,8,24,17
India,West_Bengal,Howrah,"Padmapukur, Howrah - WBPCB",18-11-2025 17:00,22.5687319,88.2797276,OZONE,3,92,66
India,West_Bengal,Asansol,"Evelyn Lodge, Asansol - WBPCB",18-11-2025 17:00,23.697936,86.944395,NO2,7,37,18
India,West_Bengal,Asansol,"Evelyn Lodge, Asansol - WBPCB",18-11-2025 17:00,23.697936,86.944395,CO,9,43,19
India,West_Bengal,Asansol,"Mahabir Colliery, Asansol - WBPCB",18-11-2025 17:00,23.618183,87.105718,NH3,1,1,1
India,West_Bengal,Asansol,"Trivenidevi Bhalotia College, Asansol - WBPCB",18-11-2025 17:00,23.616515,87.119133,PM2.5,37,268,104
India,West_Bengal,Asansol,"Trivenidevi Bhalotia College, Asansol - WBPCB",18-11-2025 17:00,23.616515,87.119133,PM10,43,158,99
India,West_Bengal,Asansol,"Trivenidevi Bhalotia College, Asansol - WBPCB",18-11-2025 17:00,23.616515,87.119133,NO2,10,48,23
India,West_Bengal,Asansol,"Trivenidevi Bhalotia College, Asansol - WBPCB",18-11-2025 17:00,23.616515,87.119133,CO,16,64,36
India,West_Bengal,Asansol,"Trivenidevi Bhalotia College, Asansol - WBPCB",18-11-2025 17:00,23.616515,87.119133,OZONE,32,63,49
India,West_Bengal,Kolkata,"Jadavpur, Kolkata - WBPCB",18-11-2025 17:00,22.49929,88.36917,OZONE,9,47,28
India,West_Bengal,Kolkata,"Rabindra Bharati University, Kolkata - WBPCB",18-11-2025 17:00,22.627847,88.380669,NH3,12,13,12
India,West_Bengal,Kolkata,"Rabindra Sarobar, Kolkata - WBPCB",18-11-2025 17:00,22.51106,88.35142,PM2.5,37,142,82
India,West_Bengal,Kolkata,"Rabindra Sarobar, Kolkata - WBPCB",18-11-2025 17:00,22.51106,88.35142,PM10,64,116,94
India,West_Bengal,Kolkata,"Rabindra Sarobar, Kolkata - WBPCB",18-11-2025 17:00,22.51106,88.35142,SO2,5,23,10
India,West_Bengal,Kolkata,"Rabindra Sarobar, Kolkata - WBPCB",18-11-2025 17:00,22.51106,88.35142,OZONE,2,114,86
India,West_Bengal,Kolkata,"Victoria, Kolkata - WBPCB",18-11-2025 17:00,22.5448082,88.3403691,NH3,4,5,4
India,West_Bengal,Durgapur,"Mahishkapur Road_B-Zone, Durgapur - WBPCB",18-11-2025 17:00,23.567923,87.306843,PM10,48,146,109
India,West_Bengal,Durgapur,"Mahishkapur Road_B-Zone, Durgapur - WBPCB",18-11-2025 17:00,23.567923,87.306843,NO2,9,60,25
India,West_Bengal,Durgapur,"PCBL Residential Complex, Durgapur - WBPCB",18-11-2025 17:00,23.508764,87.35444,PM2.5,22,138,86
India,West_Bengal,Durgapur,"Womens College_City Center, Durgapur - WBPCB (Formerly known as Sidhu Kanhu Indoor Stadium)",18-11-2025 17:00,23.549395,87.300496,PM2.5,36,141,81
India,Uttar_Pradesh,Varanasi,"Maldahiya, Varanasi - UPPCB",18-11-2025 17:00,25.32393,82.99687,PM10,43,160,110
India,Uttar_Pradesh,Varanasi,"Maldahiya, Varanasi - UPPCB",18-11-2025 17:00,25.32393,82.99687,CO,20,109,29
India,Uttar_Pradesh,Vrindavan,"Omex Eternity, Vrindavan - UPPCB",18-11-2025 17:00,27.571409,77.655757,NO2,12,12,12
India,Uttarakhand,Dehradun,"Doon University, Dehradun - UKPCB",18-11-2025 17:00,30.269444,78.044167,NO2,1,5,2
India,Uttar_Pradesh,Prayagraj,"Nagar Nigam, Prayagraj - UPPCB",18-11-2025 17:00,25.44919916,81.82735986,CO,32,125,53
India,Uttar_Pradesh,Prayagraj,"Nagar Nigam, Prayagraj - UPPCB",18-11-2025 17:00,25.44919916,81.82735986,OZONE,11,12,11
India,Uttar_Pradesh,Varanasi,"Ardhali Bazar, Varanasi - UPPCB",18-11-2025 17:00,25.3505986,82.9083074,PM2.5,33,190,113
India,Uttar_Pradesh,Varanasi,"Ardhali Bazar, Varanasi - UPPCB",18-11-2025 17:00,25.3505986,82.9083074,NO2,17,125,109
India,Uttar_Pradesh,Varanasi,"Ardhali Bazar, Varanasi - UPPCB",18-11-2025 17:00,25.3505986,82.9083074,CO,8,16,13
India,Uttarakhand,Dehradun,"Doon University, Dehradun - UKPCB",18-11-2025 17:00,30.269444,78.044167,OZONE,27,63,54
India,West_Bengal,Asansol,"Asansol Court Area, Asansol - WBPCB",18-11-2025 17:00,23.685297,86.945968,OZONE,25,45,41
India,West_Bengal,Haldia,"Priyambada Housing Estate, Haldia - WBPCB",18-11-2025 17:00,22.06047,88.109737,PM2.5,NA,NA,NA
India,West_Bengal,Howrah,"Belur Math, Howrah - WBPCB",18-11-2025 17:00,22.629801,88.352017,NO2,21,50,32
India,West_Bengal,Kolkata,"Fort William, Kolkata - WBPCB",18-11-2025 17:00,22.55664,88.342674,CO,20,90,27
India,West_Bengal,Kolkata,"Victoria, Kolkata - WBPCB",18-11-2025 17:00,22.5448082,88.3403691,CO,42,98,46
India,West_Bengal,Siliguri,"Ward-32 Bapupara, Siliguri - WBPCB",18-11-2025 17:00,26.6879226,88.4152495,SO2,12,21,15
India,Andhra_Pradesh,Rajamahendravaram,"Anand Kala Kshetram, Rajamahendravaram - APPCB",18-11-2025 17:00,16.9872867,81.7363176,CO,16,58,27
India,Andhra_Pradesh,Rajamahendravaram,"Anand Kala Kshetram, Rajamahendravaram - APPCB",18-11-2025 17:00,16.9872867,81.7363176,OZONE,21,47,41
India,Andhra_Pradesh,Tirumala,"Toll Gate, Tirumala - APPCB",18-11-2025 17:00,13.67,79.35,NH3,1,1,1
India,Andhra_Pradesh,Tirumala,"Toll Gate, Tirumala - APPCB",18-11-2025 17:00,13.67,79.35,CO,28,54,36
India,Andhra_Pradesh,Rajamahendravaram,"Anand Kala Kshetram, Rajamahendravaram - APPCB",18-11-2025 17:00,16.9872867,81.7363176,PM10,64,165,105
India,Andhra_Pradesh,Rajamahendravaram,"Anand Kala Kshetram, Rajamahendravaram - APPCB",18-11-2025 17:00,16.9872867,81.7363176,SO2,7,30,15
India,Andhra_Pradesh,Chittoor,"Gangineni Cheruvu, Chittoor - APPCB",18-11-2025 17:00,13.20488,79.097889,OZONE,53,58,55
India,Andhra_Pradesh,Amaravati,"Secretariat, Amaravati - APPCB",18-11-2025 17:00,16.5150833,80.5181667,OZONE,19,54,49
India,Andhra_Pradesh,Amaravati,"Secretariat, Amaravati - APPCB",18-11-2025 17:00,16.5150833,80.5181667,SO2,5,14,8
India,Andhra_Pradesh,Kadapa,"Yerramukkapalli, Kadapa - APPCB",18-11-2025 17:00,14.465052,78.824187,CO,31,70,36
India,Andhra_Pradesh,Tirupati,"Vaikuntapuram, Tirupati - APPCB",18-11-2025 17:00,13.615387,79.40923,SO2,9,10,9
India,Andhra_Pradesh,Tirumala,"Toll Gate, Tirumala - APPCB",18-11-2025 17:00,13.67,79.35,PM10,20,86,61
India,Andhra_Pradesh,Visakhapatnam,"GVM Corporation, Visakhapatnam - APPCB",18-11-2025 17:00,17.72,83.3,OZONE,69,144,127
India,Arunachal_Pradesh,Naharlagun,"Naharlagun, Naharlagun - APSPCB",18-11-2025 17:00,27.103358,93.679645,PM10,38,172,83
India,Arunachal_Pradesh,Naharlagun,"Naharlagun, Naharlagun - APSPCB",18-11-2025 17:00,27.103358,93.679645,NO2,6,7,6
India,Assam,Nalbari,"Bata Chowk, Nalbari - PCBA",18-11-2025 17:00,26.446912,91.439057,NO2,9,20,14
India,Assam,Silchar,"Tarapur, Silchar - PCBA",18-11-2025 17:00,24.82827,92.79525,SO2,5,7,6
India,Assam,Sivasagar,"Girls College, Sivasagar - PCBA",18-11-2025 17:00,26.987634,94.636574,PM10,25,68,50
India,Bihar,Araria,"Kharahiya Basti, Araria - BSPCB",18-11-2025 17:00,26.146529,87.454184,NO2,1,64,21
India,Bihar,Araria,"Kharahiya Basti, Araria - BSPCB",18-11-2025 17:00,26.146529,87.454184,NH3,9,12,11
India,Bihar,Araria,"Kharahiya Basti, Araria - BSPCB",18-11-2025 17:00,26.146529,87.454184,OZONE,10,10,10
India,Bihar,Arrah,"New DM Office, Arrah - BSPCB",18-11-2025 17:00,25.5626095,84.663264,NO2,5,9,7
India,Assam,Guwahati,"Pan Bazaar, Guwahati - PCBA",18-11-2025 17:00,26.1875,91.744194,OZONE,17,22,18
India,Assam,Guwahati,"Railway Colony, Guwahati - PCBA",18-11-2025 17:00,26.181742,91.78063,PM10,16,159,79
India,Assam,Nagaon,"Christianpatty, Nagaon - PCBA",18-11-2025 17:00,26.349082,92.68449,PM10,26,35,32
India,Arunachal_Pradesh,Naharlagun,"Naharlagun, Naharlagun - APSPCB",18-11-2025 17:00,27.103358,93.679645,SO2,8,9,8
India,Assam,Byrnihat,"Central Academy for SFS, Byrnihat - PCBA",18-11-2025 17:00,26.071318,91.87488,PM10,73,107,88
India,Andhra_Pradesh,Vijayawada,"HB Colony, Vijayawada - APPCB",18-11-2025 17:00,16.536107,80.594233,PM10,49,101,72
India,Andhra_Pradesh,Vijayawada,"HB Colony, Vijayawada - APPCB",18-11-2025 17:00,16.536107,80.594233,OZONE,NA,NA,NA
India,Andhra_Pradesh,Vijayawada,"Rajiv Nagar, Vijayawada - APPCB",18-11-2025 17:00,16.554731,80.64911,NO2,10,10,10
India,Assam,Guwahati,"IITG, Guwahati - PCBA",18-11-2025 17:00,26.2028636,91.70046436,CO,6,22,8
India,Bihar,Chhapra,"Darshan Nagar, Chhapra - BSPCB",18-11-2025 17:00,25.7808257,84.7446768,OZONE,2,43,10
India,Bihar,Gaya,"Collectorate, Gaya - BSPCB",18-11-2025 17:00,24.7955,84.9994,NO2,NA,NA,NA
India,Bihar,Gaya,"Collectorate, Gaya - BSPCB",18-11-2025 17:00,24.7955,84.9994,CO,NA,NA,NA
India,Bihar,Gaya,"Kareemganj, Gaya - BSPCB",18-11-2025 17:00,24.792403,84.992416,PM2.5,40,273,118
India,Bihar,Gaya,"Kareemganj, Gaya - BSPCB",18-11-2025 17:00,24.792403,84.992416,PM10,100,360,197
India,Bihar,Gaya,"Kareemganj, Gaya - BSPCB",18-11-2025 17:00,24.792403,84.992416,NO2,3,8,5
India,Bihar,Gaya,"Kareemganj, Gaya - BSPCB",18-11-2025 17:00,24.792403,84.992416,SO2,15,16,16
India,Bihar,Gaya,"Kareemganj, Gaya - BSPCB",18-11-2025 17:00,24.792403,84.992416,CO,38,40,40
India,Bihar,Gaya,"SFTI Kusdihra, Gaya - BSPCB",18-11-2025 17:00,24.762518,84.982348,NO2,24,28,25
India,Bihar,Arrah,"New DM Office, Arrah - BSPCB",18-11-2025 17:00,25.5626095,84.663264,OZONE,5,17,9
India,Bihar,Aurangabad,"Gurdeo Nagar, Aurangabad - BSPCB",18-11-2025 17:00,24.75746,84.366208,PM2.5,38,183,70
India,Bihar,Aurangabad,"Gurdeo Nagar, Aurangabad - BSPCB",18-11-2025 17:00,24.75746,84.366208,NH3,1,2,2
India,Bihar,Begusarai,"Lohiyanagar, Begusarai - BSPCB",18-11-2025 17:00,25.42742023,86.13886079,PM2.5,12,220,76
India,Bihar,Begusarai,"Lohiyanagar, Begusarai - BSPCB",18-11-2025 17:00,25.42742023,86.13886079,PM10,14,162,87
India,Bihar,Begusarai,"Lohiyanagar, Begusarai - BSPCB",18-11-2025 17:00,25.42742023,86.13886079,NO2,16,23,20
India,Bihar,Begusarai,"Lohiyanagar, Begusarai - BSPCB",18-11-2025 17:00,25.42742023,86.13886079,SO2,33,39,37
India,Bihar,Katihar,"Mirchaibari, Katihar - BSPCB",18-11-2025 17:00,25.560083,87.553265,SO2,10,20,15
India,Bihar,Kishanganj,"SDM Office_Khagra, Kishanganj - BSPCB",18-11-2025 17:00,26.0881305,87.93840336,PM10,32,413,117
India,Bihar,Kishanganj,"SDM Office_Khagra, Kishanganj - BSPCB",18-11-2025 17:00,26.0881305,87.93840336,NH3,3,3,3
India,Bihar,Kishanganj,"SDM Office_Khagra, Kishanganj - BSPCB",18-11-2025 17:00,26.0881305,87.93840336,OZONE,16,20,17
India,Bihar,Manguraha,"Forest Rest House, Manguraha - BSPCB",18-11-2025 17:00,27.308328,84.531742,PM2.5,33,113,55
India,Bihar,Manguraha,"Forest Rest House, Manguraha - BSPCB",18-11-2025 17:00,27.308328,84.531742,NO2,3,12,5
India,Bihar,Bettiah,"Kamalnath Nagar, Bettiah - BSPCB",18-11-2025 17:00,26.80365,84.51954,NO2,3,10,8
India,Bihar,Bettiah,"Kamalnath Nagar, Bettiah - BSPCB",18-11-2025 17:00,26.80365,84.51954,OZONE,21,23,21
India,Bihar,Bhagalpur,"DM Office_Kachari Chowk, Bhagalpur - BSPCB",18-11-2025 17:00,25.251013,86.989001,NO2,NA,NA,NA
India,Bihar,Buxar,"Charitra Van, Buxar - BSPCB",18-11-2025 17:00,25.56752,83.966379,PM2.5,65,223,139
India,Bihar,Chhapra,"Darshan Nagar, Chhapra - BSPCB",18-11-2025 17:00,25.7808257,84.7446768,NH3,NA,NA,NA
India,Bihar,Chhapra,"Darshan Nagar, Chhapra - BSPCB",18-11-2025 17:00,25.7808257,84.7446768,SO2,NA,NA,NA
India,Bihar,Gaya,"SFTI Kusdihra, Gaya - BSPCB",18-11-2025 17:00,24.762518,84.982348,SO2,8,9,9
India,Bihar,Hajipur,"Industrial Area, Hajipur - BSPCB",18-11-2025 17:00,25.697189,85.2459,CO,26,68,35
India,Bihar,Muzaffarpur,"Buddha Colony, Muzaffarpur - BSPCB",18-11-2025 17:00,26.11442,85.39813,PM2.5,72,200,142
India,Bihar,Muzaffarpur,"Buddha Colony, Muzaffarpur - BSPCB",18-11-2025 17:00,26.11442,85.39813,NH3,7,13,10
India,Bihar,Motihari,"Gandak Colony, Motihari - BSPCB",18-11-2025 17:00,26.63086,84.90051,NH3,3,3,3
India,Bihar,Motihari,"Gandak Colony, Motihari - BSPCB",18-11-2025 17:00,26.63086,84.90051,CO,22,38,26
India,Bihar,Bihar Sharif,"D M Colony, Bihar Sharif - BSPCB",18-11-2025 17:00,25.204762,85.51496,SO2,NA,NA,NA
India,Chandigarh,Chandigarh,"Sector-25, Chandigarh - CPCC",18-11-2025 17:00,30.751462,76.762879,SO2,6,12,9
India,Chandigarh,Chandigarh,"Sector-53, Chandigarh - CPCC",18-11-2025 17:00,30.719859,76.738637,PM10,34,156,90
India,Chandigarh,Chandigarh,"Sector-53, Chandigarh - CPCC",18-11-2025 17:00,30.719859,76.738637,NO2,24,174,79
India,Chhattisgarh,Bhilai,"32Bungalows, Bhilai - CECB",18-11-2025 17:00,21.194815,81.31477,PM10,74,116,96
India,Chhattisgarh,Bhilai,"32Bungalows, Bhilai - CECB",18-11-2025 17:00,21.194815,81.31477,NO2,28,113,59
India,Bihar,Muzaffarpur,"Muzaffarpur Collectorate, Muzaffarpur - BSPCB",18-11-2025 17:00,26.1209,85.3647,PM2.5,95,140,115
India,Bihar,Patna,"DRM Office Danapur, Patna - BSPCB",18-11-2025 17:00,25.586562,85.043586,PM2.5,94,294,174
India,Bihar,Patna,"DRM Office Danapur, Patna - BSPCB",18-11-2025 17:00,25.586562,85.043586,NH3,6,18,10
India,Bihar,Patna,"Govt. High School Shikarpur, Patna - BSPCB",18-11-2025 17:00,25.592539,85.227158,PM10,NA,NA,NA
India,Bihar,Patna,"Rajbansi Nagar, Patna - BSPCB",18-11-2025 17:00,25.599486,85.113666,NO2,79,275,141
India,Bihar,Patna,"Rajbansi Nagar, Patna - BSPCB",18-11-2025 17:00,25.599486,85.113666,OZONE,5,10,6
India,Bihar,Patna,"Samanpura, Patna - BSPCB",18-11-2025 17:00,25.596727,85.085624,NO2,35,49,44
India,Bihar,Patna,"Samanpura, Patna - BSPCB",18-11-2025 17:00,25.596727,85.085624,NH3,6,7,6
India,Bihar,Patna,"Samanpura, Patna - BSPCB",18-11-2025 17:00,25.596727,85.085624,CO,4,101,55
India,Bihar,Sasaram,"Dada Peer, Sasaram - BSPCB",18-11-2025 17:00,24.952822,84.002396,NH3,2,3,3
India,Bihar,Siwan,"Chitragupta Nagar, Siwan - BSPCB",18-11-2025 17:00,26.2271665,84.3570427,NO2,1,2,1
India,Chandigarh,Chandigarh,"Sector 22, Chandigarh - CPCC",18-11-2025 17:00,30.735567,76.775714,NH3,3,9,8
India,Chhattisgarh,Chhal,"Nawapara SECL Colony, Chhal - CECB",18-11-2025 17:00,22.118125,83.140608,NO2,8,27,14
India,Chhattisgarh,Chhal,"Nawapara SECL Colony, Chhal - CECB",18-11-2025 17:00,22.118125,83.140608,OZONE,6,180,166
India,Chhattisgarh,Kunjemura,"OP Jindal School, Kunjemura - CECB",18-11-2025 17:00,22.12665,83.483212,PM2.5,1,40,30
India,Bihar,Patna,"Muradpur, Patna - BSPCB",18-11-2025 17:00,25.619651,85.147382,PM2.5,87,193,136
India,Bihar,Patna,"Muradpur, Patna - BSPCB",18-11-2025 17:00,25.619651,85.147382,NO2,10,12,11
India,Bihar,Patna,"Muradpur, Patna - BSPCB",18-11-2025 17:00,25.619651,85.147382,NH3,4,5,4
India,Bihar,Patna,"Muradpur, Patna - BSPCB",18-11-2025 17:00,25.619651,85.147382,SO2,7,10,9
India,Chhattisgarh,Bhilai,"Civic Center, Bhilai - Bhilai Steel Plant",18-11-2025 17:00,21.185571,81.343175,NH3,3,3,3
India,Chhattisgarh,Bhilai,"Hathkhoj, Bhilai - CECB",18-11-2025 17:00,21.224231,81.40835,NH3,4,5,4
India,Bihar,Samastipur,"DM Office_Kasipur, Samastipur - BSPCB",18-11-2025 17:00,25.859655,85.77944,PM2.5,25,123,67
India,Bihar,Rajgir,"Dangi Tola, Rajgir - BSPCB",18-11-2025 17:00,25.0328,85.41948,NO2,8,10,9
India,Delhi,Delhi,"Bawana, Delhi - DPCC",18-11-2025 17:00,28.7762,77.051074,CO,40,138,62
India,Delhi,Delhi,"Burari Crossing, Delhi - IMD",18-11-2025 17:00,28.7256504,77.2011573,PM10,188,461,373
India,Delhi,Delhi,"Burari Crossing, Delhi - IMD",18-11-2025 17:00,28.7256504,77.2011573,NO2,1,207,89
India,Delhi,Delhi,"Burari Crossing, Delhi - IMD",18-11-2025 17:00,28.7256504,77.2011573,OZONE,13,201,102
India,Delhi,Delhi,"CRRI Mathura Road, Delhi - IMD",18-11-2025 17:00,28.5512005,77.2735737,CO,42,147,72
India,Delhi,Delhi,"Chandni Chowk, Delhi - IITM",18-11-2025 17:00,28.656756,77.227234,PM10,205,500,413
India,Delhi,Delhi,"DTU, Delhi - CPCB",18-11-2025 17:00,28.7500499,77.1112615,PM2.5,230,500,415
India,Delhi,Delhi,"DTU, Delhi - CPCB",18-11-2025 17:00,28.7500499,77.1112615,NO2,50,94,74
India,Delhi,Delhi,"Dr. Karni Singh Shooting Range, Delhi - DPCC",18-11-2025 17:00,28.498571,77.26484,PM10,179,418,267
India,Delhi,Delhi,"Dr. Karni Singh Shooting Range, Delhi - DPCC",18-11-2025 17:00,28.498571,77.26484,NO2,86,130,104
India,Delhi,Delhi,"Dr. Karni Singh Shooting Range, Delhi - DPCC",18-11-2025 17:00,28.498571,77.26484,SO2,20,38,26
India,Delhi,Delhi,"Dwarka-Sector 8, Delhi - DPCC ",18-11-2025 17:00,28.5710274,77.0719006,NO2,61,152,114
India,Delhi,Delhi,"IGI Airport (T3), Delhi - IMD",18-11-2025 17:00,28.5627763,77.1180053,NO2,124,308,212
India,Delhi,Delhi,"IGI Airport (T3), Delhi - IMD",18-11-2025 17:00,28.5627763,77.1180053,OZONE,1,11,3
India,Delhi,Delhi,"Lodhi Road, Delhi - IITM",18-11-2025 17:00,28.588333,77.221667,PM10,NA,NA,NA
India,Delhi,Delhi,"Lodhi Road, Delhi - IITM",18-11-2025 17:00,28.588333,77.221667,NO2,NA,NA,NA
India,Delhi,Delhi,"Lodhi Road, Delhi - IITM",18-11-2025 17:00,28.588333,77.221667,SO2,NA,NA,NA
India,Delhi,Delhi,"Lodhi Road, Delhi - IMD",18-11-2025 17:00,28.5918245,77.2273074,PM10,NA,NA,NA
India,Delhi,Delhi,"Lodhi Road, Delhi - IMD",18-11-2025 17:00,28.5918245,77.2273074,NO2,NA,NA,NA
India,Delhi,Delhi,"Lodhi Road, Delhi - IMD",18-11-2025 17:00,28.5918245,77.2273074,OZONE,8,158,124
India,Delhi,Delhi,"Major Dhyan Chand National Stadium, Delhi - DPCC",18-11-2025 17:00,28.611281,77.237738,PM2.5,147,416,313
India,Chhattisgarh,Tumidih,"OP Jindal Industrial Park, Tumidih - CECB",18-11-2025 17:00,22.06631475,83.33820077,CO,22,78,27
India,Chhattisgarh,Tumidih,"OP Jindal Industrial Park, Tumidih - CECB",18-11-2025 17:00,22.06631475,83.33820077,OZONE,4,120,82
India,Delhi,Delhi,"Alipur, Delhi - DPCC",18-11-2025 17:00,28.815329,77.15301,PM10,206,495,384
India,Delhi,Delhi,"Alipur, Delhi - DPCC",18-11-2025 17:00,28.815329,77.15301,CO,48,112,72
India,Delhi,Delhi,"IHBAS, Dilshad Garden, Delhi - CPCB",18-11-2025 17:00,28.6811736,77.3025234,NO2,50,55,53
India,Delhi,Delhi,"IHBAS, Dilshad Garden, Delhi - CPCB",18-11-2025 17:00,28.6811736,77.3025234,SO2,25,53,34
India,Delhi,Delhi,"ITO, Delhi - CPCB",18-11-2025 17:00,28.628624,77.24106,OZONE,9,62,36
India,Delhi,Delhi,"Jawaharlal Nehru Stadium, Delhi - DPCC",18-11-2025 17:00,28.58028,77.233829,PM2.5,273,446,363
India,Chhattisgarh,Milupara,"Govt. Higher Secondary School, Milupara - CECB",18-11-2025 17:00,22.1910172,83.5197009,PM2.5,44,95,68
India,Chhattisgarh,Milupara,"Govt. Higher Secondary School, Milupara - CECB",18-11-2025 17:00,22.1910172,83.5197009,NH3,NA,NA,NA
India,Chhattisgarh,Raipur,"AIIMS, Raipur - CECB",18-11-2025 17:00,21.258815,81.578979,PM2.5,18,62,38
India,Chhattisgarh,Raipur,"AIIMS, Raipur - CECB",18-11-2025 17:00,21.258815,81.578979,PM10,30,137,79
India,Delhi,Delhi,"Mandir Marg, Delhi - DPCC",18-11-2025 17:00,28.636429,77.201067,NO2,25,98,53
India,Delhi,Delhi,"Mundka, Delhi - DPCC",18-11-2025 17:00,28.684678,77.076574,PM2.5,203,477,393
India,Delhi,Delhi,"Mundka, Delhi - DPCC",18-11-2025 17:00,28.684678,77.076574,PM10,126,500,293
India,Delhi,Delhi,"Mundka, Delhi - DPCC",18-11-2025 17:00,28.684678,77.076574,NO2,65,197,134
India,Chhattisgarh,Raipur,"Bhatagaon New ISBT, Raipur - CECB",18-11-2025 17:00,21.219665,81.630094,OZONE,3,12,8
India,Chhattisgarh,Raipur,"Siltara Phase-II, Raipur - CECB",18-11-2025 17:00,21.371751,81.664929,PM10,50,157,117
India,Chhattisgarh,Raipur,"Siltara Phase-II, Raipur - CECB",18-11-2025 17:00,21.371751,81.664929,NO2,8,45,18
India,Delhi,Delhi,"Ashok Vihar, Delhi - DPCC",18-11-2025 17:00,28.695381,77.181665,PM10,191,500,387
India,Delhi,Delhi,"Ashok Vihar, Delhi - DPCC",18-11-2025 17:00,28.695381,77.181665,NH3,1,2,1
India,Delhi,Delhi,"Narela, Delhi - DPCC",18-11-2025 17:00,28.822836,77.101981,OZONE,5,172,106
India,Delhi,Delhi,"Nehru Nagar, Delhi - DPCC",18-11-2025 17:00,28.56789,77.250515,PM10,230,500,369
India,Delhi,Delhi,"Nehru Nagar, Delhi - DPCC",18-11-2025 17:00,28.56789,77.250515,NO2,35,114,69
India,Delhi,Delhi,"Nehru Nagar, Delhi - DPCC",18-11-2025 17:00,28.56789,77.250515,NH3,7,29,13
India,Delhi,Delhi,"Nehru Nagar, Delhi - DPCC",18-11-2025 17:00,28.56789,77.250515,SO2,16,63,41
India,Delhi,Delhi,"North Campus, DU, Delhi - IMD",18-11-2025 17:00,28.6573814,77.1585447,CO,64,176,102
India,Delhi,Delhi,"Okhla Phase-2, Delhi - DPCC",18-11-2025 17:00,28.530785,77.271255,OZONE,9,302,148
India,Gujarat,Ankleshwar,"GIDC, Ankleshwar - GPCB",18-11-2025 17:00,21.613267,73.010555,NO2,NA,NA,NA
India,Gujarat,Ankleshwar,"GIDC, Ankleshwar - GPCB",18-11-2025 17:00,21.613267,73.010555,CO,64,86,74
India,Gujarat,Ankleshwar,"GIDC, Ankleshwar - GPCB",18-11-2025 17:00,21.613267,73.010555,OZONE,47,75,66
India,Gujarat,Gandhinagar,"GIFT City, Gandhinagar - IITM",18-11-2025 17:00,23.163798,72.677768,NH3,3,12,6
India,Gujarat,Gandhinagar,"GIFT City, Gandhinagar - IITM",18-11-2025 17:00,23.163798,72.677768,CO,44,80,49
India,Gujarat,Gandhinagar,"IIPHG Lekawada, Gandhinagar - IITM",18-11-2025 17:00,23.243639,72.68994,PM2.5,75,169,114
India,Gujarat,Gandhinagar,"IIPHG Lekawada, Gandhinagar - IITM",18-11-2025 17:00,23.243639,72.68994,NH3,2,4,3
India,Delhi,Delhi,"Sirifort, Delhi - CPCB",18-11-2025 17:00,28.5504249,77.2159377,CO,40,173,75
India,Delhi,Delhi,"Sonia Vihar, Delhi - DPCC",18-11-2025 17:00,28.710508,77.249485,NO2,35,127,68
India,Delhi,Delhi,"Sri Aurobindo Marg, Delhi - DPCC",18-11-2025 17:00,28.531346,77.190156,PM2.5,147,417,329
India,Delhi,Delhi,"Sri Aurobindo Marg, Delhi - DPCC",18-11-2025 17:00,28.531346,77.190156,NH3,5,7,6
India,Delhi,Delhi,"Sri Aurobindo Marg, Delhi - DPCC",18-11-2025 17:00,28.531346,77.190156,OZONE,1,181,102
India,Gujarat,Ahmedabad,"Maninagar, Ahmedabad - GPCB",18-11-2025 17:00,23.002657,72.591912,SO2,29,45,40
India,Gujarat,Ahmedabad,"Raikhad, Ahmedabad - IITM",18-11-2025 17:00,23.020509,72.579261,CO,4,121,12
India,Gujarat,Ahmedabad,"Rakhial, Ahmedabad - IITM",18-11-2025 17:00,23.016834,72.625775,PM2.5,104,302,185
India,Gujarat,Ahmedabad,"Rakhial, Ahmedabad - IITM",18-11-2025 17:00,23.016834,72.625775,NH3,2,11,3
India,Gujarat,Ahmedabad,"Rakhial, Ahmedabad - IITM",18-11-2025 17:00,23.016834,72.625775,CO,18,124,35
India,Gujarat,Ahmedabad,"SAC ISRO Bopal, Ahmedabad - IITM",18-11-2025 17:00,23.041137,72.456691,NO2,18,24,21
India,Gujarat,Ahmedabad,"SAC ISRO Satellite, Ahmedabad - IITM",18-11-2025 17:00,23.023389,72.515201,NO2,23,166,73
India,Gujarat,Ahmedabad,"SVPI Airport Hansol, Ahmedabad - IITM",18-11-2025 17:00,23.076793,72.627874,CO,18,76,45
India,Delhi,Delhi,"Wazirpur, Delhi - DPCC",18-11-2025 17:00,28.699793,77.165453,CO,46,144,70
India,Delhi,Delhi,"Wazirpur, Delhi - DPCC",18-11-2025 17:00,28.699793,77.165453,OZONE,8,193,105
India,Gujarat,Ahmedabad,"Chandkheda, Ahmedabad - IITM",18-11-2025 17:00,23.107969,72.574648,OZONE,3,84,65
India,Delhi,Delhi,"R K Puram, Delhi - DPCC",18-11-2025 17:00,28.563262,77.186937,NH3,4,7,5
India,Delhi,Delhi,"Rohini, Delhi - DPCC",18-11-2025 17:00,28.732528,77.11992,NO2,24,116,73
India,Delhi,Delhi,"Shadipur, Delhi - CPCB",18-11-2025 17:00,28.6514781,77.1473105,NO2,84,224,140
India,Delhi,Delhi,"NSIT Dwarka, Delhi - CPCB",18-11-2025 17:00,28.60909,77.0325413,NH3,2,31,12
India,Delhi,Delhi,"Narela, Delhi - DPCC",18-11-2025 17:00,28.822836,77.101981,NO2,32,115,76
India,Delhi,Delhi,"Narela, Delhi - DPCC",18-11-2025 17:00,28.822836,77.101981,NH3,16,19,18
India,Delhi,Delhi,"Punjabi Bagh, Delhi - DPCC",18-11-2025 17:00,28.674045,77.131023,SO2,20,62,49
India,Delhi,Delhi,"Pusa, Delhi - DPCC",18-11-2025 17:00,28.639652,77.146275,SO2,7,26,13
India,Gujarat,Gandhinagar,"Sector-10, Gandhinagar - GPCB",18-11-2025 17:00,23.221714,72.654328,OZONE,6,85,60
India,Gujarat,Surat,"Science Center, Surat - SMC",18-11-2025 17:00,21.170046,72.795405,SO2,27,35,31
India,Gujarat,Vapi,"Phase-1 GIDC, Vapi - GPCB",18-11-2025 17:00,20.362421,72.918013,NO2,NA,NA,NA
India,Gujarat,Vapi,"Phase-1 GIDC, Vapi - GPCB",18-11-2025 17:00,20.362421,72.918013,OZONE,2,2,2
India,Gujarat,Vatva,"Phase-4 GIDC, Vatva - GPCB",18-11-2025 17:00,22.969611,72.6435,NO2,24,35,29
India,Gujarat,Vatva,"Phase-4 GIDC, Vatva - GPCB",18-11-2025 17:00,22.969611,72.6435,NH3,4,7,5
India,Haryana,Faridabad,"Sector 11, Faridabad - HSPCB",18-11-2025 17:00,28.376058,77.315741,PM10,106,229,142
India,Haryana,Faridabad,"Sector 11, Faridabad - HSPCB",18-11-2025 17:00,28.376058,77.315741,OZONE,1,119,81
India,Haryana,Fatehabad,"Huda Sector, Fatehabad - HSPCB",18-11-2025 17:00,29.503664,75.467934,NH3,13,14,14
India,Haryana,Gurugram,"NISE Gwal Pahari, Gurugram - IMD",18-11-2025 17:00,28.422681,77.148944,PM2.5,239,410,326
India,Haryana,Gurugram,"NISE Gwal Pahari, Gurugram - IMD",18-11-2025 17:00,28.422681,77.148944,CO,34,102,62
India,Gujarat,Vatva,"Phase-4 GIDC, Vatva - GPCB",18-11-2025 17:00,22.969611,72.6435,OZONE,27,58,44
India,Haryana,Ambala,"Patti Mehar, Ambala - HSPCB",18-11-2025 17:00,30.379589,76.778328,NH3,9,11,10
India,Haryana,Ambala,"Patti Mehar, Ambala - HSPCB",18-11-2025 17:00,30.379589,76.778328,SO2,31,32,31
India,Haryana,Ambala,"Patti Mehar, Ambala - HSPCB",18-11-2025 17:00,30.379589,76.778328,OZONE,48,52,50
India,Haryana,Bahadurgarh,"Arya Nagar, Bahadurgarh - HSPCB",18-11-2025 17:00,28.6701,76.9254,SO2,6,7,7
India,Haryana,Palwal,"Shyam Nagar, Palwal - HSPCB",18-11-2025 17:00,28.1485564,77.3320667,NH3,8,9,9
India,Haryana,Palwal,"Shyam Nagar, Palwal - HSPCB",18-11-2025 17:00,28.1485564,77.3320667,OZONE,23,25,24
India,Haryana,Panchgaon,"Amity University, Panchgaon - IITM",18-11-2025 17:00,28.3153,76.9143,PM2.5,52,232,89
India,Haryana,Narnaul,"Shastri Nagar, Narnaul - HSPCB",18-11-2025 17:00,28.060249,76.113115,PM2.5,134,312,263
India,Haryana,Narnaul,"Shastri Nagar, Narnaul - HSPCB",18-11-2025 17:00,28.060249,76.113115,CO,18,42,29
India,Haryana,Narnaul,"Shastri Nagar, Narnaul - HSPCB",18-11-2025 17:00,28.060249,76.113115,OZONE,16,81,69
India,Haryana,Kurukshetra,"Sector-7, Kurukshetra - HSPCB",18-11-2025 17:00,29.966942,76.875879,NO2,16,21,18
India,Haryana,Manesar,"Sector-2 IMT, Manesar - HSPCB",18-11-2025 17:00,28.360699,76.93609,OZONE,7,33,23
India,Haryana,Panchkula,"Sector-6, Panchkula - HSPCB ",18-11-2025 17:00,30.7057778,76.85318056,SO2,8,9,9
India,Haryana,Panchkula,"Sector-6, Panchkula - HSPCB ",18-11-2025 17:00,30.7057778,76.85318056,OZONE,14,36,25
India,Haryana,Gurugram,"Vikas Sadan, Gurugram - HSPCB",18-11-2025 17:00,28.4501238,77.0263051,SO2,3,8,5
India,Haryana,Karnal,"Sector-12, Karnal - HSPCB",18-11-2025 17:00,29.6953,77.0027,PM10,69,174,140
India,Karnataka,Bengaluru,"BTM Layout, Bengaluru - CPCB",18-11-2025 17:00,12.9135218,77.5950804,PM2.5,44,81,58
India,Karnataka,Bengaluru,"BTM Layout, Bengaluru - CPCB",18-11-2025 17:00,12.9135218,77.5950804,NO2,60,82,68
India,Karnataka,Bengaluru,"BTM Layout, Bengaluru - CPCB",18-11-2025 17:00,12.9135218,77.5950804,NH3,4,7,5
India,Karnataka,Bengaluru,"BWSSB Kadabesanahalli, Bengaluru - CPCB",18-11-2025 17:00,12.9352049,77.6814488,OZONE,29,29,29
India,Karnataka,Bengaluru,"Hebbal, Bengaluru - KSPCB",18-11-2025 17:00,13.029152,77.585901,PM10,56,103,81
India,Karnataka,Bengaluru,"Hebbal, Bengaluru - KSPCB",18-11-2025 17:00,13.029152,77.585901,NH3,1,2,1
India,Karnataka,Bengaluru,"Hebbal, Bengaluru - KSPCB",18-11-2025 17:00,13.029152,77.585901,OZONE,8,12,9
India,Karnataka,Bengaluru,"Hombegowda Nagar, Bengaluru - KSPCB",18-11-2025 17:00,12.938539,77.5901,PM10,56,109,89
India,Karnataka,Koppal,"Diwator Nagar, Koppal - KSPCB",18-11-2025 17:00,15.34763,76.181767,CO,26,34,31
India,Karnataka,Koppal,"Diwator Nagar, Koppal - KSPCB",18-11-2025 17:00,15.34763,76.181767,OZONE,8,13,9
India,Karnataka,Madikeri,"Stuart Hill, Madikeri - KSPCB",18-11-2025 17:00,12.415911,75.73505,PM2.5,16,46,34
India,Karnataka,Madikeri,"Stuart Hill, Madikeri - KSPCB",18-11-2025 17:00,12.415911,75.73505,SO2,7,7,7
India,Karnataka,Madikeri,"Stuart Hill, Madikeri - KSPCB",18-11-2025 17:00,12.415911,75.73505,OZONE,3,7,5
India,Karnataka,Mangalore,"Kadri, Mangalore - KSPCB",18-11-2025 17:00,12.88925,74.853,SO2,15,15,15
India,Karnataka,Mangalore,"Kadri, Mangalore - KSPCB",18-11-2025 17:00,12.88925,74.853,OZONE,4,43,26
India,Karnataka,Bengaluru,"Kasturi Nagar, Bengaluru - KSPCB",18-11-2025 17:00,13.003872,77.664217,SO2,10,12,11
India,Karnataka,Bengaluru,"Peenya, Bengaluru - CPCB",18-11-2025 17:00,13.0270199,77.494094,PM2.5,18,64,35
India,Karnataka,Bengaluru,"Peenya, Bengaluru - CPCB",18-11-2025 17:00,13.0270199,77.494094,OZONE,22,23,22
India,Karnataka,Bengaluru,"RVCE-Mailasandra, Bengaluru - KSPCB",18-11-2025 17:00,12.921418,77.502466,PM10,99,150,123
India,Karnataka,Bengaluru,"Sanegurava Halli, Bengaluru - KSPCB",18-11-2025 17:00,12.990328,77.5431385,SO2,7,7,7
India,Karnataka,Chikkamagaluru,"Kalyana Nagara, Chikkamagaluru - KSPCB",18-11-2025 17:00,13.328028,75.797056,SO2,6,7,6
India,Karnataka,Davanagere,"Devaraj Urs Badavane, Davanagere - KSPCB",18-11-2025 17:00,14.4758,75.9052,SO2,NA,NA,NA
India,Karnataka,Dharwad,"Kalabhavan, Dharwad - KSPCB",18-11-2025 17:00,15.459706,75.008381,NH3,5,6,5
India,Karnataka,Gadag,"Panchal Nagar, Gadag - KSPCB",18-11-2025 17:00,15.411456,75.638133,NH3,3,50,6
India,Karnataka,Hubballi,"Lingaraj Nagar, Hubballi - KSPCB",18-11-2025 17:00,15.3714823,75.1160168,NO2,10,13,11
India,Karnataka,Kalaburagi,"Lal Bahadur Shastri Nagar, Kalaburagi - KSPCB",18-11-2025 17:00,17.321993,76.822628,NO2,12,12,12
India,Karnataka,Kalaburagi,"Mahatma Basaveswar Colony, Kalaburgi - KSPCB",18-11-2025 17:00,17.336318,76.847397,PM2.5,17,44,28
India,Haryana,Sirsa,"F-Block, Sirsa - HSPCB",18-11-2025 17:00,29.5364,75.0158,OZONE,51,63,59
India,Haryana,Yamuna Nagar,"Gobind Pura, Yamuna Nagar - HSPCB",18-11-2025 17:00,30.1480566,77.2893471,PM2.5,NA,NA,NA
India,Jammu_and_Kashmir,Srinagar,"Rajbagh, Srinagar - JKSPCB",18-11-2025 17:00,34.066206,74.81982,PM2.5,45,104,81
India,Karnataka,Bengaluru,"Hombegowda Nagar, Bengaluru - KSPCB",18-11-2025 17:00,12.938539,77.5901,CO,14,32,22
India,Karnataka,Bengaluru,"Jigani, Bengaluru - KSPCB",18-11-2025 17:00,12.7816279,77.6299145,SO2,18,18,18
India,Karnataka,Bengaluru,"Kasturi Nagar, Bengaluru - KSPCB",18-11-2025 17:00,13.003872,77.664217,PM10,68,70,69
India,Karnataka,Bengaluru,"Shivapura_Peenya, Bengaluru - KSPCB",18-11-2025 17:00,13.0246342,77.5080115,CO,48,56,51
India,Karnataka,Chamarajanagar,"Urban, Chamarajanagar - KSPCB",18-11-2025 17:00,11.55358,76.55521,PM2.5,19,43,27
India,Karnataka,Bagalkot,"Vidayagiri, Bagalkot - KSPCB",18-11-2025 17:00,16.172806,75.659694,PM2.5,35,36,35
India,Karnataka,Udupi,"Brahmagiri, Udupi - KSPCB",18-11-2025 17:00,13.34194444,74.74694444,NO2,5,15,10
India,Karnataka,Udupi,"Brahmagiri, Udupi - KSPCB",18-11-2025 17:00,13.34194444,74.74694444,SO2,8,9,8
India,Karnataka,Udupi,"Brahmagiri, Udupi - KSPCB",18-11-2025 17:00,13.34194444,74.74694444,OZONE,8,8,8
India,Karnataka,Vijayapura,"Ibrahimpur, Vijayapura - KSPCB",18-11-2025 17:00,16.802639,75.722694,OZONE,14,17,16
India,Karnataka,Yadgir,"Collector Office, Yadgir - KSPCB",18-11-2025 17:00,16.7602,77.1428,PM10,66,124,100
India,Karnataka,Yadgir,"Collector Office, Yadgir - KSPCB",18-11-2025 17:00,16.7602,77.1428,NO2,16,36,21
India,Kerala,Eloor,"Udyogamandal, Eloor - Kerala PCB",18-11-2025 17:00,10.073232,76.302765,PM2.5,54,86,70
India,Kerala,Thiruvananthapuram,"Plammoodu, Thiruvananthapuram - Kerala PCB",18-11-2025 17:00,8.5149093,76.9435879,NH3,3,12,5
India,Kerala,Thiruvananthapuram,"Plammoodu, Thiruvananthapuram - Kerala PCB",18-11-2025 17:00,8.5149093,76.9435879,CO,10,40,23
India,Kerala,Thrissur,"Corporation Ground, Thrissur - Kerala PCB",18-11-2025 17:00,10.5324,76.2159,PM10,47,56,52
India,Kerala,Thrissur,"Corporation Ground, Thrissur - Kerala PCB",18-11-2025 17:00,10.5324,76.2159,NO2,6,7,7
India,Kerala,Thrissur,"Corporation Ground, Thrissur - Kerala PCB",18-11-2025 17:00,10.5324,76.2159,CO,4,6,6
India,Madhya Pradesh,Bhopal,"Idgah Hills, Bhopal - MPPCB",18-11-2025 17:00,23.264759,77.381568,PM2.5,82,358,216
India,Madhya Pradesh,Indore,"Residency Area, Indore - IMC",18-11-2025 17:00,22.7084,75.8815,CO,16,30,17
India,Madhya Pradesh,Jabalpur,"Govindh Bhavan Colony, Jabalpur - JMC",18-11-2025 17:00,23.163174,79.973061,PM10,78,129,105
India,Madhya Pradesh,Jabalpur,"Gupteshwar, Jabalpur - JMC",18-11-2025 17:00,23.142888,79.916147,NO2,21,142,53
India,Madhya Pradesh,Jabalpur,"Gupteshwar, Jabalpur - JMC",18-11-2025 17:00,23.142888,79.916147,NH3,10,15,12
India,Madhya Pradesh,Jabalpur,"Gupteshwar, Jabalpur - JMC",18-11-2025 17:00,23.142888,79.916147,OZONE,1,113,85
India,Madhya Pradesh,Indore,"Chhoti Gwaltoli, Indore - MPPCB",18-11-2025 17:00,22.431,75.5213,PM10,76,289,144
India,Madhya Pradesh,Indore,"Chhoti Gwaltoli, Indore - MPPCB",18-11-2025 17:00,22.431,75.5213,SO2,7,29,13
India,Madhya Pradesh,Indore,"Maguda Nagar, Indore - IMC",18-11-2025 17:00,22.7524,75.8872,PM10,36,169,74
India,Madhya Pradesh,Indore,"Maguda Nagar, Indore - IMC",18-11-2025 17:00,22.7524,75.8872,CO,27,60,30
India,Madhya Pradesh,Indore,"Maguda Nagar, Indore - IMC",18-11-2025 17:00,22.7524,75.8872,OZONE,8,26,14
India,Madhya Pradesh,Indore,"Regional Park, Indore - IMC",18-11-2025 17:00,22.678,75.8559,NH3,NA,NA,NA
India,Karnataka,Mysuru,"Hebbal 1st Stage, Mysuru - KSPCB",18-11-2025 17:00,12.21041,76.37376,OZONE,17,73,51
India,Karnataka,Shivamogga,"Vinoba Nagara, Shivamogga - KSPCB",18-11-2025 17:00,13.94,75.555917,NH3,3,4,4
India,Karnataka,Shivamogga,"Vinoba Nagara, Shivamogga - KSPCB",18-11-2025 17:00,13.94,75.555917,SO2,2,5,4
India,Karnataka,Tumakuru,"Thimmalapura, Tumakuru - KSPCB",18-11-2025 17:00,13.377516,77.099072,NH3,NA,NA,NA
India,Madhya Pradesh,Bhopal,"T T Nagar, Bhopal - MPPCB",18-11-2025 17:00,23.233584,77.400574,CO,61,131,69
India,Madhya Pradesh,Bhopal,"T T Nagar, Bhopal - MPPCB",18-11-2025 17:00,23.233584,77.400574,OZONE,5,172,139
India,Madhya Pradesh,Damoh,"Shrivastav Colony, Damoh - MPPCB",18-11-2025 17:00,23.81748678,79.446246,PM10,24,86,43
India,Madhya Pradesh,Jabalpur,"Marhatal, Jabalpur - MPPCB",18-11-2025 17:00,23.168606,79.932247,NO2,25,179,80
India,Madhya Pradesh,Katni,"Gole Bazar, Katni - MPPCB",18-11-2025 17:00,23.50016,80.23284,CO,29,138,37
India,Madhya Pradesh,Katni,"Gole Bazar, Katni - MPPCB",18-11-2025 17:00,23.50016,80.23284,OZONE,12,171,151
India,Kerala,Kannur,"Thavakkara, Kannur - Kerala PCB",18-11-2025 17:00,11.875,75.3732,SO2,5,6,6
India,Kerala,Kannur,"Thavakkara, Kannur - Kerala PCB",18-11-2025 17:00,11.875,75.3732,CO,16,17,16
India,Kerala,Kollam,"Polayathode, Kollam - Kerala PCB",18-11-2025 17:00,8.8787,76.6073,SO2,2,3,3
India,Madhya Pradesh,Gwalior,"City Center, Gwalior - MPPCB",18-11-2025 17:00,26.203442,78.193251,PM2.5,98,342,208
India,Madhya Pradesh,Gwalior,"Deen Dayal Nagar, Gwalior - MPPCB",18-11-2025 17:00,26.259242,78.216432,CO,20,136,37
India,Maharashtra,Amravati,"Shri Shivaji Science College, Amravati - MPCB",18-11-2025 17:00,20.939198,77.765701,NO2,9,104,34
India,Maharashtra,Amravati,"Shri Shivaji Science College, Amravati - MPCB",18-11-2025 17:00,20.939198,77.765701,SO2,4,32,8
India,Maharashtra,Amravati,"Shri Shivaji Science College, Amravati - MPCB",18-11-2025 17:00,20.939198,77.765701,CO,28,110,34
India,Maharashtra,Amravati,"Shri Shivaji Science College, Amravati - MPCB",18-11-2025 17:00,20.939198,77.765701,OZONE,2,96,87
India,Maharashtra,Aurangabad,"MIDC Chilkalthana, Aurangabad - MPCB",18-11-2025 17:00,19.87562,75.38731,PM10,28,139,105
India,Maharashtra,Aurangabad,"MIDC Chilkalthana, Aurangabad - MPCB",18-11-2025 17:00,19.87562,75.38731,CO,34,68,45
India,Maharashtra,Aurangabad,"MIDC Chilkalthana, Aurangabad - MPCB",18-11-2025 17:00,19.87562,75.38731,OZONE,1,81,61
India,Maharashtra,Aurangabad,"Rachnakar Colony, Aurangabad - MPCB",18-11-2025 17:00,19.863756,75.321188,PM2.5,53,177,91
India,Maharashtra,Jalgaon,"Prabhat Colony, Jalgaon - MPCB",18-11-2025 17:00,21.001264,75.565602,PM10,70,234,118
India,Maharashtra,Jalgaon,"Prabhat Colony, Jalgaon - MPCB",18-11-2025 17:00,21.001264,75.565602,SO2,10,25,14
India,Maharashtra,Jalna,"Old MIDC, Jalna - MPCB",18-11-2025 17:00,19.854616,75.905894,OZONE,7,57,50
India,Maharashtra,Kalyan,"Khadakpada, Kalyan - MPCB",18-11-2025 17:00,19.25292,73.142019,CO,65,101,67
India,Maharashtra,Kalyan,"Khadakpada, Kalyan - MPCB",18-11-2025 17:00,19.25292,73.142019,OZONE,8,9,9
India,Maharashtra,Aurangabad,"Rachnakar Colony, Aurangabad - MPCB",18-11-2025 17:00,19.863756,75.321188,OZONE,8,81,65
India,Maharashtra,Badlapur,"Katrap, Badlapur - MPCB",18-11-2025 17:00,19.16485,73.23409,PM10,94,167,127
India,Maharashtra,Badlapur,"Katrap, Badlapur - MPCB",18-11-2025 17:00,19.16485,73.23409,SO2,8,45,16
India,Maharashtra,Belapur,"CBD Belapur, Belapur - MPCB",18-11-2025 17:00,19.0243902,73.0406721,PM10,42,203,163
India,Madhya Pradesh,Maihar,"Sahilara, Maihar - KJS Cements",18-11-2025 17:00,24.2613009,80.7231783,NO2,38,83,50
India,Madhya Pradesh,Pithampur,"Sector-2 Industrial Area, Pithampur - MPPCB",18-11-2025 17:00,22.624758,75.675238,OZONE,28,95,42
India,Madhya Pradesh,Ratlam,"Shasthri Nagar, Ratlam - IPCA Lab",18-11-2025 17:00,23.331731,75.045981,PM2.5,59,212,124
India,Maharashtra,Kalyan,"Pimpleshwar Mandir, Kalyan - MPCB",18-11-2025 17:00,19.192056,72.9585188,OZONE,5,94,64
India,Maharashtra,Kolhapur,"Shivaji University, Kolhapur - MPCB",18-11-2025 17:00,16.6870449,74.2505872,OZONE,1,54,45
India,Maharashtra,Kolhapur,"Sinchan Bhavan, Kolhapur - MPCB",18-11-2025 17:00,16.7143745,74.2426398,PM2.5,23,78,58
India,Maharashtra,Kolhapur,"Sinchan Bhavan, Kolhapur - MPCB",18-11-2025 17:00,16.7143745,74.2426398,SO2,2,10,5
India,Madhya Pradesh,Sagar,"Deen Dayal Nagar, Sagar - MPPCB",18-11-2025 17:00,23.8640158,78.80289321,PM10,61,205,126
India,Madhya Pradesh,Singrauli,"Suryakiran Bhawan NCL, Singrauli - MPPCB",18-11-2025 17:00,24.10897,82.64558,PM2.5,51,167,86
India,Madhya Pradesh,Singrauli,"Suryakiran Bhawan NCL, Singrauli - MPPCB",18-11-2025 17:00,24.10897,82.64558,NO2,43,151,83
India,Madhya Pradesh,Singrauli,"Suryakiran Bhawan NCL, Singrauli - MPPCB",18-11-2025 17:00,24.10897,82.64558,NH3,11,18,16
India,Maharashtra,Bhiwandi,"Gokul Nagar, Bhiwandi - MPCB",18-11-2025 17:00,19.309073,73.057223,PM2.5,76,238,161
India,Maharashtra,Bhiwandi,"Gokul Nagar, Bhiwandi - MPCB",18-11-2025 17:00,19.309073,73.057223,NO2,10,33,24
India,Maharashtra,Bhiwandi,"Gokul Nagar, Bhiwandi - MPCB",18-11-2025 17:00,19.309073,73.057223,SO2,3,16,11
India,Maharashtra,Boisar,"Khaira, Boisar - MPCB",18-11-2025 17:00,19.786089,72.757971,NH3,4,8,5
India,Maharashtra,Chandrapur,"Chauhan Colony, Chandrapur - MPCB",18-11-2025 17:00,19.9629,79.298714,NH3,2,2,2
India,Maharashtra,Chandrapur,"MIDC Khutala, Chandrapur - MPCB",18-11-2025 17:00,19.9775302,79.2337086,NO2,5,48,25
India,Maharashtra,Dhule,"Deopur, Dhule - MPCB",18-11-2025 17:00,20.918946,74.776388,OZONE,8,61,35
India,Maharashtra,Akola,"Ramdaspeth, Akola - MPCB",18-11-2025 17:00,20.719516,77.000253,NH3,4,15,8
India,Maharashtra,Akola,"Ramdaspeth, Akola - MPCB",18-11-2025 17:00,20.719516,77.000253,SO2,10,25,15
India,Maharashtra,Amravati,"Shivneri Colony, Amravati - MPCB",18-11-2025 17:00,20.9402359,77.7895248,PM2.5,77,145,98
India,Maharashtra,Mahad,"Kamble Tarf Birwadi, Mahad - MPCB",18-11-2025 17:00,18.1023399,73.4783687,CO,2,33,14
India,Maharashtra,Malegaon,"Mahesh Nagar, Malegaon - MPCB",18-11-2025 17:00,20.555712,74.529236,NO2,21,102,44
India,Maharashtra,Malegaon,"Mahesh Nagar, Malegaon - MPCB",18-11-2025 17:00,20.555712,74.529236,SO2,1,27,7
India,Maharashtra,Malegaon,"Mahesh Nagar, Malegaon - MPCB",18-11-2025 17:00,20.555712,74.529236,OZONE,9,55,30
India,Maharashtra,Mira-Bhayandar,"Bhayandar West, Mira-Bhayandar - MPCB",18-11-2025 17:00,19.296481,72.840923,NO2,18,85,49
India,Maharashtra,Mumbai,"Bandra Kurla Complex, Mumbai - MPCB",18-11-2025 17:00,19.065931,72.862131,PM10,100,132,118
India,Maharashtra,Mumbai,"Bandra Kurla Complex, Mumbai - MPCB",18-11-2025 17:00,19.065931,72.862131,NH3,1,22,10
India,Maharashtra,Mumbai,"Bandra Kurla Complex, Mumbai - MPCB",18-11-2025 17:00,19.065931,72.862131,SO2,3,8,5
India,Maharashtra,Mumbai,"Borivali East, Mumbai - MPCB",18-11-2025 17:00,19.2243333,72.8658113,NO2,3,27,10
India,Maharashtra,Mumbai,"Borivali East, Mumbai - MPCB",18-11-2025 17:00,19.2243333,72.8658113,NH3,1,2,2
India,Maharashtra,Mumbai,"Borivali East, Mumbai - MPCB",18-11-2025 17:00,19.2243333,72.8658113,OZONE,3,18,6
India,Maharashtra,Mumbai,"Byculla, Mumbai - BMC",18-11-2025 17:00,18.9767,72.838,NO2,41,143,83
India,Maharashtra,Mumbai,"Byculla, Mumbai - BMC",18-11-2025 17:00,18.9767,72.838,CO,32,90,48
India,Maharashtra,Mumbai,"Chakala-Andheri East, Mumbai - IITM",18-11-2025 17:00,19.11074,72.86084,PM2.5,138,206,176
India,Maharashtra,Mumbai,"Chembur, Mumbai - MPCB",18-11-2025 17:00,19.0364585,72.8954371,PM10,93,147,127
India,Maharashtra,Mumbai,"Mindspace-Malad West, Mumbai - MPCB",18-11-2025 17:00,19.1878657,72.8304069,NH3,6,34,13
India,Maharashtra,Mumbai,"Mindspace-Malad West, Mumbai - MPCB",18-11-2025 17:00,19.1878657,72.8304069,OZONE,3,111,82
India,Maharashtra,Mumbai,"Mulund West, Mumbai - MPCB",18-11-2025 17:00,19.175,72.9419,SO2,NA,NA,NA
India,Maharashtra,Mumbai,"Navy Nagar-Colaba, Mumbai - IITM",18-11-2025 17:00,18.897756,72.81332,NO2,28,173,90
India,Maharashtra,Mumbai,"Malad West, Mumbai - IITM",18-11-2025 17:00,19.19709,72.82204,PM10,132,246,170
India,Maharashtra,Mumbai,"Malad West, Mumbai - IITM",18-11-2025 17:00,19.19709,72.82204,NO2,24,120,56
India,Maharashtra,Mumbai,"Mazgaon, Mumbai - IITM",18-11-2025 17:00,18.96702,72.84214,PM2.5,138,306,234
India,Maharashtra,Mumbai,"Mazgaon, Mumbai - IITM",18-11-2025 17:00,18.96702,72.84214,NH3,8,15,12
India,Maharashtra,Mumbai,"Mazgaon, Mumbai - IITM",18-11-2025 17:00,18.96702,72.84214,SO2,12,29,18
India,Maharashtra,Mumbai,"Deonar, Mumbai - IITM",18-11-2025 17:00,19.04946,72.923,CO,20,115,34
India,Maharashtra,Mumbai,"Kandivali East, Mumbai - MPCB",18-11-2025 17:00,19.2058,72.8682,PM10,100,274,141
India,Maharashtra,Mumbai,"Kandivali East, Mumbai - MPCB",18-11-2025 17:00,19.2058,72.8682,NO2,6,13,8
India,Maharashtra,Mumbai,"Chhatrapati Shivaji Intl. Airport (T2), Mumbai - MPCB",18-11-2025 17:00,19.10078,72.87462,NH3,1,1,1
India,Maharashtra,Mumbai,"Colaba, Mumbai - MPCB",18-11-2025 17:00,18.91,72.82,SO2,NA,NA,NA
India,Maharashtra,Mumbai,"Kherwadi_Bandra East, Mumbai - MPCB",18-11-2025 17:00,19.0632143,72.8456324,NO2,9,67,41
India,Maharashtra,Mumbai,"Khindipada-Bhandup West, Mumbai - IITM",18-11-2025 17:00,19.1653323,72.922099,SO2,6,24,15
India,Maharashtra,Mahad,"Kamble Tarf Birwadi, Mahad - MPCB",18-11-2025 17:00,18.1023399,73.4783687,PM10,47,262,112
India,Maharashtra,Mahad,"Kamble Tarf Birwadi, Mahad - MPCB",18-11-2025 17:00,18.1023399,73.4783687,NO2,9,57,24
India,Maharashtra,Nagpur,"Ram Nagar, Nagpur - MPCB",18-11-2025 17:00,21.143383,79.048912,PM10,131,176,147
India,Maharashtra,Nagpur,"Ram Nagar, Nagpur - MPCB",18-11-2025 17:00,21.143383,79.048912,NO2,15,69,33
India,Maharashtra,Nagpur,"Ram Nagar, Nagpur - MPCB",18-11-2025 17:00,21.143383,79.048912,SO2,17,117,34
India,Maharashtra,Nanded,"Sneh Nagar, Nanded - MPCB",18-11-2025 17:00,19.173852,77.296291,PM2.5,106,294,206
India,Maharashtra,Nashik,"Gangapur Road, Nashik - MPCB",18-11-2025 17:00,20.0073285,73.7762427,NO2,5,7,5
India,Maharashtra,Nashik,"Gangapur Road, Nashik - MPCB",18-11-2025 17:00,20.0073285,73.7762427,CO,32,34,33
India,Maharashtra,Nashik,"Hirawadi, Nashik - MPCB",18-11-2025 17:00,20.021503,73.813844,PM2.5,87,188,144
India,Maharashtra,Nagpur,"Ambazari, Nagpur - MPCB",18-11-2025 17:00,21.121801,79.04952,PM2.5,74,234,155
India,Maharashtra,Nagpur,"Ambazari, Nagpur - MPCB",18-11-2025 17:00,21.121801,79.04952,CO,24,75,29
India,Maharashtra,Nagpur,"Mahal, Nagpur - MPCB",18-11-2025 17:00,21.14472,79.107595,PM2.5,112,303,191
India,Maharashtra,Nagpur,"Opp GPO Civil Lines, Nagpur - MPCB",18-11-2025 17:00,21.152875,79.0517531,PM10,98,158,129
India,Maharashtra,Nagpur,"Opp GPO Civil Lines, Nagpur - MPCB",18-11-2025 17:00,21.152875,79.0517531,NO2,21,103,47
India,Maharashtra,Nagpur,"Opp GPO Civil Lines, Nagpur - MPCB",18-11-2025 17:00,21.152875,79.0517531,NH3,1,5,3
India,Maharashtra,Navi Mumbai,"Sector-2E Kalamboli, Navi Mumbai - MPCB",18-11-2025 17:00,19.02579,73.10297,PM2.5,80,298,192
India,Maharashtra,Navi Mumbai,"Sector-2E Kalamboli, Navi Mumbai - MPCB",18-11-2025 17:00,19.02579,73.10297,PM10,64,233,140
India,Maharashtra,Navi Mumbai,"Sector-2E Kalamboli, Navi Mumbai - MPCB",18-11-2025 17:00,19.02579,73.10297,NO2,14,147,48
India,Maharashtra,Navi Mumbai,"Sector-2E Kalamboli, Navi Mumbai - MPCB",18-11-2025 17:00,19.02579,73.10297,OZONE,1,70,48
India,Maharashtra,Navi Mumbai,"Tondare-Taloja, Navi Mumbai - MPCB",18-11-2025 17:00,19.063,73.1209,PM2.5,56,208,121
India,Maharashtra,Mumbai,"Shivaji Nagar, Mumbai - BMC",18-11-2025 17:00,19.060498,72.923356,CO,NA,NA,NA
India,Maharashtra,Mumbai,"Siddharth Nagar-Worli, Mumbai - IITM",18-11-2025 17:00,19.000083,72.813993,PM10,79,146,119
India,Maharashtra,Mumbai,"Siddharth Nagar-Worli, Mumbai - IITM",18-11-2025 17:00,19.000083,72.813993,NH3,3,7,5
India,Maharashtra,Mumbai,"Siddharth Nagar-Worli, Mumbai - IITM",18-11-2025 17:00,19.000083,72.813993,CO,6,57,24
India,Maharashtra,Mumbai,"Sion, Mumbai - MPCB",18-11-2025 17:00,19.047,72.8746,SO2,10,10,10
India,Maharashtra,Nashik,"Hirawadi, Nashik - MPCB",18-11-2025 17:00,20.021503,73.813844,CO,38,70,41
India,Maharashtra,Nashik,"MIDC Ambad, Nashik - MPCB",18-11-2025 17:00,19.95022,73.73148,PM2.5,80,127,98
India,Maharashtra,Navi Mumbai,"Kopripada-Vashi, Navi Mumbai - MPCB",18-11-2025 17:00,19.090337,73.014232,PM10,89,196,130
India,Maharashtra,Navi Mumbai,"Mahape, Navi Mumbai - MPCB",18-11-2025 17:00,19.1135051,73.008978,OZONE,6,10,9
India,Maharashtra,Navi Mumbai,"Sanpada, Navi Mumbai - MPCB",18-11-2025 17:00,19.0575752,73.0151367,PM10,78,135,117
India,Maharashtra,Pimpri-Chinchwad,"Savta Mali Nagar, Pimpri-Chinchwad - IITM",18-11-2025 17:00,18.614767,73.799516,OZONE,5,72,63
India,Maharashtra,Parbhani,"Masoom Colony, Parbhani - MPCB",18-11-2025 17:00,19.265594,76.761463,OZONE,10,10,10
India,Maharashtra,Mumbai,"Powai, Mumbai - MPCB",18-11-2025 17:00,19.1375,72.915056,OZONE,9,9,9
India,Maharashtra,Virar,"Bolinj, Virar - MPCB",18-11-2025 17:00,19.445821,72.7988231,CO,20,96,30
India,Meghalaya,Shillong,"Lumpyngngad, Shillong - Meghalaya PCB",18-11-2025 17:00,25.5586,91.8985,CO,1,7,5
India,Nagaland,Kohima,"PWD Junction, Kohima - NPCB",18-11-2025 17:00,25.6635413,94.0989878,PM2.5,21,246,82
India,Odisha,Angul,"Hakimapada, Angul - OSPCB",18-11-2025 17:00,20.832874,85.104082,NH3,6,11,9
India,Odisha,Angul,"Hakimapada, Angul - OSPCB",18-11-2025 17:00,20.832874,85.104082,CO,36,90,51
India,Odisha,Balasore,"Kalidaspur, Balasore - OSPCB",18-11-2025 17:00,21.51161,86.89088,PM2.5,65,472,166
India,Odisha,Balasore,"Kalidaspur, Balasore - OSPCB",18-11-2025 17:00,21.51161,86.89088,PM10,77,167,119
India,Maharashtra,Pune,"Katraj Dairy, Pune - MPCB",18-11-2025 17:00,18.45445,73.854155,PM2.5,NA,NA,NA
India,Maharashtra,Pune,"Katraj Dairy, Pune - MPCB",18-11-2025 17:00,18.45445,73.854155,NO2,NA,NA,NA
India,Maharashtra,Pune,"Katraj Dairy, Pune - MPCB",18-11-2025 17:00,18.45445,73.854155,CO,28,36,32
India,Maharashtra,Pune,"Katraj Dairy, Pune - MPCB",18-11-2025 17:00,18.45445,73.854155,OZONE,124,134,129
India,Maharashtra,Pune,"Mhada Colony, Pune - IITM",18-11-2025 17:00,18.57304,73.927715,PM2.5,37,322,190
India,Maharashtra,Pune,"Mhada Colony, Pune - IITM",18-11-2025 17:00,18.57304,73.927715,CO,24,97,41
India,Maharashtra,Pune,"Revenue Colony-Shivajinagar, Pune - IITM",18-11-2025 17:00,18.530085,73.849598,PM2.5,127,316,236
India,Odisha,Balasore,"Kalidaspur, Balasore - OSPCB",18-11-2025 17:00,21.51161,86.89088,CO,12,94,17
India,Odisha,Barbil,"Forest Office, Barbil - OSPCB",18-11-2025 17:00,22.1166054,85.3945546,NO2,15,62,25
India,Odisha,Barbil,"Forest Office, Barbil - OSPCB",18-11-2025 17:00,22.1166054,85.3945546,NH3,3,4,4
India,Odisha,Baripada,"Meher Colony, Baripada - OSPCB",18-11-2025 17:00,21.941841,86.728318,PM2.5,80,205,124
India,Odisha,Baripada,"Meher Colony, Baripada - OSPCB",18-11-2025 17:00,21.941841,86.728318,NO2,14,66,44
India,Odisha,Baripada,"Meher Colony, Baripada - OSPCB",18-11-2025 17:00,21.941841,86.728318,OZONE,23,77,60
India,Maharashtra,Sangli,"Vijay Nagar, Sangli - MPCB",18-11-2025 17:00,16.5038,74.3623,SO2,6,15,9
India,Maharashtra,Solapur,"Dnyaneshwar Nagar, Solapur - MPCB",18-11-2025 17:00,17.6336264,75.9132495,PM10,80,142,109
India,Maharashtra,Solapur,"Dnyaneshwar Nagar, Solapur - MPCB",18-11-2025 17:00,17.6336264,75.9132495,CO,2,48,8
India,Maharashtra,Solapur,"Ratandeep Housing Society, Solapur - MPCB",18-11-2025 17:00,17.65439,75.90649,PM2.5,95,173,132
India,Maharashtra,Solapur,"Ratandeep Housing Society, Solapur - MPCB",18-11-2025 17:00,17.65439,75.90649,OZONE,12,99,89
India,Odisha,Byasanagar,"Ferro Chrome Colony, Byasanagar - OSPCB",18-11-2025 17:00,20.94185,86.1151,PM10,85,171,114
India,Odisha,Cuttack,"CDA Area, Cuttack - OSPCB",18-11-2025 17:00,20.48891,85.84768,OZONE,4,176,121
India,Odisha,Keonjhar,"Jagamohanpur, Keonjhar - OSPCB",18-11-2025 17:00,21.6439,85.599355,PM2.5,76,103,86
India,Odisha,Keonjhar,"Jagamohanpur, Keonjhar - OSPCB",18-11-2025 17:00,21.6439,85.599355,NO2,17,73,39
India,Maharashtra,Pune,"Revenue Colony-Shivajinagar, Pune - IITM",18-11-2025 17:00,18.530085,73.849598,SO2,7,39,16
India,Maharashtra,Pune,"Revenue Colony-Shivajinagar, Pune - IITM",18-11-2025 17:00,18.530085,73.849598,CO,70,133,88
India,Maharashtra,Pune,"Transport Nagar-Nigdi, Pune - IITM",18-11-2025 17:00,18.664282,73.763966,PM10,116,179,143
India,Maharashtra,Sangli,"Vijay Nagar, Sangli - MPCB",18-11-2025 17:00,16.5038,74.3623,PM10,144,220,177
India,Odisha,Bhubaneswar,"Patia, Bhubaneswar - OSPCB",18-11-2025 17:00,20.34652,85.8163,PM2.5,97,332,192
India,Odisha,Bhubaneswar,"Patia, Bhubaneswar - OSPCB",18-11-2025 17:00,20.34652,85.8163,NO2,14,100,40
India,Odisha,Bhubaneswar,"Patia, Bhubaneswar - OSPCB",18-11-2025 17:00,20.34652,85.8163,CO,17,109,38
India,Odisha,Bhubaneswar,"Patia, Bhubaneswar - OSPCB",18-11-2025 17:00,20.34652,85.8163,OZONE,3,157,114
India,Odisha,Brajrajnagar,"GM Office, Brajrajnagar - OSPCB",18-11-2025 17:00,21.8004996,83.8396977,OZONE,25,30,27
India,Maharashtra,Thane,"Upvan Fort, Thane - MPCB",18-11-2025 17:00,19.222279,72.957979,NO2,21,75,37
India,Maharashtra,Ulhasnagar,"Sidhi Vinayak Nagar, Ulhasnagar - MPCB",18-11-2025 17:00,19.235581,73.159121,NO2,12,34,24
India,Maharashtra,Pimpri-Chinchwad,"Thergaon, Pimpri Chinchwad - MPCB",18-11-2025 17:00,18.616318,73.765797,NO2,22,76,38
India,Maharashtra,Pimpri-Chinchwad,"Thergaon, Pimpri Chinchwad - MPCB",18-11-2025 17:00,18.616318,73.765797,CO,38,112,45
India,Odisha,Keonjhar,"Jagamohanpur, Keonjhar - OSPCB",18-11-2025 17:00,21.6439,85.599355,OZONE,17,19,18
India,Odisha,Nayagarh,"Dabuna, Nayagarh - OSPCB",18-11-2025 17:00,21.847279,85.416905,NO2,NA,NA,NA
India,Odisha,Rairangpur,"Divisional Forest Office, Rairangpur - OSPCB",18-11-2025 17:00,22.265816,86.174829,NO2,8,8,8
India,Odisha,Rairangpur,"Divisional Forest Office, Rairangpur - OSPCB",18-11-2025 17:00,22.265816,86.174829,NH3,1,1,1
India,Odisha,Rourkela,"Fertilizer Township, Rourkela - OSPCB",18-11-2025 17:00,22.18972222,84.86277778,SO2,8,13,9
India,Rajasthan,Bhilwara,"Pratap Nagar, Bhilwara - RSPCB",18-11-2025 17:00,25.339605,74.618883,NH3,NA,NA,NA
India,Rajasthan,Bhiwadi,"RIICO Ind. Area III, Bhiwadi - RSPCB",18-11-2025 17:00,28.194909,76.862296,SO2,1,14,9
India,Rajasthan,Bhiwadi,"Vasundhara Nagar_UIT, Bhiwadi - RSPCB",18-11-2025 17:00,28.207266,76.829265,OZONE,2,303,149
India,Rajasthan,Bikaner,"MM Ground, Bikaner - RSPCB",18-11-2025 17:00,28.018792,73.292658,PM2.5,41,304,122
India,Rajasthan,Bikaner,"MM Ground, Bikaner - RSPCB",18-11-2025 17:00,28.018792,73.292658,NO2,27,167,87
India,Odisha,Rourkela,"Raghunathpali, Rourkela - OSPCB",18-11-2025 17:00,22.220833,84.809444,CO,31,100,36
India,Odisha,Rourkela,"Sector-2, Rourkela - OSPCB",18-11-2025 17:00,22.245,84.88111111,PM2.5,NA,NA,NA
India,Odisha,Talcher,"Talcher Coalfields,Talcher - OSPCB",18-11-2025 17:00,20.9360711,85.1707021,OZONE,9,22,18
India,Odisha,Tensa,"Barsua Iron Ore Mines, Tensa - OSPCB",18-11-2025 17:00,21.869985,85.167016,PM2.5,NA,NA,NA
India,Odisha,Tensa,"Barsua Iron Ore Mines, Tensa - OSPCB",18-11-2025 17:00,21.869985,85.167016,CO,42,57,51
India,Puducherry,Puducherry,"Jawahar Nagar, Puducherry - PPCC",18-11-2025 17:00,11.9309,79.8027,CO,20,53,40
India,Punjab,Amritsar,"Golden Temple, Amritsar - PPCB",18-11-2025 17:00,31.62,74.876512,PM2.5,87,303,162
India,Punjab,Amritsar,"Golden Temple, Amritsar - PPCB",18-11-2025 17:00,31.62,74.876512,NO2,8,38,16
India,Punjab,Amritsar,"Golden Temple, Amritsar - PPCB",18-11-2025 17:00,31.62,74.876512,NH3,5,7,6
India,Rajasthan,Barmer,"Railway Colony, Barmer - RSPCB",18-11-2025 17:00,25.747299,71.393989,NO2,9,120,40
India,Rajasthan,Barmer,"Railway Colony, Barmer - RSPCB",18-11-2025 17:00,25.747299,71.393989,OZONE,7,95,85
India,Rajasthan,Bhilwara,"Pratap Nagar, Bhilwara - RSPCB",18-11-2025 17:00,25.339605,74.618883,PM2.5,78,305,174
India,Punjab,Jalandhar,"Civil Line, Jalandhar - PPCB",18-11-2025 17:00,31.321907,75.578914,NH3,6,6,6
India,Punjab,Khanna,"Kalal Majra, Khanna - PPCB",18-11-2025 17:00,30.736056,76.209694,OZONE,24,26,25
India,Rajasthan,Banswara,"Rati Talai, Banswara - RSPCB",18-11-2025 17:00,23.55519,74.44001,NO2,15,135,45
India,Rajasthan,Baran,"Bamboliya, Baran - RSPCB",18-11-2025 17:00,25.106006,76.469948,NO2,15,78,37
India,Punjab,Rupnagar,"Ratanpura, Rupnagar - Ambuja Cements",18-11-2025 17:00,31.0325454,76.5623046,PM10,9,55,34
India,Punjab,Patiala,"Model Town, Patiala - PPCB",18-11-2025 17:00,30.349388,76.366642,PM2.5,55,182,115
India,Rajasthan,Kota,"Shrinath Puram, Kota - RSPCB",18-11-2025 17:00,25.14389,75.821256,OZONE,6,25,19
India,Rajasthan,Nagaur,"Karni Colony, Nagaur - RSPCB",18-11-2025 17:00,27.213494,73.734444,NO2,15,116,53
India,Rajasthan,Pali,"Indira Colony Vistar, Pali - RSPCB",18-11-2025 17:00,25.771061,73.340227,PM10,118,500,182
India,Rajasthan,Pali,"Indira Colony Vistar, Pali - RSPCB",18-11-2025 17:00,25.771061,73.340227,SO2,9,14,12
India,Rajasthan,Pratapgarh,"Pragati Nagar, Pratapgarh - RSPCB",18-11-2025 17:00,24.041198,74.780702,NH3,5,9,7
India,Rajasthan,Jhunjhunu,"Indra Nagar, Jhunjhunu - RSPCB",18-11-2025 17:00,28.108988,75.386577,NO2,17,160,68
India,Rajasthan,Jodhpur,"Collectorate, Jodhpur - RSPCB",18-11-2025 17:00,26.268249,73.0193853,PM10,102,452,267
India,Rajasthan,Jodhpur,"Collectorate, Jodhpur - RSPCB",18-11-2025 17:00,26.268249,73.0193853,NH3,6,77,27
India,Rajasthan,Jodhpur,"Collectorate, Jodhpur - RSPCB",18-11-2025 17:00,26.268249,73.0193853,SO2,9,16,14
India,Rajasthan,Jodhpur,"Collectorate, Jodhpur - RSPCB",18-11-2025 17:00,26.268249,73.0193853,CO,5,173,23
India,Rajasthan,Jodhpur,"Digari Kalan, Jodhpur - RSPCB",18-11-2025 17:00,26.29581,73.082283,PM2.5,35,260,97
India,Rajasthan,Hanumangarh,"Housing Board, Hanumangarh - RSPCB",18-11-2025 17:00,29.61075,74.283608,NO2,13,65,36
India,Rajasthan,Hanumangarh,"Housing Board, Hanumangarh - RSPCB",18-11-2025 17:00,29.61075,74.283608,SO2,4,14,8
India,Rajasthan,Hanumangarh,"Housing Board, Hanumangarh - RSPCB",18-11-2025 17:00,29.61075,74.283608,CO,28,139,43
India,Rajasthan,Jaipur,"Adarsh Nagar, Jaipur - RSPCB",18-11-2025 17:00,26.902909,75.836858,SO2,10,34,22
India,Rajasthan,Jaipur,"Mansarovar Sector-12, Jaipur - RSPCB",18-11-2025 17:00,26.843698,75.766894,PM2.5,68,312,188
India,Rajasthan,Jaipur,"Mansarovar Sector-12, Jaipur - RSPCB",18-11-2025 17:00,26.843698,75.766894,SO2,3,52,11
India,Rajasthan,Kota,"Dhanmandi, Kota - RSPCB",18-11-2025 17:00,25.16409,75.858137,PM2.5,103,348,232
India,Rajasthan,Kota,"Dhanmandi, Kota - RSPCB",18-11-2025 17:00,25.16409,75.858137,NO2,25,143,76
India,Rajasthan,Kota,"Dhanmandi, Kota - RSPCB",18-11-2025 17:00,25.16409,75.858137,SO2,1,103,20
India,Rajasthan,Kota,"Nayapura, Kota - RSPCB",18-11-2025 17:00,25.196024,75.855668,NH3,10,32,16
India,Rajasthan,Kota,"Nayapura, Kota - RSPCB",18-11-2025 17:00,25.196024,75.855668,SO2,1,10,5
India,Rajasthan,Kota,"Shrinath Puram, Kota - RSPCB",18-11-2025 17:00,25.14389,75.821256,NH3,2,8,4
India,Rajasthan,Jaipur,"Shastri Nagar, Jaipur - RSPCB",18-11-2025 17:00,26.9502929,75.730943,CO,54,103,63
India,Rajasthan,Jaisalmer,"Sadar Bazar, Jaisalmer - RSPCB",18-11-2025 17:00,26.912329,70.909168,NH3,9,16,13
India,Rajasthan,Jalore,"Mudtra Sili, Jalore - RSPCB",18-11-2025 17:00,25.344694,72.626208,CO,26,114,47
India,Rajasthan,Jalore,"Mudtra Sili, Jalore - RSPCB",18-11-2025 17:00,25.344694,72.626208,OZONE,7,145,100
India,Rajasthan,Bikaner,"MM Ground, Bikaner - RSPCB",18-11-2025 17:00,28.018792,73.292658,CO,26,166,52
India,Rajasthan,Bundi,"New Colony, Bundi - RSPCB",18-11-2025 17:00,25.435774,75.644272,CO,26,52,33
India,Rajasthan,Chittorgarh,"Shastri Nagar, Chittorgarh - RSPCB",18-11-2025 17:00,24.892047,74.623527,OZONE,1,106,73
India,Rajasthan,Jaipur,"Police Commissionerate, Jaipur - RSPCB",18-11-2025 17:00,26.9164092,75.7994901,OZONE,5,71,64
India,Rajasthan,Jaipur,"RIICO Sitapura, Jaipur - RSPCB",18-11-2025 17:00,26.786682,75.827928,SO2,6,13,8
India,Rajasthan,Jaipur,"RIICO Sitapura, Jaipur - RSPCB",18-11-2025 17:00,26.786682,75.827928,CO,24,132,43
India,Rajasthan,Dholpur,"Raja Ganj, Dholpur - RSPCB",18-11-2025 17:00,26.699557,77.898881,PM2.5,77,280,171
India,Rajasthan,Dholpur,"Raja Ganj, Dholpur - RSPCB",18-11-2025 17:00,26.699557,77.898881,PM10,75,159,121
India,Rajasthan,Dholpur,"Raja Ganj, Dholpur - RSPCB",18-11-2025 17:00,26.699557,77.898881,NH3,7,10,8
India,Rajasthan,Dholpur,"Raja Ganj, Dholpur - RSPCB",18-11-2025 17:00,26.699557,77.898881,CO,30,116,53
India,Rajasthan,Jodhpur,"Mandor, Jodhpur - RSPCB",18-11-2025 17:00,26.358805,73.047444,PM10,65,237,112
India,Rajasthan,Jodhpur,"Samrat Ashok Udhyan, Jodhpur - RSPCB",18-11-2025 17:00,26.253384,72.976571,SO2,2,18,6
India,Rajasthan,Jodhpur,"Samrat Ashok Udhyan, Jodhpur - RSPCB",18-11-2025 17:00,26.253384,72.976571,OZONE,5,193,152
India,TamilNadu,Ramanathapuram,"Chalai Bazaar, Ramanathapuram - TNPCB",18-11-2025 17:00,9.36399,78.831977,OZONE,NA,NA,NA
India,TamilNadu,Thoothukudi,"Meelavittan, Thoothukudi - TNPCB",18-11-2025 17:00,8.816428,78.099039,OZONE,1,18,7
India,TamilNadu,Tiruchirappalli,"St Joseph College, Tiruchirappalli - TNPCB",18-11-2025 17:00,10.830158,78.691849,SO2,NA,NA,NA
India,TamilNadu,Tirupur,"Kumaran College, Tirupur - TNPCB",18-11-2025 17:00,11.0973603,77.3228673,PM10,NA,NA,NA
India,TamilNadu,Tirupur,"Kumaran College, Tirupur - TNPCB",18-11-2025 17:00,11.0973603,77.3228673,OZONE,3,3,3
India,Telangana,Hyderabad,"Bollaram Industrial Area, Hyderabad - TSPCB",18-11-2025 17:00,17.540891,78.358528,PM10,74,119,92
India,Rajasthan,Udaipur,"Ashok Nagar, Udaipur - RSPCB",18-11-2025 17:00,24.5886166,73.6321397,OZONE,2,87,59
India,TamilNadu,Ariyalur,"Keelapalur, Ariyalur - TNPCB",18-11-2025 17:00,11.06825,79.07033,PM10,NA,NA,NA
India,TamilNadu,Ariyalur,"Keelapalur, Ariyalur - TNPCB",18-11-2025 17:00,11.06825,79.07033,SO2,NA,NA,NA
India,TamilNadu,Chennai,"Alandur Bus Depot, Chennai - CPCB",18-11-2025 17:00,12.9099161,80.1076538,PM10,82,146,108
India,TamilNadu,Chennai,"Alandur Bus Depot, Chennai - CPCB",18-11-2025 17:00,12.9099161,80.1076538,NH3,2,7,3
India,TamilNadu,Chennai,"Gandhi Nagar_Ennore, Chennai - TNPCB",18-11-2025 17:00,13.218341,80.32027,NH3,NA,NA,NA
India,TamilNadu,Chennai,"Velachery Res. Area, Chennai - CPCB",18-11-2025 17:00,13.0052189,80.2398125,NO2,13,19,15
India,TamilNadu,Chennai,"Velachery Res. Area, Chennai - CPCB",18-11-2025 17:00,13.0052189,80.2398125,NH3,3,4,3
India,TamilNadu,Coimbatore,"PSG College of Arts and Science, Coimbatore - TNPCB",18-11-2025 17:00,11.0328,77.0349,NH3,NA,NA,NA
India,TamilNadu,Coimbatore,"SIDCO Kurichi, Coimbatore - TNPCB",18-11-2025 17:00,10.942451,76.978996,NH3,1,2,2
India,TamilNadu,Cuddalore,"Kudikadu, Cuddalore - TNPCB",18-11-2025 17:00,11.6829898,79.7532099,OZONE,12,14,13
India,TamilNadu,Chennai,"Kodungaiyur, Chennai - TNPCB",18-11-2025 17:00,13.1278,80.2642,NO2,7,19,14
India,TamilNadu,Chennai,"Kodungaiyur, Chennai - TNPCB",18-11-2025 17:00,13.1278,80.2642,NH3,4,7,5
India,TamilNadu,Chennai,"Manali Village, Chennai - TNPCB",18-11-2025 17:00,13.1662,80.2584,PM10,8,86,52
India,TamilNadu,Chennai,"Manali Village, Chennai - TNPCB",18-11-2025 17:00,13.1662,80.2584,OZONE,27,59,31
India,TamilNadu,Chennai,"Perungudi, Chennai - TNPCB",18-11-2025 17:00,12.9533,80.2357,NO2,2,15,7
India,TamilNadu,Chennai,"Perungudi, Chennai - TNPCB",18-11-2025 17:00,12.9533,80.2357,NH3,3,8,5
India,TamilNadu,Dindigul,"Mendonsa Colony, Dindigul - TNPCB",18-11-2025 17:00,10.358535,77.984321,PM10,NA,NA,NA
India,TamilNadu,Dindigul,"Mendonsa Colony, Dindigul - TNPCB",18-11-2025 17:00,10.358535,77.984321,CO,NA,NA,NA
India,TamilNadu,Gummidipoondi,"Anthoni Pillai Nagar, Gummidipoondi - TNPCB",18-11-2025 17:00,13.4127,80.1081,NO2,1,21,7
India,TamilNadu,Madurai,"Uchapatti, Madurai - TNPCB",18-11-2025 17:00,9.865935,78.022669,CO,9,11,10
India,TamilNadu,Nagapattinam,"Velippalayam, Nagapattinam - TNPCB",18-11-2025 17:00,10.798548,79.838212,PM10,NA,NA,NA
India,TamilNadu,Perundurai,"SIPCOT Industrial Park, Perundurai - TNPCB",18-11-2025 17:00,11.258242,77.552761,NH3,2,5,3
India,TamilNadu,Pudukottai,"SIPCOT Nathampannai, Pudukottai - TNPCB",18-11-2025 17:00,10.423417,78.784889,PM2.5,NA,NA,NA
India,Rajasthan,Sirohi,"Vedhaynath Colony, Sirohi - RSPCB",18-11-2025 17:00,24.885261,72.857549,PM10,52,171,96
India,Rajasthan,Tonk,"Shastri Nagar, Tonk - RSPCB",18-11-2025 17:00,26.159933,75.780517,SO2,2,3,2
India,Rajasthan,Pratapgarh,"Pragati Nagar, Pratapgarh - RSPCB",18-11-2025 17:00,24.041198,74.780702,OZONE,26,157,153
India,Rajasthan,Rajsamand,"Dhoinda, Rajsamand - RSPCB",18-11-2025 17:00,25.03636,73.883502,PM10,53,211,94
India,Rajasthan,Sikar,"Radhakishan Pura, Sikar - RSPCB",18-11-2025 17:00,27.608912,75.153302,PM2.5,45,392,224
India,Rajasthan,Sikar,"Radhakishan Pura, Sikar - RSPCB",18-11-2025 17:00,27.608912,75.153302,NH3,7,21,14
India,Telangana,Hyderabad,"IDA Pashamylaram, Hyderabad - TSPCB",18-11-2025 17:00,17.5316895,78.218939,PM2.5,66,180,126
India,Telangana,Hyderabad,"IDA Pashamylaram, Hyderabad - TSPCB",18-11-2025 17:00,17.5316895,78.218939,NO2,13,47,27
India,Telangana,Hyderabad,"Kokapet, Hyderabad - TSPCB",18-11-2025 17:00,17.393559,78.339194,PM2.5,42,55,45
India,Telangana,Hyderabad,"Kokapet, Hyderabad - TSPCB",18-11-2025 17:00,17.393559,78.339194,PM10,100,144,115
India,Telangana,Hyderabad,"Kokapet, Hyderabad - TSPCB",18-11-2025 17:00,17.393559,78.339194,SO2,12,13,12
India,Telangana,Hyderabad,"Kompally Municipal Office, Hyderabad - TSPCB",18-11-2025 17:00,17.544899,78.486949,PM10,69,108,95
India,Telangana,Hyderabad,"Kompally Municipal Office, Hyderabad - TSPCB",18-11-2025 17:00,17.544899,78.486949,NH3,3,6,4
India,Telangana,Hyderabad,"Kompally Municipal Office, Hyderabad - TSPCB",18-11-2025 17:00,17.544899,78.486949,SO2,9,17,16
India,Telangana,Hyderabad,"Kompally Municipal Office, Hyderabad - TSPCB",18-11-2025 17:00,17.544899,78.486949,CO,14,18,16
India,Telangana,Hyderabad,"Nacharam_TSIIC IALA, Hyderabad - TSPCB",18-11-2025 17:00,17.429398,78.569354,PM2.5,47,61,50
India,Telangana,Hyderabad,"Nacharam_TSIIC IALA, Hyderabad - TSPCB",18-11-2025 17:00,17.429398,78.569354,PM10,73,176,100
India,Uttar_Pradesh,Bulandshahr,"Yamunapuram, Bulandshahr - UPPCB",18-11-2025 17:00,28.406963,77.849831,CO,40,126,57
India,Uttar_Pradesh,Firozabad,"Nagla Bhau, Firozabad - UPPCB",18-11-2025 17:00,27.168897,78.37696,PM2.5,37,105,64
India,Uttar_Pradesh,Firozabad,"Nagla Bhau, Firozabad - UPPCB",18-11-2025 17:00,27.168897,78.37696,OZONE,10,23,14
India,Uttar_Pradesh,Firozabad,"Vibhab Nagar, Firozabad - UPPCB",18-11-2025 17:00,27.1594,78.3953,PM10,NA,NA,NA
India,Uttar_Pradesh,Ghaziabad,"Indirapuram, Ghaziabad - UPPCB",18-11-2025 17:00,28.646233,77.358075,NH3,11,17,14
India,Uttar_Pradesh,Ghaziabad,"Indirapuram, Ghaziabad - UPPCB",18-11-2025 17:00,28.646233,77.358075,SO2,12,32,23
India,Uttar_Pradesh,Ghaziabad,"Indirapuram, Ghaziabad - UPPCB",18-11-2025 17:00,28.646233,77.358075,OZONE,12,165,83
India,Uttar_Pradesh,Agra,"Manoharpur, Agra - UPPCB",18-11-2025 17:00,27.23711,78.01936,NO2,44,45,45
India,Uttar_Pradesh,Agra,"Manoharpur, Agra - UPPCB",18-11-2025 17:00,27.23711,78.01936,NH3,2,2,2
India,Uttar_Pradesh,Agra,"Rohta, Agra - UPPCB",18-11-2025 17:00,27.106972,78.000111,PM2.5,57,315,186
India,Uttar_Pradesh,Agra,"Rohta, Agra - UPPCB",18-11-2025 17:00,27.106972,78.000111,NH3,6,6,6
India,Uttar_Pradesh,Agra,"Rohta, Agra - UPPCB",18-11-2025 17:00,27.106972,78.000111,OZONE,11,17,13
India,Uttar_Pradesh,Agra,"Sanjay Palace, Agra - UPPCB",18-11-2025 17:00,27.19865833,78.00598056,PM10,84,189,152
India,Uttar_Pradesh,Agra,"Sanjay Palace, Agra - UPPCB",18-11-2025 17:00,27.19865833,78.00598056,SO2,15,17,16
India,Uttar_Pradesh,Agra,"Sector-3B Avas Vikas Colony, Agra - UPPCB",18-11-2025 17:00,27.19412,77.96237,PM2.5,41,181,113
India,Uttar_Pradesh,Agra,"Sector-3B Avas Vikas Colony, Agra - UPPCB",18-11-2025 17:00,27.19412,77.96237,CO,20,98,37
India,Uttar_Pradesh,Agra,"Sector-3B Avas Vikas Colony, Agra - UPPCB",18-11-2025 17:00,27.19412,77.96237,OZONE,5,15,9
India,Uttar_Pradesh,Agra,"Shahjahan Garden, Agra - UPPCB",18-11-2025 17:00,27.169338,78.03582,CO,23,103,32
India,Uttar_Pradesh,Baghpat,"Sardar Patel Inter College, Baghpat - UPPCB",18-11-2025 17:00,28.964949,77.278761,NO2,16,91,60
India,Telangana,Hyderabad,"New Malakpet, Hyderabad - TSPCB",18-11-2025 17:00,17.37206,78.50864,NO2,13,17,14
India,Telangana,Hyderabad,"Ramachandrapuram, Hyderabad - TSPCB",18-11-2025 17:00,17.528544,78.286195,PM2.5,38,42,41
India,Telangana,Hyderabad,"Ramachandrapuram, Hyderabad - TSPCB",18-11-2025 17:00,17.528544,78.286195,NO2,11,12,11
India,Telangana,Hyderabad,"Ramachandrapuram, Hyderabad - TSPCB",18-11-2025 17:00,17.528544,78.286195,NH3,3,3,3
India,Telangana,Hyderabad,"Ramachandrapuram, Hyderabad - TSPCB",18-11-2025 17:00,17.528544,78.286195,OZONE,23,27,27
India,Telangana,Hyderabad,"Sanathnagar, Hyderabad - TSPCB",18-11-2025 17:00,17.4559458,78.4332152,PM2.5,91,180,139
India,Telangana,Hyderabad,"Bollaram Industrial Area, Hyderabad - TSPCB",18-11-2025 17:00,17.540891,78.358528,SO2,2,11,7
India,Telangana,Hyderabad,"ECIL Kapra, Hyderabad - TSPCB",18-11-2025 17:00,17.470431,78.566959,PM2.5,47,48,47
India,Telangana,Hyderabad,"ECIL Kapra, Hyderabad - TSPCB",18-11-2025 17:00,17.470431,78.566959,NO2,22,50,37
India,Telangana,Hyderabad,"ECIL Kapra, Hyderabad - TSPCB",18-11-2025 17:00,17.470431,78.566959,CO,22,39,28
India,Uttar_Pradesh,Baghpat,"Sardar Patel Inter College, Baghpat - UPPCB",18-11-2025 17:00,28.964949,77.278761,NH3,1,8,6
India,Uttar_Pradesh,Bareilly,"Civil Lines, Bareilly - UPPCB",18-11-2025 17:00,28.359581,79.414455,PM10,35,89,61
India,Uttar_Pradesh,Ghaziabad,"Sanjay Nagar, Ghaziabad - UPPCB",18-11-2025 17:00,28.685382,77.453839,NH3,7,14,11
India,Uttar_Pradesh,Ghaziabad,"Vasundhara, Ghaziabad - UPPCB",18-11-2025 17:00,28.6603346,77.3572563,PM2.5,317,500,449
India,Telangana,Hyderabad,"Somajiguda, Hyderabad - TSPCB",18-11-2025 17:00,17.417094,78.457437,NO2,16,18,16
India,Telangana,Hyderabad,"Zoo Park, Hyderabad - TSPCB",18-11-2025 17:00,17.349694,78.451437,CO,2,74,49
India,Uttar_Pradesh,Jhansi,"Shivaji Nagar, Jhansi - UPPCB",18-11-2025 17:00,25.4547,78.6039,PM10,52,152,94
India,Uttar_Pradesh,Jhansi,"Shivaji Nagar, Jhansi - UPPCB",18-11-2025 17:00,25.4547,78.6039,SO2,12,20,15
India,Uttar_Pradesh,Jhansi,"Shivaji Nagar, Jhansi - UPPCB",18-11-2025 17:00,25.4547,78.6039,CO,20,110,29
India,Uttar_Pradesh,Jhansi,"Shivaji Nagar, Jhansi - UPPCB",18-11-2025 17:00,25.4547,78.6039,OZONE,1,12,3
India,Uttar_Pradesh,Kanpur,"FTI Kidwai Nagar, Kanpur - UPPCB",18-11-2025 17:00,26.428282,80.327067,SO2,30,39,35
India,Uttar_Pradesh,Kanpur,"FTI Kidwai Nagar, Kanpur - UPPCB",18-11-2025 17:00,26.428282,80.327067,CO,36,88,43
India,Uttar_Pradesh,Noida,"Sector-1, Noida - UPPCB",18-11-2025 17:00,28.5898,77.3101,CO,2,155,22
India,Uttar_Pradesh,Noida,"Sector-116, Noida - UPPCB",18-11-2025 17:00,28.56923,77.393848,NO2,40,179,97
India,Uttar_Pradesh,Noida,"Sector-116, Noida - UPPCB",18-11-2025 17:00,28.56923,77.393848,NH3,8,15,12
India,Uttar_Pradesh,Prayagraj,"Jhunsi, Prayagraj - UPPCB",18-11-2025 17:00,25.425602,81.917152,PM10,104,448,207
India,Uttar_Pradesh,Prayagraj,"Jhunsi, Prayagraj - UPPCB",18-11-2025 17:00,25.425602,81.917152,SO2,7,19,9
India,Uttar_Pradesh,Khurja,"Kalindi Kunj, Khurja - UPPCB",18-11-2025 17:00,28.2348927,77.8683002,PM2.5,157,470,340
India,Uttar_Pradesh,Khurja,"Kalindi Kunj, Khurja - UPPCB",18-11-2025 17:00,28.2348927,77.8683002,PM10,158,450,292
India,Uttar_Pradesh,Khurja,"Kalindi Kunj, Khurja - UPPCB",18-11-2025 17:00,28.2348927,77.8683002,SO2,14,15,14
India,Uttar_Pradesh,Lucknow,"B R Ambedkar University, Lucknow - UPPCB",18-11-2025 17:00,26.766433,80.927299,PM10,99,190,137
India,Uttar_Pradesh,Lucknow,"B R Ambedkar University, Lucknow - UPPCB",18-11-2025 17:00,26.766433,80.927299,NO2,21,22,22
India,Uttar_Pradesh,Lucknow,"Kendriya Vidyalaya, Lucknow - CPCB",18-11-2025 17:00,26.906111,80.948222,NO2,43,50,47
India,Uttar_Pradesh,Lucknow,"Kukrail Picnic Spot-1, Lucknow - UPPCB",18-11-2025 17:00,26.90723,80.98579,NH3,5,5,5
India,Uttar_Pradesh,Lucknow,"Kukrail Picnic Spot-1, Lucknow - UPPCB",18-11-2025 17:00,26.90723,80.98579,OZONE,7,30,21
India,Uttar_Pradesh,Lucknow,"Talkatora District Industries Center, Lucknow - CPCB",18-11-2025 17:00,26.83399722,80.8917361,PM2.5,9,332,152
India,Uttar_Pradesh,Moradabad,"Transport Nagar, Moradabad - UPPCB",18-11-2025 17:00,28.802625,78.753728,CO,23,60,41
India,Uttar_Pradesh,Muzaffarnagar,"New Mandi, Muzaffarnagar - UPPCB",18-11-2025 17:00,29.4723508,77.7194031,NO2,27,158,70
India,Uttar_Pradesh,Muzaffarnagar,"New Mandi, Muzaffarnagar - UPPCB",18-11-2025 17:00,29.4723508,77.7194031,CO,12,108,45
India,Uttar_Pradesh,Noida,"Sector - 125, Noida - UPPCB",18-11-2025 17:00,28.5447608,77.3231257,OZONE,10,140,71
India,Uttar_Pradesh,Meerut,"Pallavpuram Phase 2, Meerut - UPPCB",18-11-2025 17:00,29.06351,77.709723,CO,6,137,34
India,Uttar_Pradesh,Moradabad,"Buddhi Vihar, Moradabad - UPPCB",18-11-2025 17:00,28.83526,78.7446,CO,41,91,44
India,Uttar_Pradesh,Moradabad,"Buddhi Vihar, Moradabad - UPPCB",18-11-2025 17:00,28.83526,78.7446,OZONE,9,80,30
India,Uttar_Pradesh,Moradabad,"Eco Herbal Park, Moradabad - UPPCB",18-11-2025 17:00,28.840739,78.697531,CO,10,64,36
India,Uttar_Pradesh,Greater Noida,"Knowledge Park - III, Greater Noida - UPPCB",18-11-2025 17:00,28.47272,77.482,NO2,50,211,124
India,Uttar_Pradesh,Greater Noida,"Knowledge Park - V, Greater Noida - UPPCB",18-11-2025 17:00,28.557054,77.453663,CO,54,148,86
India,Uttar_Pradesh,Hapur,"Anand Vihar, Hapur - UPPCB",18-11-2025 17:00,28.725645,77.749675,PM10,147,432,313
India,Uttar_Pradesh,Lucknow,"Talkatora District Industries Center, Lucknow - CPCB",18-11-2025 17:00,26.83399722,80.8917361,NH3,8,16,11
India,Uttar_Pradesh,Meerut,"Ganga Nagar, Meerut - UPPCB",18-11-2025 17:00,28.999264,77.7590354,NO2,34,140,83
India,Uttar_Pradesh,Moradabad,"Employment Office, Moradabad - UPPCB",18-11-2025 17:00,28.88528,78.7388,CO,12,56,38
India,Uttar_Pradesh,Moradabad,"Transport Nagar, Moradabad - UPPCB",18-11-2025 17:00,28.802625,78.753728,NH3,5,6,6
India,West_Bengal,Durgapur,"Womens College_City Center, Durgapur - WBPCB (Formerly known as Sidhu Kanhu Indoor Stadium)",18-11-2025 17:00,23.549395,87.300496,CO,14,51,26
India,West_Bengal,Haldia,"Priyambada Housing Estate, Haldia - WBPCB",18-11-2025 17:00,22.06047,88.109737,NO2,NA,NA,NA
India,West_Bengal,Haldia,"Priyambada Housing Estate, Haldia - WBPCB",18-11-2025 17:00,22.06047,88.109737,OZONE,28,38,33
India,West_Bengal,Howrah,"Belur Math, Howrah - WBPCB",18-11-2025 17:00,22.629801,88.352017,PM10,78,204,136
India,West_Bengal,Howrah,"Belur Math, Howrah - WBPCB",18-11-2025 17:00,22.629801,88.352017,NH3,7,13,10
India,West_Bengal,Howrah,"Belur Math, Howrah - WBPCB",18-11-2025 17:00,22.629801,88.352017,CO,9,80,19
India,West_Bengal,Howrah,"Belur Math, Howrah - WBPCB",18-11-2025 17:00,22.629801,88.352017,OZONE,8,51,38
India,West_Bengal,Barrackpore,"SVSPA Campus, Barrackpore - WBPCB",18-11-2025 17:00,22.7605581,88.3617589,NO2,6,47,22
India,West_Bengal,Barrackpore,"SVSPA Campus, Barrackpore - WBPCB",18-11-2025 17:00,22.7605581,88.3617589,CO,30,65,36
India,West_Bengal,Barrackpore,"SVSPA Campus, Barrackpore - WBPCB",18-11-2025 17:00,22.7605581,88.3617589,OZONE,3,58,36
India,West_Bengal,Durgapur,"Mahishkapur Road_B-Zone, Durgapur - WBPCB",18-11-2025 17:00,23.567923,87.306843,PM2.5,22,142,76
India,West_Bengal,Durgapur,"Mahishkapur Road_B-Zone, Durgapur - WBPCB",18-11-2025 17:00,23.567923,87.306843,NH3,1,2,2
India,West_Bengal,Durgapur,"PCBL Residential Complex, Durgapur - WBPCB",18-11-2025 17:00,23.508764,87.35444,NO2,15,23,18
India,West_Bengal,Durgapur,"PCBL Residential Complex, Durgapur - WBPCB",18-11-2025 17:00,23.508764,87.35444,SO2,3,4,4
India,West_Bengal,Kolkata,"Ballygunge, Kolkata - WBPCB",18-11-2025 17:00,22.5367507,88.3638022,NH3,8,13,9
India,West_Bengal,Kolkata,"Ballygunge, Kolkata - WBPCB",18-11-2025 17:00,22.5367507,88.3638022,OZONE,5,32,22
India,West_Bengal,Kolkata,"Bidhannagar, Kolkata - WBPCB",18-11-2025 17:00,22.58157048,88.41002457,NH3,4,14,8
India,West_Bengal,Kolkata,"Bidhannagar, Kolkata - WBPCB",18-11-2025 17:00,22.58157048,88.41002457,OZONE,11,55,37
India,West_Bengal,Kolkata,"Fort William, Kolkata - WBPCB",18-11-2025 17:00,22.55664,88.342674,PM2.5,72,266,160
India,West_Bengal,Kolkata,"Fort William, Kolkata - WBPCB",18-11-2025 17:00,22.55664,88.342674,PM10,75,160,121
India,West_Bengal,Kolkata,"Jadavpur, Kolkata - WBPCB",18-11-2025 17:00,22.49929,88.36917,PM2.5,110,345,257
India,Uttar_Pradesh,Prayagraj,"Jhunsi, Prayagraj - UPPCB",18-11-2025 17:00,25.425602,81.917152,CO,38,107,58
India,Uttar_Pradesh,Prayagraj,"Motilal Nehru NIT, Prayagraj - UPPCB",18-11-2025 17:00,25.494,81.863,PM10,83,310,175
India,Uttar_Pradesh,Prayagraj,"Motilal Nehru NIT, Prayagraj - UPPCB",18-11-2025 17:00,25.494,81.863,NH3,8,8,8
India,Uttar_Pradesh,Prayagraj,"Motilal Nehru NIT, Prayagraj - UPPCB",18-11-2025 17:00,25.494,81.863,SO2,27,48,33
India,Uttar_Pradesh,Prayagraj,"Motilal Nehru NIT, Prayagraj - UPPCB",18-11-2025 17:00,25.494,81.863,OZONE,5,45,31
India,Uttar_Pradesh,Varanasi,"Ardhali Bazar, Varanasi - UPPCB",18-11-2025 17:00,25.3505986,82.9083074,PM10,58,212,149
India,Uttarakhand,Kashipur,"Govt. Girls Inter College, Kashipur - UKPCB",18-11-2025 17:00,29.2124114,78.9611753,PM2.5,38,256,96
India,Uttarakhand,Kashipur,"Govt. Girls Inter College, Kashipur - UKPCB",18-11-2025 17:00,29.2124114,78.9611753,OZONE,1,4,3
India,Uttarakhand,Rishikesh,"Shivaji Nagar, Rishikesh - UKPCB",18-11-2025 17:00,30.075911,78.2859547,NO2,13,17,14
India,Uttarakhand,Rishikesh,"Shivaji Nagar, Rishikesh - UKPCB",18-11-2025 17:00,30.075911,78.2859547,SO2,5,5,5
India,West_Bengal,Asansol,"Asansol Court Area, Asansol - WBPCB",18-11-2025 17:00,23.685297,86.945968,NH3,3,7,5
India,West_Bengal,Kolkata,"Jadavpur, Kolkata - WBPCB",18-11-2025 17:00,22.49929,88.36917,PM10,109,289,192
India,West_Bengal,Kolkata,"Jadavpur, Kolkata - WBPCB",18-11-2025 17:00,22.49929,88.36917,SO2,1,4,2
India,West_Bengal,Kolkata,"Jadavpur, Kolkata - WBPCB",18-11-2025 17:00,22.49929,88.36917,CO,26,112,45
India,West_Bengal,Kolkata,"Rabindra Bharati University, Kolkata - WBPCB",18-11-2025 17:00,22.627847,88.380669,OZONE,5,107,78
India,West_Bengal,Kolkata,"Rabindra Sarobar, Kolkata - WBPCB",18-11-2025 17:00,22.51106,88.35142,NH3,8,30,17
India,West_Bengal,Asansol,"Evelyn Lodge, Asansol - WBPCB",18-11-2025 17:00,23.697936,86.944395,PM2.5,28,198,101
India,West_Bengal,Asansol,"Evelyn Lodge, Asansol - WBPCB",18-11-2025 17:00,23.697936,86.944395,NH3,3,3,3
India,West_Bengal,Asansol,"Evelyn Lodge, Asansol - WBPCB",18-11-2025 17:00,23.697936,86.944395,OZONE,9,52,39
India,West_Bengal,Asansol,"Mahabir Colliery, Asansol - WBPCB",18-11-2025 17:00,23.618183,87.105718,PM2.5,26,254,134
India,West_Bengal,Asansol,"Mahabir Colliery, Asansol - WBPCB",18-11-2025 17:00,23.618183,87.105718,NO2,14,61,32
India,Uttar_Pradesh,Varanasi,"Bhelupur, Varanasi - UPPCB",18-11-2025 17:00,25.301778,82.996789,OZONE,1,12,8
India,Uttar_Pradesh,Varanasi,"IESD Banaras Hindu University, Varanasi - UPPCB",18-11-2025 17:00,25.262326,82.995408,PM10,80,182,124
India,Uttar_Pradesh,Vrindavan,"Omex Eternity, Vrindavan - UPPCB",18-11-2025 17:00,27.571409,77.655757,SO2,14,23,16
India,West_Bengal,Howrah,"Dasnagar, Howrah - WBPCB",18-11-2025 17:00,22.6025571,88.3105664,PM2.5,42,249,132
India,West_Bengal,Howrah,"Ghusuri, Howrah - WBPCB",18-11-2025 17:00,22.611968,88.347422,PM10,81,179,123
India,West_Bengal,Howrah,"Ghusuri, Howrah - WBPCB",18-11-2025 17:00,22.611968,88.347422,NH3,7,15,11
India,West_Bengal,Howrah,"Padmapukur, Howrah - WBPCB",18-11-2025 17:00,22.5687319,88.2797276,CO,2,83,13
India,West_Bengal,Siliguri,"Ward-32 Bapupara, Siliguri - WBPCB",18-11-2025 17:00,26.6879226,88.4152495,PM10,34,234,74
India,West_Bengal,Siliguri,"Ward-32 Bapupara, Siliguri - WBPCB",18-11-2025 17:00,26.6879226,88.4152495,NH3,11,11,11
India,West_Bengal,Siliguri,"Ward-32 Bapupara, Siliguri - WBPCB",18-11-2025 17:00,26.6879226,88.4152495,CO,26,96,31
India,Andhra_Pradesh,Rajamahendravaram,"Anand Kala Kshetram, Rajamahendravaram - APPCB",18-11-2025 17:00,16.9872867,81.7363176,PM2.5,49,202,96
India,Andhra_Pradesh,Rajamahendravaram,"Anand Kala Kshetram, Rajamahendravaram - APPCB",18-11-2025 17:00,16.9872867,81.7363176,NO2,11,53,26
India,Andhra_Pradesh,Tirupati,"Vaikuntapuram, Tirupati - APPCB",18-11-2025 17:00,13.615387,79.40923,PM10,44,140,78
India,Andhra_Pradesh,Kadapa,"Yerramukkapalli, Kadapa - APPCB",18-11-2025 17:00,14.465052,78.824187,PM2.5,61,71,63
India,Andhra_Pradesh,Kadapa,"Yerramukkapalli, Kadapa - APPCB",18-11-2025 17:00,14.465052,78.824187,SO2,14,20,15
India,Andhra_Pradesh,Tirupati,"Vaikuntapuram, Tirupati - APPCB",18-11-2025 17:00,13.615387,79.40923,CO,15,26,20
India,Andhra_Pradesh,Anantapur,"Gulzarpet, Anantapur - APPCB",18-11-2025 17:00,14.675886,77.593027,PM2.5,58,69,63
India,Andhra_Pradesh,Anantapur,"Gulzarpet, Anantapur - APPCB",18-11-2025 17:00,14.675886,77.593027,NO2,14,20,15
India,Andhra_Pradesh,Anantapur,"Gulzarpet, Anantapur - APPCB",18-11-2025 17:00,14.675886,77.593027,CO,26,49,30
India,Andhra_Pradesh,Tirumala,"Toll Gate, Tirumala - APPCB",18-11-2025 17:00,13.67,79.35,SO2,6,7,7
India,Assam,Nagaon,"Christianpatty, Nagaon - PCBA",18-11-2025 17:00,26.349082,92.68449,NO2,1,1,1
India,Assam,Nagaon,"Christianpatty, Nagaon - PCBA",18-11-2025 17:00,26.349082,92.68449,SO2,10,13,12
India,Assam,Nalbari,"Bata Chowk, Nalbari - PCBA",18-11-2025 17:00,26.446912,91.439057,PM2.5,22,85,38
India,Assam,Nalbari,"Bata Chowk, Nalbari - PCBA",18-11-2025 17:00,26.446912,91.439057,SO2,8,9,8
India,Assam,Silchar,"Tarapur, Silchar - PCBA",18-11-2025 17:00,24.82827,92.79525,NO2,15,19,18
India,Assam,Silchar,"Tarapur, Silchar - PCBA",18-11-2025 17:00,24.82827,92.79525,NH3,1,1,1
India,Assam,Byrnihat,"Central Academy for SFS, Byrnihat - PCBA",18-11-2025 17:00,26.071318,91.87488,SO2,5,8,6
India,Assam,Byrnihat,"Central Academy for SFS, Byrnihat - PCBA",18-11-2025 17:00,26.071318,91.87488,CO,43,71,54
India,Assam,Byrnihat,"Central Academy for SFS, Byrnihat - PCBA",18-11-2025 17:00,26.071318,91.87488,OZONE,16,24,21
India,Assam,Guwahati,"IITG, Guwahati - PCBA",18-11-2025 17:00,26.2028636,91.70046436,PM10,32,128,74
India,Assam,Guwahati,"IITG, Guwahati - PCBA",18-11-2025 17:00,26.2028636,91.70046436,NO2,1,7,3
India,Assam,Silchar,"Tarapur, Silchar - PCBA",18-11-2025 17:00,24.82827,92.79525,CO,24,66,30
India,Assam,Sivasagar,"Girls College, Sivasagar - PCBA",18-11-2025 17:00,26.987634,94.636574,SO2,5,15,10
India,Assam,Sivasagar,"Girls College, Sivasagar - PCBA",18-11-2025 17:00,26.987634,94.636574,OZONE,4,66,55
India,Bihar,Araria,"Kharahiya Basti, Araria - BSPCB",18-11-2025 17:00,26.146529,87.454184,PM2.5,18,316,101
India,Assam,Guwahati,"Pan Bazaar, Guwahati - PCBA",18-11-2025 17:00,26.1875,91.744194,PM2.5,24,164,56
India,Assam,Guwahati,"Pan Bazaar, Guwahati - PCBA",18-11-2025 17:00,26.1875,91.744194,CO,7,75,17
India,Assam,Guwahati,"Railway Colony, Guwahati - PCBA",18-11-2025 17:00,26.181742,91.78063,PM2.5,17,285,94
India,Assam,Guwahati,"Railway Colony, Guwahati - PCBA",18-11-2025 17:00,26.181742,91.78063,NO2,3,4,3
India,Assam,Guwahati,"IITG, Guwahati - PCBA",18-11-2025 17:00,26.2028636,91.70046436,SO2,23,25,24
India,Assam,Guwahati,"LGBI Airport, Guwahati - PCBA",18-11-2025 17:00,26.10887,91.589544,PM2.5,36,79,63
India,Assam,Guwahati,"LGBI Airport, Guwahati - PCBA",18-11-2025 17:00,26.10887,91.589544,NO2,8,19,14
India,Andhra_Pradesh,Vijayawada,"Rajiv Gandhi Park, Vijayawada - APPCB",18-11-2025 17:00,16.509717,80.612222,PM2.5,62,81,72
India,Andhra_Pradesh,Vijayawada,"Rajiv Gandhi Park, Vijayawada - APPCB",18-11-2025 17:00,16.509717,80.612222,PM10,60,81,69
India,Andhra_Pradesh,Visakhapatnam,"GVM Corporation, Visakhapatnam - APPCB",18-11-2025 17:00,17.72,83.3,NO2,10,100,40
India,Arunachal_Pradesh,Naharlagun,"Naharlagun, Naharlagun - APSPCB",18-11-2025 17:00,27.103358,93.679645,PM2.5,33,264,86
India,Bihar,Hajipur,"Industrial Area, Hajipur - BSPCB",18-11-2025 17:00,25.697189,85.2459,NH3,5,10,8
India,Bihar,Hajipur,"Industrial Area, Hajipur - BSPCB",18-11-2025 17:00,25.697189,85.2459,SO2,3,6,4
India,Bihar,Katihar,"Mirchaibari, Katihar - BSPCB",18-11-2025 17:00,25.560083,87.553265,NO2,11,20,16
India,Bihar,Katihar,"Mirchaibari, Katihar - BSPCB",18-11-2025 17:00,25.560083,87.553265,CO,40,82,61
India,Bihar,Bhagalpur,"Mayaganj, Bhagalpur - BSPCB",18-11-2025 17:00,25.265194,87.012947,CO,5,94,56
India,Bihar,Bihar Sharif,"D M Colony, Bihar Sharif - BSPCB",18-11-2025 17:00,25.204762,85.51496,PM10,NA,NA,NA
India,Bihar,Buxar,"Charitra Van, Buxar - BSPCB",18-11-2025 17:00,25.56752,83.966379,CO,18,28,24
India,Bihar,Chhapra,"Darshan Nagar, Chhapra - BSPCB",18-11-2025 17:00,25.7808257,84.7446768,PM2.5,NA,NA,NA
India,Bihar,Chhapra,"Darshan Nagar, Chhapra - BSPCB",18-11-2025 17:00,25.7808257,84.7446768,PM10,NA,NA,NA
India,Bihar,Chhapra,"Darshan Nagar, Chhapra - BSPCB",18-11-2025 17:00,25.7808257,84.7446768,NO2,NA,NA,NA
India,Bihar,Gaya,"Collectorate, Gaya - BSPCB",18-11-2025 17:00,24.7955,84.9994,OZONE,NA,NA,NA
India,Bihar,Arrah,"New DM Office, Arrah - BSPCB",18-11-2025 17:00,25.5626095,84.663264,PM2.5,43,223,121
India,Bihar,Arrah,"New DM Office, Arrah - BSPCB",18-11-2025 17:00,25.5626095,84.663264,PM10,55,169,118
India,Bihar,Arrah,"New DM Office, Arrah - BSPCB",18-11-2025 17:00,25.5626095,84.663264,CO,39,66,55
India,Bihar,Manguraha,"Forest Rest House, Manguraha - BSPCB",18-11-2025 17:00,27.308328,84.531742,SO2,16,17,17
India,Bihar,Manguraha,"Forest Rest House, Manguraha - BSPCB",18-11-2025 17:00,27.308328,84.531742,OZONE,9,16,14
India,Bihar,Gaya,"SFTI Kusdihra, Gaya - BSPCB",18-11-2025 17:00,24.762518,84.982348,PM10,51,74,63
India,Bihar,Gaya,"SFTI Kusdihra, Gaya - BSPCB",18-11-2025 17:00,24.762518,84.982348,OZONE,13,50,36
India,Bihar,Bettiah,"Kamalnath Nagar, Bettiah - BSPCB",18-11-2025 17:00,26.80365,84.51954,PM10,38,157,112
India,Bihar,Bhagalpur,"Mayaganj, Bhagalpur - BSPCB",18-11-2025 17:00,25.265194,87.012947,PM2.5,23,183,97
India,Bihar,Bhagalpur,"Mayaganj, Bhagalpur - BSPCB",18-11-2025 17:00,25.265194,87.012947,NH3,1,13,8
India,Bihar,Patna,"IGSC Planetarium Complex, Patna - BSPCB",18-11-2025 17:00,25.610369,85.132568,CO,42,70,53
India,Bihar,Patna,"Muradpur, Patna - BSPCB",18-11-2025 17:00,25.619651,85.147382,OZONE,4,40,32
India,Bihar,Patna,"Rajbansi Nagar, Patna - BSPCB",18-11-2025 17:00,25.599486,85.113666,PM10,79,143,118
India,Bihar,Saharsa,"Police Line, Saharsa - BSPCB",18-11-2025 17:00,25.892357,86.590325,SO2,12,17,14
India,Bihar,Samastipur,"DM Office_Kasipur, Samastipur - BSPCB",18-11-2025 17:00,25.859655,85.77944,NH3,2,2,2
India,Bihar,Rajgir,"Dangi Tola, Rajgir - BSPCB",18-11-2025 17:00,25.0328,85.41948,SO2,18,32,22
India,Bihar,Saharsa,"Police Line, Saharsa - BSPCB",18-11-2025 17:00,25.892357,86.590325,NO2,6,8,7
India,Bihar,Purnia,"Mariam Nagar, Purnia - BSPCB",18-11-2025 17:00,25.366336,87.117468,NO2,5,7,6
India,Bihar,Purnia,"Mariam Nagar, Purnia - BSPCB",18-11-2025 17:00,25.366336,87.117468,NH3,3,3,3
India,Bihar,Purnia,"Mariam Nagar, Purnia - BSPCB",18-11-2025 17:00,25.366336,87.117468,CO,54,57,56
India,Chandigarh,Chandigarh,"Sector 22, Chandigarh - CPCC",18-11-2025 17:00,30.735567,76.775714,NO2,4,54,18
India,Chandigarh,Chandigarh,"Sector 22, Chandigarh - CPCC",18-11-2025 17:00,30.735567,76.775714,CO,52,107,62
India,Bihar,Muzaffarpur,"MIT-Daudpur Kothi, Muzaffarpur - BSPCB",18-11-2025 17:00,26.1403345,85.3650192,PM10,59,74,66
India,Bihar,Muzaffarpur,"MIT-Daudpur Kothi, Muzaffarpur - BSPCB",18-11-2025 17:00,26.1403345,85.3650192,NO2,17,18,17
India,Bihar,Muzaffarpur,"Buddha Colony, Muzaffarpur - BSPCB",18-11-2025 17:00,26.11442,85.39813,NO2,25,63,42
India,Bihar,Muzaffarpur,"Buddha Colony, Muzaffarpur - BSPCB",18-11-2025 17:00,26.11442,85.39813,CO,40,106,49
India,Bihar,Munger,"Town Hall, Munger - BSPCB",18-11-2025 17:00,25.376776,86.471523,CO,19,48,31
India,Bihar,Munger,"Town Hall, Munger - BSPCB",18-11-2025 17:00,25.376776,86.471523,OZONE,12,27,20
India,Bihar,Patna,"DRM Office Danapur, Patna - BSPCB",18-11-2025 17:00,25.586562,85.043586,CO,41,122,54
India,Chhattisgarh,Korba,"Rampur, Korba - CECB",18-11-2025 17:00,22.368195,82.746431,NO2,15,23,19
India,Chhattisgarh,Korba,"Rampur, Korba - CECB",18-11-2025 17:00,22.368195,82.746431,SO2,5,12,10
India,Chhattisgarh,Korba,"Urja Nagar, Korba - CECB",18-11-2025 17:00,22.348441,82.549611,PM2.5,53,72,55
India,Chhattisgarh,Korba,"Urja Nagar, Korba - CECB",18-11-2025 17:00,22.348441,82.549611,PM10,72,73,72
India,Chhattisgarh,Korba,"Urja Nagar, Korba - CECB",18-11-2025 17:00,22.348441,82.549611,NH3,1,2,2
India,Chhattisgarh,Korba,"Urja Nagar, Korba - CECB",18-11-2025 17:00,22.348441,82.549611,OZONE,34,36,35
India,Chhattisgarh,Kunjemura,"OP Jindal School, Kunjemura - CECB",18-11-2025 17:00,22.12665,83.483212,NO2,3,4,3
India,Chhattisgarh,Kunjemura,"OP Jindal School, Kunjemura - CECB",18-11-2025 17:00,22.12665,83.483212,NH3,2,2,2
India,Delhi,Delhi,"CRRI Mathura Road, Delhi - IMD",18-11-2025 17:00,28.5512005,77.2735737,NO2,1,72,17
India,Delhi,Delhi,"CRRI Mathura Road, Delhi - IMD",18-11-2025 17:00,28.5512005,77.2735737,OZONE,10,176,84
India,Delhi,Delhi,"Chandni Chowk, Delhi - IITM",18-11-2025 17:00,28.656756,77.227234,NO2,49,204,93
India,Delhi,Delhi,"DTU, Delhi - CPCB",18-11-2025 17:00,28.7500499,77.1112615,PM10,144,444,329
India,Delhi,Delhi,"DTU, Delhi - CPCB",18-11-2025 17:00,28.7500499,77.1112615,CO,25,122,82
India,Delhi,Delhi,"Dr. Karni Singh Shooting Range, Delhi - DPCC",18-11-2025 17:00,28.498571,77.26484,PM2.5,267,432,348
India,Chhattisgarh,Raipur,"Krishak Nagar, Raipur - CECB",18-11-2025 17:00,21.237755,81.705301,PM2.5,19,33,27
India,Chhattisgarh,Raipur,"Siltara Phase-II, Raipur - CECB",18-11-2025 17:00,21.371751,81.664929,NH3,3,3,3
India,Chhattisgarh,Tumidih,"OP Jindal Industrial Park, Tumidih - CECB",18-11-2025 17:00,22.06631475,83.33820077,NO2,32,98,62
India,Chhattisgarh,Tumidih,"OP Jindal Industrial Park, Tumidih - CECB",18-11-2025 17:00,22.06631475,83.33820077,SO2,5,24,8
India,Chandigarh,Chandigarh,"Sector-53, Chandigarh - CPCC",18-11-2025 17:00,30.719859,76.738637,SO2,8,46,19
India,Chhattisgarh,Bhilai,"32Bungalows, Bhilai - CECB",18-11-2025 17:00,21.194815,81.31477,NH3,1,4,3
India,Chhattisgarh,Bhilai,"32Bungalows, Bhilai - CECB",18-11-2025 17:00,21.194815,81.31477,CO,22,60,27
India,Chhattisgarh,Bhilai,"Civic Center, Bhilai - Bhilai Steel Plant",18-11-2025 17:00,21.185571,81.343175,NO2,10,11,11
India,Delhi,Delhi,"Dwarka-Sector 8, Delhi - DPCC ",18-11-2025 17:00,28.5710274,77.0719006,NH3,12,15,13
India,Delhi,Delhi,"Dwarka-Sector 8, Delhi - DPCC ",18-11-2025 17:00,28.5710274,77.0719006,CO,60,193,81
India,Delhi,Delhi,"Dwarka-Sector 8, Delhi - DPCC ",18-11-2025 17:00,28.5710274,77.0719006,OZONE,2,183,93
India,Delhi,Delhi,"IHBAS, Dilshad Garden, Delhi - CPCB",18-11-2025 17:00,28.6811736,77.3025234,PM2.5,189,438,333
India,Delhi,Delhi,"IHBAS, Dilshad Garden, Delhi - CPCB",18-11-2025 17:00,28.6811736,77.3025234,OZONE,23,26,24
India,Chhattisgarh,Bilaspur,"Mangala, Bilaspur - NTPC",18-11-2025 17:00,22.08815,82.13737,PM10,74,146,101
India,Chhattisgarh,Bilaspur,"Mangala, Bilaspur - NTPC",18-11-2025 17:00,22.08815,82.13737,SO2,5,30,10
India,Chhattisgarh,Korba,"Rampur, Korba - CECB",18-11-2025 17:00,22.368195,82.746431,PM10,48,63,62
India,Chhattisgarh,Raipur,"Bhatagaon New ISBT, Raipur - CECB",18-11-2025 17:00,21.219665,81.630094,PM2.5,31,79,56
India,Chhattisgarh,Raipur,"Bhatagaon New ISBT, Raipur - CECB",18-11-2025 17:00,21.219665,81.630094,NO2,25,43,31
India,Chhattisgarh,Raipur,"Bhatagaon New ISBT, Raipur - CECB",18-11-2025 17:00,21.219665,81.630094,NH3,2,2,2
India,Delhi,Delhi,"Bawana, Delhi - DPCC",18-11-2025 17:00,28.7762,77.051074,PM10,177,500,391
India,Delhi,Delhi,"Bawana, Delhi - DPCC",18-11-2025 17:00,28.7762,77.051074,NH3,6,9,7
India,Delhi,Delhi,"Bawana, Delhi - DPCC",18-11-2025 17:00,28.7762,77.051074,OZONE,4,154,97
India,Delhi,Delhi,"Alipur, Delhi - DPCC",18-11-2025 17:00,28.815329,77.15301,NH3,15,21,17
India,Delhi,Delhi,"Okhla Phase-2, Delhi - DPCC",18-11-2025 17:00,28.530785,77.271255,PM10,209,445,365
India,Delhi,Delhi,"Okhla Phase-2, Delhi - DPCC",18-11-2025 17:00,28.530785,77.271255,NO2,113,192,148
India,Delhi,Delhi,"Okhla Phase-2, Delhi - DPCC",18-11-2025 17:00,28.530785,77.271255,NH3,9,20,12
India,Delhi,Delhi,"Patparganj, Delhi - DPCC",18-11-2025 17:00,28.623763,77.287209,PM2.5,240,490,377
India,Delhi,Delhi,"Patparganj, Delhi - DPCC",18-11-2025 17:00,28.623763,77.287209,SO2,1,17,8
India,Delhi,Delhi,"Patparganj, Delhi - DPCC",18-11-2025 17:00,28.623763,77.287209,OZONE,3,257,157
India,Delhi,Delhi,"R K Puram, Delhi - DPCC",18-11-2025 17:00,28.563262,77.186937,OZONE,7,235,121
India,Delhi,Delhi,"Rohini, Delhi - DPCC",18-11-2025 17:00,28.732528,77.11992,PM2.5,253,500,413
India,Delhi,Delhi,"Rohini, Delhi - DPCC",18-11-2025 17:00,28.732528,77.11992,PM10,182,494,397
India,Delhi,Delhi,"Rohini, Delhi - DPCC",18-11-2025 17:00,28.732528,77.11992,CO,28,154,53
India,Delhi,Delhi,"Sirifort, Delhi - CPCB",18-11-2025 17:00,28.5504249,77.2159377,NH3,7,13,10
India,Delhi,Delhi,"Punjabi Bagh, Delhi - DPCC",18-11-2025 17:00,28.674045,77.131023,PM10,167,476,382
India,Delhi,Delhi,"Pusa, Delhi - DPCC",18-11-2025 17:00,28.639652,77.146275,NH3,7,15,11
India,Delhi,Delhi,"Pusa, Delhi - DPCC",18-11-2025 17:00,28.639652,77.146275,OZONE,1,68,36
India,Delhi,Delhi,"Pusa, Delhi - IMD",18-11-2025 17:00,28.63611,77.173332,PM10,150,457,281
India,Delhi,Delhi,"R K Puram, Delhi - DPCC",18-11-2025 17:00,28.563262,77.186937,PM10,169,443,312
India,Gujarat,Ahmedabad,"Chandkheda, Ahmedabad - IITM",18-11-2025 17:00,23.107969,72.574648,NO2,15,113,50
India,Gujarat,Ahmedabad,"Chandkheda, Ahmedabad - IITM",18-11-2025 17:00,23.107969,72.574648,NH3,7,23,13
India,Gujarat,Ahmedabad,"Chandkheda, Ahmedabad - IITM",18-11-2025 17:00,23.107969,72.574648,CO,6,105,22
India,Gujarat,Ahmedabad,"Gyaspur, Ahmedabad - IITM",18-11-2025 17:00,22.977134,72.553024,NO2,43,114,94
India,Gujarat,Ahmedabad,"Maninagar, Ahmedabad - GPCB",18-11-2025 17:00,23.002657,72.591912,NO2,33,56,43
India,Delhi,Delhi,"ITO, Delhi - CPCB",18-11-2025 17:00,28.628624,77.24106,SO2,20,38,30
India,Delhi,Delhi,"ITO, Delhi - CPCB",18-11-2025 17:00,28.628624,77.24106,CO,28,140,56
India,Delhi,Delhi,"Jahangirpuri, Delhi - DPCC",18-11-2025 17:00,28.73282,77.170633,PM10,210,500,432
India,Delhi,Delhi,"Jawaharlal Nehru Stadium, Delhi - DPCC",18-11-2025 17:00,28.58028,77.233829,CO,51,174,74
India,Delhi,Delhi,"Sonia Vihar, Delhi - DPCC",18-11-2025 17:00,28.710508,77.249485,SO2,7,36,15
India,Delhi,Delhi,"Sonia Vihar, Delhi - DPCC",18-11-2025 17:00,28.710508,77.249485,CO,68,170,84
India,Delhi,Delhi,"Sri Aurobindo Marg, Delhi - DPCC",18-11-2025 17:00,28.531346,77.190156,PM10,127,401,231
India,Delhi,Delhi,"Vivek Vihar, Delhi - DPCC",18-11-2025 17:00,28.672342,77.31526,SO2,8,31,18
India,Delhi,Delhi,"NSIT Dwarka, Delhi - CPCB",18-11-2025 17:00,28.60909,77.0325413,OZONE,12,55,44
India,Delhi,Delhi,"Najafgarh, Delhi - DPCC",18-11-2025 17:00,28.570173,76.933762,OZONE,5,22,15
India,Delhi,Delhi,"Narela, Delhi - DPCC",18-11-2025 17:00,28.822836,77.101981,SO2,5,33,18
India,Delhi,Delhi,"Narela, Delhi - DPCC",18-11-2025 17:00,28.822836,77.101981,CO,5,103,30
India,Delhi,Delhi,"Mandir Marg, Delhi - DPCC",18-11-2025 17:00,28.636429,77.201067,NH3,12,28,20
India,Delhi,Delhi,"Mandir Marg, Delhi - DPCC",18-11-2025 17:00,28.636429,77.201067,CO,48,157,78
India,Delhi,Delhi,"Mandir Marg, Delhi - DPCC",18-11-2025 17:00,28.636429,77.201067,OZONE,21,189,122
India,Delhi,Delhi,"Mundka, Delhi - DPCC",18-11-2025 17:00,28.684678,77.076574,CO,13,156,40
India,Delhi,Delhi,"Major Dhyan Chand National Stadium, Delhi - DPCC",18-11-2025 17:00,28.611281,77.237738,NO2,57,170,116
India,Delhi,Delhi,"Mandir Marg, Delhi - DPCC",18-11-2025 17:00,28.636429,77.201067,PM2.5,163,457,336
India,Gujarat,Gandhinagar,"GIFT City, Gandhinagar - IITM",18-11-2025 17:00,23.163798,72.677768,PM10,125,201,158
India,Gujarat,Gandhinagar,"GIFT City, Gandhinagar - IITM",18-11-2025 17:00,23.163798,72.677768,SO2,4,20,11
India,Gujarat,Gandhinagar,"IIPHG Lekawada, Gandhinagar - IITM",18-11-2025 17:00,23.243639,72.68994,PM10,87,144,114
India,Gujarat,Gandhinagar,"IIPHG Lekawada, Gandhinagar - IITM",18-11-2025 17:00,23.243639,72.68994,NO2,7,12,9
India,Gujarat,Gandhinagar,"IIPHG Lekawada, Gandhinagar - IITM",18-11-2025 17:00,23.243639,72.68994,CO,38,114,64
India,Gujarat,Gandhinagar,"Sector-10, Gandhinagar - GPCB",18-11-2025 17:00,23.221714,72.654328,PM10,49,124,93
India,Gujarat,Gandhinagar,"Sector-10, Gandhinagar - GPCB",18-11-2025 17:00,23.221714,72.654328,NO2,16,35,21
India,Haryana,Kaithal,"Rishi Nagar, Kaithal - HSPCB",18-11-2025 17:00,29.8006,76.4155,PM2.5,93,247,167
India,Haryana,Kaithal,"Rishi Nagar, Kaithal - HSPCB",18-11-2025 17:00,29.8006,76.4155,CO,6,98,38
India,Haryana,Kaithal,"Rishi Nagar, Kaithal - HSPCB",18-11-2025 17:00,29.8006,76.4155,OZONE,6,28,20
India,Haryana,Karnal,"Sector-12, Karnal - HSPCB",18-11-2025 17:00,29.6953,77.0027,NH3,6,7,6
India,Haryana,Kurukshetra,"Sector-7, Kurukshetra - HSPCB",18-11-2025 17:00,29.966942,76.875879,PM2.5,82,315,210
India,Gujarat,Surat,"Science Center, Surat - SMC",18-11-2025 17:00,21.170046,72.795405,PM10,58,138,98
India,Gujarat,Surat,"Science Center, Surat - SMC",18-11-2025 17:00,21.170046,72.795405,NO2,4,20,13
India,Gujarat,Vapi,"Phase-1 GIDC, Vapi - GPCB",18-11-2025 17:00,20.362421,72.918013,PM2.5,NA,NA,NA
India,Gujarat,Vapi,"Phase-1 GIDC, Vapi - GPCB",18-11-2025 17:00,20.362421,72.918013,PM10,NA,NA,NA
India,Haryana,Ambala,"Patti Mehar, Ambala - HSPCB",18-11-2025 17:00,30.379589,76.778328,NO2,21,24,23
India,Gujarat,Ahmedabad,"SAC ISRO Satellite, Ahmedabad - IITM",18-11-2025 17:00,23.023389,72.515201,PM2.5,65,98,82
India,Gujarat,Ahmedabad,"SAC ISRO Satellite, Ahmedabad - IITM",18-11-2025 17:00,23.023389,72.515201,NH3,4,10,6
India,Gujarat,Ahmedabad,"SVPI Airport Hansol, Ahmedabad - IITM",18-11-2025 17:00,23.076793,72.627874,PM2.5,70,184,129
India,Gujarat,Ankleshwar,"GIDC, Ankleshwar - GPCB",18-11-2025 17:00,21.613267,73.010555,PM2.5,NA,NA,NA
India,Gujarat,Ahmedabad,"Raikhad, Ahmedabad - IITM",18-11-2025 17:00,23.020509,72.579261,NH3,10,30,16
India,Gujarat,Ahmedabad,"Rakhial, Ahmedabad - IITM",18-11-2025 17:00,23.016834,72.625775,PM10,93,176,124
India,Gujarat,Ahmedabad,"SAC ISRO Bopal, Ahmedabad - IITM",18-11-2025 17:00,23.041137,72.456691,PM10,101,187,138
India,Gujarat,Ahmedabad,"SAC ISRO Bopal, Ahmedabad - IITM",18-11-2025 17:00,23.041137,72.456691,CO,14,54,24
India,Haryana,Bhiwani,"H.B. Colony, Bhiwani - HSPCB",18-11-2025 17:00,28.806223,76.141105,SO2,12,13,12
India,Haryana,Dharuhera,"Municipal Corporation Office, Dharuhera -  HSPCB",18-11-2025 17:00,28.2068,76.7997,NH3,7,25,18
India,Haryana,Faridabad,"Sector 11, Faridabad - HSPCB",18-11-2025 17:00,28.376058,77.315741,NO2,1,60,24
India,Haryana,Gurugram,"Teri Gram, Gurugram - HSPCB",18-11-2025 17:00,28.4275,77.1465,CO,22,97,49
India,Haryana,Gurugram,"Teri Gram, Gurugram - HSPCB",18-11-2025 17:00,28.4275,77.1465,OZONE,1,123,72
India,Haryana,Hisar,"Urban Estate-II, Hisar - HSPCB",18-11-2025 17:00,29.14056,75.744941,PM2.5,57,226,124
India,Haryana,Bahadurgarh,"Arya Nagar, Bahadurgarh - HSPCB",18-11-2025 17:00,28.6701,76.9254,PM2.5,NA,NA,NA
India,Haryana,Bahadurgarh,"Arya Nagar, Bahadurgarh - HSPCB",18-11-2025 17:00,28.6701,76.9254,PM10,NA,NA,NA
India,Haryana,Ballabgarh,"Nathu Colony, Ballabgarh - HSPCB",18-11-2025 17:00,28.3419248,77.319699,PM10,94,136,110
India,Haryana,Faridabad,"Sector 30, Faridabad - HSPCB",18-11-2025 17:00,28.4417,77.3217,CO,60,66,64
India,Haryana,Sonipat,"Murthal, Sonipat - HSPCB",18-11-2025 17:00,29.0272,77.0621,CO,36,38,37
India,Haryana,Sonipat,"Murthal, Sonipat - HSPCB",18-11-2025 17:00,29.0272,77.0621,OZONE,25,26,26
India,Haryana,Yamuna Nagar,"Gobind Pura, Yamuna Nagar - HSPCB",18-11-2025 17:00,30.1480566,77.2893471,NH3,NA,NA,NA
India,Haryana,Yamuna Nagar,"Gobind Pura, Yamuna Nagar - HSPCB",18-11-2025 17:00,30.1480566,77.2893471,SO2,NA,NA,NA
India,Haryana,Yamuna Nagar,"Gobind Pura, Yamuna Nagar - HSPCB",18-11-2025 17:00,30.1480566,77.2893471,OZONE,38,38,38
India,Himachal Pradesh,Baddi,"HIMUDA Complex Phase-1, Baddi - HPPCB",18-11-2025 17:00,30.943887,76.801991,PM10,49,286,127
India,Jammu_and_Kashmir,Srinagar,"Rajbagh, Srinagar - JKSPCB",18-11-2025 17:00,34.066206,74.81982,PM10,56,118,99
India,Jammu_and_Kashmir,Srinagar,"Rajbagh, Srinagar - JKSPCB",18-11-2025 17:00,34.066206,74.81982,OZONE,1,29,10
India,Jharkhand,Dhanbad,"Sardar Patel Nagar, Dhanbad - JSPCB",18-11-2025 17:00,23.80569,86.44268,PM2.5,8,161,78
India,Karnataka,Bengaluru,"Shivapura_Peenya, Bengaluru - KSPCB",18-11-2025 17:00,13.0246342,77.5080115,NH3,5,5,5
India,Karnataka,Bengaluru,"Shivapura_Peenya, Bengaluru - KSPCB",18-11-2025 17:00,13.0246342,77.5080115,OZONE,19,20,20
India,Karnataka,Bengaluru,"Silk Board, Bengaluru - KSPCB",18-11-2025 17:00,12.917348,77.622813,PM2.5,54,224,96
India,Karnataka,Bengaluru,"Silk Board, Bengaluru - KSPCB",18-11-2025 17:00,12.917348,77.622813,SO2,7,9,8
India,Karnataka,Chamarajanagar,"Urban, Chamarajanagar - KSPCB",18-11-2025 17:00,11.55358,76.55521,CO,14,119,22
India,Karnataka,Chikkamagaluru,"Kalyana Nagara, Chikkamagaluru - KSPCB",18-11-2025 17:00,13.328028,75.797056,PM10,50,72,67
India,Haryana,Kurukshetra,"Sector-7, Kurukshetra - HSPCB",18-11-2025 17:00,29.966942,76.875879,NH3,5,5,5
India,Haryana,Mandikhera,"General Hospital, Mandikhera - HSPCB",18-11-2025 17:00,27.9002,76.9938,SO2,31,37,34
India,Haryana,Manesar,"Sector-2 IMT, Manesar - HSPCB",18-11-2025 17:00,28.360699,76.93609,NH3,17,20,19
India,Haryana,Manesar,"Sector-2 IMT, Manesar - HSPCB",18-11-2025 17:00,28.360699,76.93609,SO2,NA,NA,NA
India,Haryana,Narnaul,"Shastri Nagar, Narnaul - HSPCB",18-11-2025 17:00,28.060249,76.113115,PM10,104,169,145
India,Haryana,Narnaul,"Shastri Nagar, Narnaul - HSPCB",18-11-2025 17:00,28.060249,76.113115,NO2,13,43,24
India,Jharkhand,Dhanbad,"Sardar Patel Nagar, Dhanbad - JSPCB",18-11-2025 17:00,23.80569,86.44268,OZONE,6,52,38
India,Karnataka,Bagalkot,"Vidayagiri, Bagalkot - KSPCB",18-11-2025 17:00,16.172806,75.659694,PM10,53,54,53
India,Karnataka,Bagalkot,"Vidayagiri, Bagalkot - KSPCB",18-11-2025 17:00,16.172806,75.659694,OZONE,10,16,16
India,Karnataka,Belgaum,"Ramteerth Nagar, Belgaum - KSPCB",18-11-2025 17:00,15.888653,74.541751,SO2,21,22,21
India,Karnataka,Belgaum,"Ramteerth Nagar, Belgaum - KSPCB",18-11-2025 17:00,15.888653,74.541751,CO,10,16,13
India,Haryana,Panipat,"Sector-18, Panipat - HSPCB",18-11-2025 17:00,29.432304,76.972765,NH3,2,3,3
India,Haryana,Rohtak,"MD University, Rohtak - HSPCB",18-11-2025 17:00,28.52123,76.37138,PM2.5,138,500,320
India,Haryana,Rohtak,"MD University, Rohtak - HSPCB",18-11-2025 17:00,28.52123,76.37138,OZONE,60,308,205
India,Haryana,Sirsa,"F-Block, Sirsa - HSPCB",18-11-2025 17:00,29.5364,75.0158,PM2.5,37,193,92
India,Haryana,Sirsa,"F-Block, Sirsa - HSPCB",18-11-2025 17:00,29.5364,75.0158,CO,30,92,72
India,Karnataka,Bengaluru,"Jayanagar 5th Block, Bengaluru - KSPCB",18-11-2025 17:00,12.920984,77.584908,NO2,NA,NA,NA
India,Karnataka,Bengaluru,"Jayanagar 5th Block, Bengaluru - KSPCB",18-11-2025 17:00,12.920984,77.584908,NH3,NA,NA,NA
India,Karnataka,Bengaluru,"Jayanagar 5th Block, Bengaluru - KSPCB",18-11-2025 17:00,12.920984,77.584908,SO2,NA,NA,NA
India,Karnataka,Bengaluru,"Jigani, Bengaluru - KSPCB",18-11-2025 17:00,12.7816279,77.6299145,NO2,20,21,20
India,Karnataka,Bengaluru,"Kasturi Nagar, Bengaluru - KSPCB",18-11-2025 17:00,13.003872,77.664217,NO2,29,30,29
India,Haryana,Panchgaon,"Amity University, Panchgaon - IITM",18-11-2025 17:00,28.3153,76.9143,NH3,10,20,14
India,Haryana,Panchkula,"Sector-6, Panchkula - HSPCB ",18-11-2025 17:00,30.7057778,76.85318056,NO2,23,27,25
India,Haryana,Panipat,"Sector-18, Panipat - HSPCB",18-11-2025 17:00,29.432304,76.972765,PM2.5,52,455,145
India,Karnataka,Bengaluru,"RVCE-Mailasandra, Bengaluru - KSPCB",18-11-2025 17:00,12.921418,77.502466,PM2.5,27,137,46
India,Karnataka,Bengaluru,"Sanegurava Halli, Bengaluru - KSPCB",18-11-2025 17:00,12.990328,77.5431385,NO2,19,21,20
India,Karnataka,Bengaluru,"Shivapura_Peenya, Bengaluru - KSPCB",18-11-2025 17:00,13.0246342,77.5080115,NO2,33,35,34
India,Karnataka,Bengaluru,"City Railway Station, Bengaluru - KSPCB",18-11-2025 17:00,12.9756843,77.5660749,SO2,11,19,14
India,Karnataka,Bengaluru,"Hebbal, Bengaluru - KSPCB",18-11-2025 17:00,13.029152,77.585901,NO2,20,27,23
India,Karnataka,Bengaluru,"Hebbal, Bengaluru - KSPCB",18-11-2025 17:00,13.029152,77.585901,SO2,5,9,7
India,Kerala,Kannur,"Thavakkara, Kannur - Kerala PCB",18-11-2025 17:00,11.875,75.3732,OZONE,28,30,29
India,Kerala,Kollam,"Polayathode, Kollam - Kerala PCB",18-11-2025 17:00,8.8787,76.6073,OZONE,29,34,32
India,Kerala,Thiruvananthapuram,"Kariavattom, Thiruvananthapuram - Kerala PCB",18-11-2025 17:00,8.5637,76.8865,NO2,6,7,7
India,Kerala,Thiruvananthapuram,"Kariavattom, Thiruvananthapuram - Kerala PCB",18-11-2025 17:00,8.5637,76.8865,SO2,1,13,4
India,Kerala,Thiruvananthapuram,"Kariavattom, Thiruvananthapuram - Kerala PCB",18-11-2025 17:00,8.5637,76.8865,CO,31,71,41
India,Kerala,Thiruvananthapuram,"Plammoodu, Thiruvananthapuram - Kerala PCB",18-11-2025 17:00,8.5149093,76.9435879,PM2.5,11,37,21
India,Kerala,Thrissur,"Corporation Ground, Thrissur - Kerala PCB",18-11-2025 17:00,10.5324,76.2159,PM2.5,47,60,52
India,Madhya Pradesh,Bhopal,"Idgah Hills, Bhopal - MPPCB",18-11-2025 17:00,23.264759,77.381568,PM10,109,283,166
India,Madhya Pradesh,Bhopal,"Idgah Hills, Bhopal - MPPCB",18-11-2025 17:00,23.264759,77.381568,NH3,5,8,7
India,Madhya Pradesh,Bhopal,"Paryavaran Parisar, Bhopal - MPPCB",18-11-2025 17:00,23.210494,77.425409,SO2,2,16,8
India,Karnataka,Vijayapura,"Ibrahimpur, Vijayapura - KSPCB",18-11-2025 17:00,16.802639,75.722694,CO,16,120,24
India,Karnataka,Yadgir,"Collector Office, Yadgir - KSPCB",18-11-2025 17:00,16.7602,77.1428,OZONE,17,18,18
India,Kerala,Eloor,"Udyogamandal, Eloor - Kerala PCB",18-11-2025 17:00,10.073232,76.302765,PM10,47,67,57
India,Kerala,Eloor,"Udyogamandal, Eloor - Kerala PCB",18-11-2025 17:00,10.073232,76.302765,CO,26,105,81
India,Karnataka,Hubballi,"Lingaraj Nagar, Hubballi - KSPCB",18-11-2025 17:00,15.3714823,75.1160168,CO,14,28,24
India,Karnataka,Kalaburagi,"Lal Bahadur Shastri Nagar, Kalaburagi - KSPCB",18-11-2025 17:00,17.321993,76.822628,PM10,49,84,69
India,Karnataka,Kalaburagi,"Mahatma Basaveswar Colony, Kalaburgi - KSPCB",18-11-2025 17:00,17.336318,76.847397,CO,37,61,40
India,Karnataka,Shivamogga,"Vinoba Nagara, Shivamogga - KSPCB",18-11-2025 17:00,13.94,75.555917,PM2.5,28,36,34
India,Karnataka,Shivamogga,"Vinoba Nagara, Shivamogga - KSPCB",18-11-2025 17:00,13.94,75.555917,PM10,41,52,48
India,Karnataka,Tumakuru,"Thimmalapura, Tumakuru - KSPCB",18-11-2025 17:00,13.377516,77.099072,PM10,NA,NA,NA
India,Karnataka,Davanagere,"Devaraj Urs Badavane, Davanagere - KSPCB",18-11-2025 17:00,14.4758,75.9052,NO2,NA,NA,NA
India,Karnataka,Dharwad,"Kalabhavan, Dharwad - KSPCB",18-11-2025 17:00,15.459706,75.008381,PM10,70,93,86
India,Kerala,Kannur,"Thavakkara, Kannur - Kerala PCB",18-11-2025 17:00,11.875,75.3732,PM2.5,44,49,47
India,Kerala,Kannur,"Thavakkara, Kannur - Kerala PCB",18-11-2025 17:00,11.875,75.3732,NO2,15,16,16
India,Kerala,Kannur,"Thavakkara, Kannur - Kerala PCB",18-11-2025 17:00,11.875,75.3732,NH3,2,2,2
India,Madhya Pradesh,Bhopal,"T T Nagar, Bhopal - MPPCB",18-11-2025 17:00,23.233584,77.400574,PM10,130,329,186
India,Madhya Pradesh,Bhopal,"T T Nagar, Bhopal - MPPCB",18-11-2025 17:00,23.233584,77.400574,SO2,7,13,10
India,Karnataka,Mangalore,"Kadri, Mangalore - KSPCB",18-11-2025 17:00,12.88925,74.853,NO2,2,5,3
India,Maharashtra,Akola,"Ramdaspeth, Akola - MPCB",18-11-2025 17:00,20.719516,77.000253,PM10,62,126,89
India,Maharashtra,Akola,"Ramdaspeth, Akola - MPCB",18-11-2025 17:00,20.719516,77.000253,NO2,22,103,46
India,Maharashtra,Akola,"Ramdaspeth, Akola - MPCB",18-11-2025 17:00,20.719516,77.000253,OZONE,2,67,53
India,Maharashtra,Amravati,"Shivneri Colony, Amravati - MPCB",18-11-2025 17:00,20.9402359,77.7895248,NO2,10,35,18
India,Maharashtra,Amravati,"Shivneri Colony, Amravati - MPCB",18-11-2025 17:00,20.9402359,77.7895248,NH3,2,2,2
India,Maharashtra,Amravati,"Shivneri Colony, Amravati - MPCB",18-11-2025 17:00,20.9402359,77.7895248,CO,21,51,26
India,Maharashtra,Amravati,"Shri Shivaji Science College, Amravati - MPCB",18-11-2025 17:00,20.939198,77.765701,PM10,76,254,122
India,Maharashtra,Amravati,"Shri Shivaji Science College, Amravati - MPCB",18-11-2025 17:00,20.939198,77.765701,NH3,1,16,4
India,Madhya Pradesh,Gwalior,"Deen Dayal Nagar, Gwalior - MPPCB",18-11-2025 17:00,26.259242,78.216432,NO2,17,139,54
India,Madhya Pradesh,Gwalior,"Maharaj Bada, Gwalior - MPPCB",18-11-2025 17:00,26.200388,78.147714,PM10,104,314,146
India,Madhya Pradesh,Gwalior,"Maharaj Bada, Gwalior - MPPCB",18-11-2025 17:00,26.200388,78.147714,NO2,20,140,62
India,Madhya Pradesh,Gwalior,"Maharaj Bada, Gwalior - MPPCB",18-11-2025 17:00,26.200388,78.147714,NH3,4,4,4
India,Madhya Pradesh,Gwalior,"Maharaj Bada, Gwalior - MPPCB",18-11-2025 17:00,26.200388,78.147714,SO2,7,11,9
India,Madhya Pradesh,Gwalior,"Maharaj Bada, Gwalior - MPPCB",18-11-2025 17:00,26.200388,78.147714,CO,4,140,43
India,Madhya Pradesh,Indore,"Airport Area, Indore - IMC",18-11-2025 17:00,22.7289,75.8076,PM2.5,40,218,90
India,Madhya Pradesh,Indore,"Airport Area, Indore - IMC",18-11-2025 17:00,22.7289,75.8076,PM10,54,207,104
India,Madhya Pradesh,Mandideep,"Sector-D Industrial Area, Mandideep - MPPCB",18-11-2025 17:00,23.10844,77.511428,CO,34,130,56
India,Madhya Pradesh,Pithampur,"Sector-2 Industrial Area, Pithampur - MPPCB",18-11-2025 17:00,22.624758,75.675238,NH3,2,5,3
India,Madhya Pradesh,Ratlam,"Shasthri Nagar, Ratlam - IPCA Lab",18-11-2025 17:00,23.331731,75.045981,PM10,115,221,161
India,Madhya Pradesh,Ratlam,"Shasthri Nagar, Ratlam - IPCA Lab",18-11-2025 17:00,23.331731,75.045981,NO2,10,53,23
India,Madhya Pradesh,Sagar,"Civil Lines, Sagar - MPPCB",18-11-2025 17:00,23.838586,78.759431,PM2.5,101,312,228
India,Madhya Pradesh,Sagar,"Deen Dayal Nagar, Sagar - MPPCB",18-11-2025 17:00,23.8640158,78.80289321,PM2.5,76,255,129
India,Madhya Pradesh,Singrauli,"Suryakiran Bhawan NCL, Singrauli - MPPCB",18-11-2025 17:00,24.10897,82.64558,PM10,88,204,122
India,Madhya Pradesh,Singrauli,"Suryakiran Bhawan NCL, Singrauli - MPPCB",18-11-2025 17:00,24.10897,82.64558,CO,3,96,34
India,Maharashtra,Ahmednagar,"Tarakpur, Ahmednagar - MPCB",18-11-2025 17:00,19.10122,74.73339,PM2.5,67,177,118
India,Maharashtra,Ahmednagar,"Tarakpur, Ahmednagar - MPCB",18-11-2025 17:00,19.10122,74.73339,SO2,1,31,9
India,Madhya Pradesh,Indore,"Chhoti Gwaltoli, Indore - MPPCB",18-11-2025 17:00,22.431,75.5213,NH3,NA,NA,NA
India,Madhya Pradesh,Indore,"Maguda Nagar, Indore - IMC",18-11-2025 17:00,22.7524,75.8872,SO2,33,39,37
India,Madhya Pradesh,Indore,"Regional Park, Indore - IMC",18-11-2025 17:00,22.678,75.8559,PM2.5,47,174,94
India,Madhya Pradesh,Indore,"Regional Park, Indore - IMC",18-11-2025 17:00,22.678,75.8559,NO2,7,9,8
India,Madhya Pradesh,Dewas,"Bhopal Chauraha, Dewas - MPPCB",18-11-2025 17:00,22.9682591,76.064118,NO2,7,8,7
India,Madhya Pradesh,Dewas,"Bhopal Chauraha, Dewas - MPPCB",18-11-2025 17:00,22.9682591,76.064118,CO,20,51,24
India,Madhya Pradesh,Gwalior,"City Center, Gwalior - MPPCB",18-11-2025 17:00,26.203442,78.193251,PM10,101,235,147
India,Madhya Pradesh,Gwalior,"City Center, Gwalior - MPPCB",18-11-2025 17:00,26.203442,78.193251,NO2,20,143,55
India,Maharashtra,Aurangabad,"MIDC Chilkalthana, Aurangabad - MPCB",18-11-2025 17:00,19.87562,75.38731,SO2,1,2,1
India,Maharashtra,Aurangabad,"More Chowk Waluj, Aurangabad - MPCB",18-11-2025 17:00,19.8389439,75.244448,PM10,61,133,103
India,Maharashtra,Aurangabad,"Rachnakar Colony, Aurangabad - MPCB",18-11-2025 17:00,19.863756,75.321188,NO2,16,20,18
India,Madhya Pradesh,Jabalpur,"Govindh Bhavan Colony, Jabalpur - JMC",18-11-2025 17:00,23.163174,79.973061,CO,42,62,50
India,Madhya Pradesh,Jabalpur,"Gupteshwar, Jabalpur - JMC",18-11-2025 17:00,23.142888,79.916147,PM2.5,68,277,148
India,Madhya Pradesh,Jabalpur,"Marhatal, Jabalpur - MPPCB",18-11-2025 17:00,23.168606,79.932247,PM10,100,394,181
India,Madhya Pradesh,Jabalpur,"Suhagi, Jabalpur - JMC",18-11-2025 17:00,23.218135,79.95777,OZONE,6,67,56
India,Madhya Pradesh,Katni,"Gole Bazar, Katni - MPPCB",18-11-2025 17:00,23.50016,80.23284,PM10,79,379,165
India,Madhya Pradesh,Katni,"Gole Bazar, Katni - MPPCB",18-11-2025 17:00,23.50016,80.23284,NH3,4,5,5
India,Maharashtra,Aurangabad,"Rachnakar Colony, Aurangabad - MPCB",18-11-2025 17:00,19.863756,75.321188,NH3,1,3,2
India,Maharashtra,Aurangabad,"Rachnakar Colony, Aurangabad - MPCB",18-11-2025 17:00,19.863756,75.321188,CO,27,81,31
India,Maharashtra,Badlapur,"Katrap, Badlapur - MPCB",18-11-2025 17:00,19.16485,73.23409,PM2.5,56,204,112
India,Maharashtra,Badlapur,"Katrap, Badlapur - MPCB",18-11-2025 17:00,19.16485,73.23409,NO2,16,37,26
India,Maharashtra,Belapur,"CBD Belapur, Belapur - MPCB",18-11-2025 17:00,19.0243902,73.0406721,OZONE,1,75,54
India,Maharashtra,Bhiwandi,"Gokul Nagar, Bhiwandi - MPCB",18-11-2025 17:00,19.309073,73.057223,PM10,93,168,139
India,Maharashtra,Bhiwandi,"Gokul Nagar, Bhiwandi - MPCB",18-11-2025 17:00,19.309073,73.057223,CO,26,64,34
India,Maharashtra,Boisar,"Khaira, Boisar - MPCB",18-11-2025 17:00,19.786089,72.757971,CO,18,71,27
India,Maharashtra,Boisar,"Khaira, Boisar - MPCB",18-11-2025 17:00,19.786089,72.757971,OZONE,40,41,41
India,Maharashtra,Chandrapur,"Chauhan Colony, Chandrapur - MPCB",18-11-2025 17:00,19.9629,79.298714,PM10,102,145,122
India,Maharashtra,Chandrapur,"Chauhan Colony, Chandrapur - MPCB",18-11-2025 17:00,19.9629,79.298714,NO2,31,35,32
India,Maharashtra,Mumbai,"Bandra Kurla Complex, Mumbai - MPCB",18-11-2025 17:00,19.065931,72.862131,CO,9,47,28
India,Maharashtra,Mumbai,"Bandra Kurla Complex, Mumbai - MPCB",18-11-2025 17:00,19.065931,72.862131,OZONE,2,189,108
India,Maharashtra,Mumbai,"Borivali East, Mumbai - IITM",18-11-2025 17:00,19.23241,72.86895,NH3,4,7,5
India,Maharashtra,Mumbai,"Byculla, Mumbai - BMC",18-11-2025 17:00,18.9767,72.838,PM2.5,40,92,68
India,Maharashtra,Latur,"Sawe Wadi, Latur - MPCB",18-11-2025 17:00,18.39963,76.57452,PM10,68,102,86
India,Maharashtra,Mahad,"Kamble Tarf Birwadi, Mahad - MPCB",18-11-2025 17:00,18.1023399,73.4783687,SO2,13,74,29
India,Maharashtra,Mumbai,"Byculla, Mumbai - BMC",18-11-2025 17:00,18.9767,72.838,OZONE,2,62,39
India,Maharashtra,Mumbai,"Chembur, Mumbai - MPCB",18-11-2025 17:00,19.0364585,72.8954371,NH3,2,3,2
India,Maharashtra,Jalna,"Old MIDC, Jalna - MPCB",18-11-2025 17:00,19.854616,75.905894,PM2.5,49,103,65
India,Maharashtra,Kalyan,"Khadakpada, Kalyan - MPCB",18-11-2025 17:00,19.25292,73.142019,PM2.5,29,244,88
India,Maharashtra,Mira-Bhayandar,"Bhayandar West, Mira-Bhayandar - MPCB",18-11-2025 17:00,19.296481,72.840923,OZONE,23,131,96
India,Maharashtra,Kolhapur,"Shivaji University, Kolhapur - MPCB",18-11-2025 17:00,16.6870449,74.2505872,SO2,2,5,3
India,Maharashtra,Chandrapur,"Chauhan Colony, Chandrapur - MPCB",18-11-2025 17:00,19.9629,79.298714,OZONE,20,20,20
India,Maharashtra,Mumbai,"Kurla, Mumbai - MPCB",18-11-2025 17:00,19.0863,72.8888,NO2,5,7,6
India,Maharashtra,Mumbai,"Kurla, Mumbai - MPCB",18-11-2025 17:00,19.0863,72.8888,NH3,1,2,2
India,Maharashtra,Mumbai,"Kurla, Mumbai - MPCB",18-11-2025 17:00,19.0863,72.8888,SO2,36,37,36
India,Maharashtra,Mumbai,"Kurla, Mumbai - MPCB",18-11-2025 17:00,19.0863,72.8888,OZONE,28,29,28
India,Maharashtra,Mumbai,"Malad West, Mumbai - IITM",18-11-2025 17:00,19.19709,72.82204,NH3,4,13,7
India,Maharashtra,Mumbai,"Malad West, Mumbai - IITM",18-11-2025 17:00,19.19709,72.82204,CO,7,102,14
India,Maharashtra,Mumbai,"Mazgaon, Mumbai - IITM",18-11-2025 17:00,18.96702,72.84214,PM10,115,175,151
India,Maharashtra,Nagpur,"Ram Nagar, Nagpur - MPCB",18-11-2025 17:00,21.143383,79.048912,OZONE,5,93,67
India,Maharashtra,Nanded,"Sneh Nagar, Nanded - MPCB",18-11-2025 17:00,19.173852,77.296291,PM10,122,161,139
India,Maharashtra,Nanded,"Sneh Nagar, Nanded - MPCB",18-11-2025 17:00,19.173852,77.296291,NH3,3,5,4
India,Maharashtra,Nanded,"Sneh Nagar, Nanded - MPCB",18-11-2025 17:00,19.173852,77.296291,SO2,1,1,1
India,Maharashtra,Nanded,"Sneh Nagar, Nanded - MPCB",18-11-2025 17:00,19.173852,77.296291,CO,16,26,22
India,Maharashtra,Nashik,"Gangapur Road, Nashik - MPCB",18-11-2025 17:00,20.0073285,73.7762427,PM2.5,73,177,137
India,Maharashtra,Mumbai,"Powai, Mumbai - MPCB",18-11-2025 17:00,19.1375,72.915056,PM2.5,120,260,185
India,Maharashtra,Mumbai,"Powai, Mumbai - MPCB",18-11-2025 17:00,19.1375,72.915056,SO2,28,28,28
India,Maharashtra,Mumbai,"Powai, Mumbai - MPCB",18-11-2025 17:00,19.1375,72.915056,CO,17,18,17
India,Maharashtra,Mumbai,"Sewri, Mumbai - BMC",18-11-2025 17:00,19.000084,72.85673,SO2,8,108,52
India,Maharashtra,Mumbai,"Shivaji Nagar, Mumbai - BMC",18-11-2025 17:00,19.060498,72.923356,PM2.5,94,302,226
India,Maharashtra,Mumbai,"Shivaji Nagar, Mumbai - BMC",18-11-2025 17:00,19.060498,72.923356,NO2,24,71,47
India,Maharashtra,Mumbai,"Shivaji Nagar, Mumbai - BMC",18-11-2025 17:00,19.060498,72.923356,NH3,2,3,3
India,Maharashtra,Mumbai,"Chhatrapati Shivaji Intl. Airport (T2), Mumbai - MPCB",18-11-2025 17:00,19.10078,72.87462,CO,14,18,15
India,Maharashtra,Mumbai,"Colaba, Mumbai - MPCB",18-11-2025 17:00,18.91,72.82,PM2.5,36,73,52
India,Maharashtra,Mumbai,"Colaba, Mumbai - MPCB",18-11-2025 17:00,18.91,72.82,PM10,47,81,63
India,Maharashtra,Mumbai,"Colaba, Mumbai - MPCB",18-11-2025 17:00,18.91,72.82,NH3,3,3,3
India,Maharashtra,Mumbai,"Deonar, Mumbai - IITM",18-11-2025 17:00,19.04946,72.923,PM2.5,51,309,213
India,Maharashtra,Mumbai,"Deonar, Mumbai - IITM",18-11-2025 17:00,19.04946,72.923,PM10,147,424,269
India,Maharashtra,Mumbai,"Siddharth Nagar-Worli, Mumbai - IITM",18-11-2025 17:00,19.000083,72.813993,PM2.5,98,236,173
India,Maharashtra,Mumbai,"Sion, Mumbai - MPCB",18-11-2025 17:00,19.047,72.8746,PM10,39,112,61
India,Maharashtra,Mumbai,"Vile Parle West, Mumbai - MPCB",18-11-2025 17:00,19.10861,72.83622,NO2,6,30,22
India,Maharashtra,Mumbai,"Vile Parle West, Mumbai - MPCB",18-11-2025 17:00,19.10861,72.83622,NH3,1,5,4
India,Maharashtra,Mumbai,"Worli, Mumbai - MPCB",18-11-2025 17:00,18.9936162,72.8128113,NO2,4,16,8
India,Maharashtra,Mumbai,"Kandivali West, Mumbai - BMC",18-11-2025 17:00,19.215859,72.831718,CO,12,62,19
India,Maharashtra,Mumbai,"Kherwadi_Bandra East, Mumbai - MPCB",18-11-2025 17:00,19.0632143,72.8456324,PM10,83,149,125
India,Maharashtra,Mumbai,"Kherwadi_Bandra East, Mumbai - MPCB",18-11-2025 17:00,19.0632143,72.8456324,SO2,3,4,3
India,Maharashtra,Mumbai,"Khindipada-Bhandup West, Mumbai - IITM",18-11-2025 17:00,19.1653323,72.922099,NO2,13,74,27
India,Maharashtra,Mumbai,"Khindipada-Bhandup West, Mumbai - IITM",18-11-2025 17:00,19.1653323,72.922099,CO,22,43,35
India,Maharashtra,Mumbai,"Mindspace-Malad West, Mumbai - MPCB",18-11-2025 17:00,19.1878657,72.8304069,NO2,25,134,53
India,Maharashtra,Mumbai,"Mulund West, Mumbai - MPCB",18-11-2025 17:00,19.175,72.9419,PM2.5,NA,NA,NA
India,Maharashtra,Mumbai,"Mulund West, Mumbai - MPCB",18-11-2025 17:00,19.175,72.9419,NH3,NA,NA,NA
India,Maharashtra,Mumbai,"Navy Nagar-Colaba, Mumbai - IITM",18-11-2025 17:00,18.897756,72.81332,SO2,6,43,22
India,Maharashtra,Mumbai,"Ghatkopar, Mumbai - BMC",18-11-2025 17:00,19.083694,72.920967,PM2.5,90,223,140
India,Maharashtra,Mumbai,"Ghatkopar, Mumbai - BMC",18-11-2025 17:00,19.083694,72.920967,PM10,85,112,103
India,Maharashtra,Mumbai,"Kandivali East, Mumbai - MPCB",18-11-2025 17:00,19.2058,72.8682,NH3,1,2,1
India,Maharashtra,Nagpur,"Ambazari, Nagpur - MPCB",18-11-2025 17:00,21.121801,79.04952,NO2,17,74,33
India,Maharashtra,Nagpur,"Mahal, Nagpur - MPCB",18-11-2025 17:00,21.14472,79.107595,SO2,8,67,33
India,Maharashtra,Nashik,"Hirawadi, Nashik - MPCB",18-11-2025 17:00,20.021503,73.813844,PM10,106,149,122
India,Maharashtra,Nashik,"Hirawadi, Nashik - MPCB",18-11-2025 17:00,20.021503,73.813844,SO2,1,7,3
India,Maharashtra,Nashik,"MIDC Ambad, Nashik - MPCB",18-11-2025 17:00,19.95022,73.73148,PM10,115,149,130
India,Maharashtra,Nashik,"MIDC Ambad, Nashik - MPCB",18-11-2025 17:00,19.95022,73.73148,NO2,21,59,33
India,Maharashtra,Nashik,"MIDC Ambad, Nashik - MPCB",18-11-2025 17:00,19.95022,73.73148,CO,13,15,14
India,Maharashtra,Nashik,"Pandav Nagari, Nashik - MPCB",18-11-2025 17:00,19.9591346,73.7788008,SO2,1,9,4
India,Maharashtra,Navi Mumbai,"Kopripada-Vashi, Navi Mumbai - MPCB",18-11-2025 17:00,19.090337,73.014232,NO2,14,72,40
India,Maharashtra,Navi Mumbai,"Sanpada, Navi Mumbai - MPCB",18-11-2025 17:00,19.0575752,73.0151367,CO,24,103,42
India,Maharashtra,Navi Mumbai,"Tondare-Taloja, Navi Mumbai - MPCB",18-11-2025 17:00,19.063,73.1209,PM10,52,164,96
India,Maharashtra,Navi Mumbai,"Tondare-Taloja, Navi Mumbai - MPCB",18-11-2025 17:00,19.063,73.1209,SO2,2,3,2
India,Maharashtra,Navi Mumbai,"Tondare-Taloja, Navi Mumbai - MPCB",18-11-2025 17:00,19.063,73.1209,OZONE,11,22,11
India,Maharashtra,Parbhani,"Masoom Colony, Parbhani - MPCB",18-11-2025 17:00,19.265594,76.761463,PM2.5,127,304,208
India,Maharashtra,Pune,"Revenue Colony-Shivajinagar, Pune - IITM",18-11-2025 17:00,18.530085,73.849598,PM10,150,349,234
India,Maharashtra,Pune,"Savitribai Phule Pune University, Pune - MPCB",18-11-2025 17:00,18.547056,73.826908,NH3,1,6,2
India,Maharashtra,Pune,"Transport Nagar-Nigdi, Pune - IITM",18-11-2025 17:00,18.664282,73.763966,PM2.5,67,181,108
India,Maharashtra,Pune,"Transport Nagar-Nigdi, Pune - IITM",18-11-2025 17:00,18.664282,73.763966,CO,26,80,66
India,Maharashtra,Thane,"Upvan Fort, Thane - MPCB",18-11-2025 17:00,19.222279,72.957979,NH3,1,1,1
India,Maharashtra,Thane,"Upvan Fort, Thane - MPCB",18-11-2025 17:00,19.222279,72.957979,CO,16,44,24
India,Maharashtra,Ulhasnagar,"Sidhi Vinayak Nagar, Ulhasnagar - MPCB",18-11-2025 17:00,19.235581,73.159121,NH3,2,6,4
India,Maharashtra,Virar,"Bolinj, Virar - MPCB",18-11-2025 17:00,19.445821,72.7988231,PM2.5,70,111,86
India,Maharashtra,Pune,"Hadapsar, Pune - IITM",18-11-2025 17:00,18.501793,73.927532,CO,38,53,50
India,Maharashtra,Pune,"Katraj Dairy, Pune - MPCB",18-11-2025 17:00,18.45445,73.854155,PM10,NA,NA,NA
India,Maharashtra,Pune,"Panchawati_Pashan, Pune - IITM",18-11-2025 17:00,18.536457,73.805454,PM2.5,NA,NA,NA
India,Maharashtra,Pune,"Panchawati_Pashan, Pune - IITM",18-11-2025 17:00,18.536457,73.805454,NO2,NA,NA,NA
India,Maharashtra,Pune,"Panchawati_Pashan, Pune - IITM",18-11-2025 17:00,18.536457,73.805454,CO,5,18,11
India,Maharashtra,Sangli,"Vijay Nagar, Sangli - MPCB",18-11-2025 17:00,16.5038,74.3623,NO2,25,88,42
India,Maharashtra,Solapur,"Dnyaneshwar Nagar, Solapur - MPCB",18-11-2025 17:00,17.6336264,75.9132495,PM2.5,56,97,74
India,Maharashtra,Thane,"Kasarvadavali, Thane - MPCB",18-11-2025 17:00,19.26777,72.97182,PM10,85,165,127
India,Maharashtra,Pimpri-Chinchwad,"Park Street Wakad, Pimpri Chinchwad - MPCB",18-11-2025 17:00,18.59051,73.77946,NO2,48,107,72
India,Maharashtra,Pimpri-Chinchwad,"Park Street Wakad, Pimpri Chinchwad - MPCB",18-11-2025 17:00,18.59051,73.77946,SO2,NA,NA,NA
India,Maharashtra,Pimpri-Chinchwad,"Savta Mali Nagar, Pimpri-Chinchwad - IITM",18-11-2025 17:00,18.614767,73.799516,PM10,100,437,158
India,Maharashtra,Navi Mumbai,"Kopripada-Vashi, Navi Mumbai - MPCB",18-11-2025 17:00,19.090337,73.014232,CO,14,64,21
India,Maharashtra,Navi Mumbai,"Mahape, Navi Mumbai - MPCB",18-11-2025 17:00,19.1135051,73.008978,SO2,24,27,26
India,Maharashtra,Navi Mumbai,"Nerul, Navi Mumbai - MPCB",18-11-2025 17:00,19.008751,73.01662,NH3,4,4,4
India,Maharashtra,Pimpri-Chinchwad,"Gavalinagar, Pimpri Chinchwad - MPCB",18-11-2025 17:00,18.63673,73.82487,PM2.5,83,283,165
India,Maharashtra,Pimpri-Chinchwad,"Gavalinagar, Pimpri Chinchwad - MPCB",18-11-2025 17:00,18.63673,73.82487,PM10,124,224,160
India,Maharashtra,Pimpri-Chinchwad,"Gavalinagar, Pimpri Chinchwad - MPCB",18-11-2025 17:00,18.63673,73.82487,NO2,27,126,63
India,Odisha,Bhubaneswar,"Lingraj Mandir, Bhubaneswar - OSPCB",18-11-2025 17:00,20.24079,85.836784,NH3,5,7,6
India,Odisha,Bhubaneswar,"Lingraj Mandir, Bhubaneswar - OSPCB",18-11-2025 17:00,20.24079,85.836784,SO2,1,34,10
India,Odisha,Bhubaneswar,"Lingraj Mandir, Bhubaneswar - OSPCB",18-11-2025 17:00,20.24079,85.836784,CO,3,122,45
India,Odisha,Bhubaneswar,"Lingraj Mandir, Bhubaneswar - OSPCB",18-11-2025 17:00,20.24079,85.836784,OZONE,1,296,209
India,Odisha,Bileipada,"Tata Township, Bileipada - OSPCB",18-11-2025 17:00,22.06156703,85.47409613,NO2,6,7,7
India,Odisha,Brajrajnagar,"GM Office, Brajrajnagar - OSPCB",18-11-2025 17:00,21.8004996,83.8396977,PM10,53,176,97
India,Odisha,Brajrajnagar,"GM Office, Brajrajnagar - OSPCB",18-11-2025 17:00,21.8004996,83.8396977,CO,4,22,14
India,Punjab,Jalandhar,"Civil Line, Jalandhar - PPCB",18-11-2025 17:00,31.321907,75.578914,PM10,94,154,120
India,Punjab,Jalandhar,"Civil Line, Jalandhar - PPCB",18-11-2025 17:00,31.321907,75.578914,SO2,14,15,15
India,Punjab,Khanna,"Kalal Majra, Khanna - PPCB",18-11-2025 17:00,30.736056,76.209694,PM2.5,70,223,163
India,Punjab,Khanna,"Kalal Majra, Khanna - PPCB",18-11-2025 17:00,30.736056,76.209694,CO,5,33,10
India,Punjab,Ludhiana,"Punjab Agricultural University, Ludhiana - PPCB",18-11-2025 17:00,30.9028,75.8086,PM2.5,136,223,164
India,Punjab,Ludhiana,"Punjab Agricultural University, Ludhiana - PPCB",18-11-2025 17:00,30.9028,75.8086,PM10,133,169,143
India,Punjab,Ludhiana,"Punjab Agricultural University, Ludhiana - PPCB",18-11-2025 17:00,30.9028,75.8086,CO,6,92,47
India,Meghalaya,Shillong,"Lumpyngngad, Shillong - Meghalaya PCB",18-11-2025 17:00,25.5586,91.8985,PM10,1,163,27
India,Meghalaya,Shillong,"Lumpyngngad, Shillong - Meghalaya PCB",18-11-2025 17:00,25.5586,91.8985,SO2,5,6,6
India,Nagaland,Kohima,"PWD Junction, Kohima - NPCB",18-11-2025 17:00,25.6635413,94.0989878,NO2,3,5,4
India,Odisha,Angul,"Hakimapada, Angul - OSPCB",18-11-2025 17:00,20.832874,85.104082,PM10,118,228,154
India,Odisha,Angul,"Hakimapada, Angul - OSPCB",18-11-2025 17:00,20.832874,85.104082,NO2,15,64,32
India,Odisha,Angul,"Hakimapada, Angul - OSPCB",18-11-2025 17:00,20.832874,85.104082,OZONE,23,151,113
India,Odisha,Byasanagar,"Ferro Chrome Colony, Byasanagar - OSPCB",18-11-2025 17:00,20.94185,86.1151,PM2.5,80,308,150
India,Odisha,Byasanagar,"Ferro Chrome Colony, Byasanagar - OSPCB",18-11-2025 17:00,20.94185,86.1151,SO2,9,25,17
India,Odisha,Byasanagar,"Ferro Chrome Colony, Byasanagar - OSPCB",18-11-2025 17:00,20.94185,86.1151,CO,18,60,24
India,Odisha,Cuttack,"CDA Area, Cuttack - OSPCB",18-11-2025 17:00,20.48891,85.84768,CO,46,125,56
India,Odisha,Keonjhar,"Jagamohanpur, Keonjhar - OSPCB",18-11-2025 17:00,21.6439,85.599355,SO2,10,29,14
India,Puducherry,Puducherry,"Jawahar Nagar, Puducherry - PPCC",18-11-2025 17:00,11.9309,79.8027,PM2.5,17,154,88
India,Puducherry,Puducherry,"Jawahar Nagar, Puducherry - PPCC",18-11-2025 17:00,11.9309,79.8027,PM10,15,87,61
India,Puducherry,Puducherry,"Jawahar Nagar, Puducherry - PPCC",18-11-2025 17:00,11.9309,79.8027,SO2,4,19,8
India,Punjab,Bathinda,"Hardev Nagar, Bathinda - PPCB",18-11-2025 17:00,30.233011,74.907758,PM10,23,137,94
India,Punjab,Bathinda,"Hardev Nagar, Bathinda - PPCB",18-11-2025 17:00,30.233011,74.907758,NO2,31,33,32
India,Odisha,Rourkela,"Raghunathpali, Rourkela - OSPCB",18-11-2025 17:00,22.220833,84.809444,PM2.5,NA,NA,NA
India,Odisha,Talcher,"Talcher Coalfields,Talcher - OSPCB",18-11-2025 17:00,20.9360711,85.1707021,NH3,5,7,6
India,Odisha,Tensa,"Barsua Iron Ore Mines, Tensa - OSPCB",18-11-2025 17:00,21.869985,85.167016,SO2,17,71,28
India,Odisha,Barbil,"Forest Office, Barbil - OSPCB",18-11-2025 17:00,22.1166054,85.3945546,OZONE,3,63,50
India,Odisha,Bhubaneswar,"Lingraj Mandir, Bhubaneswar - OSPCB",18-11-2025 17:00,20.24079,85.836784,PM2.5,120,347,229
India,Odisha,Bhubaneswar,"Lingraj Mandir, Bhubaneswar - OSPCB",18-11-2025 17:00,20.24079,85.836784,PM10,105,355,161
India,Punjab,Mandi Gobindgarh,"RIMT University, Mandi Gobindgarh - PPCB",18-11-2025 17:00,30.649961,76.331442,PM2.5,99,198,142
India,Punjab,Mandi Gobindgarh,"RIMT University, Mandi Gobindgarh - PPCB",18-11-2025 17:00,30.649961,76.331442,CO,23,98,69
India,Punjab,Patiala,"Model Town, Patiala - PPCB",18-11-2025 17:00,30.349388,76.366642,PM10,82,193,137
India,Odisha,Keonjhar,"Jagamohanpur, Keonjhar - OSPCB",18-11-2025 17:00,21.6439,85.599355,CO,4,113,66
India,Odisha,Rourkela,"Fertilizer Township, Rourkela - OSPCB",18-11-2025 17:00,22.18972222,84.86277778,NO2,11,11,11
India,Rajasthan,Ajmer,"Civil Lines,  Ajmer - RSPCB",18-11-2025 17:00,26.470859,74.646594,NH3,2,3,3
India,Rajasthan,Alwar,"Moti Doongri, Alwar - RSPCB",18-11-2025 17:00,27.554793,76.611536,NO2,56,96,71
India,Rajasthan,Alwar,"Moti Doongri, Alwar - RSPCB",18-11-2025 17:00,27.554793,76.611536,NH3,11,20,14
India,Rajasthan,Alwar,"Moti Doongri, Alwar - RSPCB",18-11-2025 17:00,27.554793,76.611536,OZONE,13,56,32
India,Rajasthan,Banswara,"Rati Talai, Banswara - RSPCB",18-11-2025 17:00,23.55519,74.44001,PM2.5,NA,NA,NA
India,Rajasthan,Banswara,"Rati Talai, Banswara - RSPCB",18-11-2025 17:00,23.55519,74.44001,NH3,5,68,11
India,Rajasthan,Banswara,"Rati Talai, Banswara - RSPCB",18-11-2025 17:00,23.55519,74.44001,SO2,4,40,13
India,Rajasthan,Banswara,"Rati Talai, Banswara - RSPCB",18-11-2025 17:00,23.55519,74.44001,OZONE,3,186,147
India,Rajasthan,Baran,"Bamboliya, Baran - RSPCB",18-11-2025 17:00,25.106006,76.469948,PM2.5,45,325,183
India,Rajasthan,Baran,"Bamboliya, Baran - RSPCB",18-11-2025 17:00,25.106006,76.469948,PM10,65,182,121
India,Rajasthan,Dausa,"Khatikan Mohalla, Dausa - RSPCB",18-11-2025 17:00,26.895552,76.334753,PM2.5,57,337,138
India,Rajasthan,Dausa,"Khatikan Mohalla, Dausa - RSPCB",18-11-2025 17:00,26.895552,76.334753,CO,48,128,76
India,Rajasthan,Dausa,"Khatikan Mohalla, Dausa - RSPCB",18-11-2025 17:00,26.895552,76.334753,OZONE,1,154,110
India,Rajasthan,Dholpur,"Raja Ganj, Dholpur - RSPCB",18-11-2025 17:00,26.699557,77.898881,NO2,22,94,38
India,Rajasthan,Dholpur,"Raja Ganj, Dholpur - RSPCB",18-11-2025 17:00,26.699557,77.898881,SO2,1,19,8
India,Rajasthan,Dholpur,"Raja Ganj, Dholpur - RSPCB",18-11-2025 17:00,26.699557,77.898881,OZONE,26,43,39
India,Rajasthan,Dungarpur,"Bhoiwada, Dungarpur - RSPCB",18-11-2025 17:00,23.837789,73.714926,PM10,83,172,132
India,Rajasthan,Jaipur,"Shastri Nagar, Jaipur - RSPCB",18-11-2025 17:00,26.9502929,75.730943,NO2,55,114,87
India,Rajasthan,Jaisalmer,"Sadar Bazar, Jaisalmer - RSPCB",18-11-2025 17:00,26.912329,70.909168,PM2.5,30,301,103
India,Rajasthan,Jaisalmer,"Sadar Bazar, Jaisalmer - RSPCB",18-11-2025 17:00,26.912329,70.909168,PM10,46,289,137
India,Rajasthan,Jalore,"Mudtra Sili, Jalore - RSPCB",18-11-2025 17:00,25.344694,72.626208,NH3,2,9,5
India,Rajasthan,Bhilwara,"Pratap Nagar, Bhilwara - RSPCB",18-11-2025 17:00,25.339605,74.618883,CO,18,113,28
India,Rajasthan,Bhiwadi,"RIICO Ind. Area III, Bhiwadi - RSPCB",18-11-2025 17:00,28.194909,76.862296,NO2,25,57,39
India,Rajasthan,Bhiwadi,"Vasundhara Nagar_UIT, Bhiwadi - RSPCB",18-11-2025 17:00,28.207266,76.829265,PM10,157,500,311
India,Rajasthan,Bhiwadi,"Vasundhara Nagar_UIT, Bhiwadi - RSPCB",18-11-2025 17:00,28.207266,76.829265,NH3,1,8,5
India,Rajasthan,Dungarpur,"Bhoiwada, Dungarpur - RSPCB",18-11-2025 17:00,23.837789,73.714926,NO2,13,88,31
India,Rajasthan,Jaipur,"Adarsh Nagar, Jaipur - RSPCB",18-11-2025 17:00,26.902909,75.836858,OZONE,15,84,65
India,Rajasthan,Jaipur,"Mansarovar Sector-12, Jaipur - RSPCB",18-11-2025 17:00,26.843698,75.766894,NH3,8,12,10
India,Rajasthan,Jaipur,"RIICO Sitapura, Jaipur - RSPCB",18-11-2025 17:00,26.786682,75.827928,PM10,127,425,227
India,Rajasthan,Jaipur,"Sector-2 Murlipura, Jaipur - RSPCB",18-11-2025 17:00,26.960669,75.771817,PM10,48,218,107
India,Rajasthan,Jaipur,"Sector-2 Murlipura, Jaipur - RSPCB",18-11-2025 17:00,26.960669,75.771817,NH3,2,34,11
India,Rajasthan,Barmer,"Railway Colony, Barmer - RSPCB",18-11-2025 17:00,25.747299,71.393989,NH3,3,28,10
India,Rajasthan,Bharatpur,"Krishna Nagar, Bharatpur - RSPCB",18-11-2025 17:00,27.215415,77.50873,NO2,29,102,48
India,Rajasthan,Ajmer,"Civil Lines,  Ajmer - RSPCB",18-11-2025 17:00,26.470859,74.646594,PM2.5,75,251,111
India,Rajasthan,Ajmer,"Civil Lines,  Ajmer - RSPCB",18-11-2025 17:00,26.470859,74.646594,PM10,92,264,139
India,Rajasthan,Ajmer,"Civil Lines,  Ajmer - RSPCB",18-11-2025 17:00,26.470859,74.646594,NO2,19,41,24
India,Rajasthan,Bikaner,"MM Ground, Bikaner - RSPCB",18-11-2025 17:00,28.018792,73.292658,PM10,98,470,201
India,Rajasthan,Bikaner,"MM Ground, Bikaner - RSPCB",18-11-2025 17:00,28.018792,73.292658,OZONE,3,134,90
India,Rajasthan,Jodhpur,"Digari Kalan, Jodhpur - RSPCB",18-11-2025 17:00,26.29581,73.082283,NO2,8,107,49
India,Rajasthan,Jodhpur,"Digari Kalan, Jodhpur - RSPCB",18-11-2025 17:00,26.29581,73.082283,OZONE,3,141,115
India,Rajasthan,Jodhpur,"Jhalamand, Jodhpur - RSPCB",18-11-2025 17:00,26.215415,73.070156,CO,13,80,20
India,Rajasthan,Jodhpur,"Mandor, Jodhpur - RSPCB",18-11-2025 17:00,26.358805,73.047444,PM2.5,35,177,89
India,Rajasthan,Jodhpur,"Mandor, Jodhpur - RSPCB",18-11-2025 17:00,26.358805,73.047444,NH3,3,7,5
India,Rajasthan,Jodhpur,"Mandor, Jodhpur - RSPCB",18-11-2025 17:00,26.358805,73.047444,SO2,2,13,5
India,Rajasthan,Jodhpur,"Mandor, Jodhpur - RSPCB",18-11-2025 17:00,26.358805,73.047444,CO,14,54,21
India,Rajasthan,Jodhpur,"Samrat Ashok Udhyan, Jodhpur - RSPCB",18-11-2025 17:00,26.253384,72.976571,PM2.5,43,416,174
India,Rajasthan,Tonk,"Shastri Nagar, Tonk - RSPCB",18-11-2025 17:00,26.159933,75.780517,PM2.5,88,389,224
India,Rajasthan,Tonk,"Shastri Nagar, Tonk - RSPCB",18-11-2025 17:00,26.159933,75.780517,PM10,118,450,234
India,Rajasthan,Udaipur,"Ashok Nagar, Udaipur - RSPCB",18-11-2025 17:00,24.5886166,73.6321397,PM10,58,195,117
India,TamilNadu,Ariyalur,"Keelapalur, Ariyalur - TNPCB",18-11-2025 17:00,11.06825,79.07033,NH3,NA,NA,NA
India,TamilNadu,Chennai,"Alandur Bus Depot, Chennai - CPCB",18-11-2025 17:00,12.9099161,80.1076538,NO2,25,32,28
India,Rajasthan,Karauli,"Satyawati Vihar, Karauli - RSPCB",18-11-2025 17:00,26.506177,77.025989,NO2,11,132,34
India,Rajasthan,Karauli,"Satyawati Vihar, Karauli - RSPCB",18-11-2025 17:00,26.506177,77.025989,SO2,7,14,9
India,Rajasthan,Karauli,"Satyawati Vihar, Karauli - RSPCB",18-11-2025 17:00,26.506177,77.025989,OZONE,7,157,117
India,Rajasthan,Kota,"Dhanmandi, Kota - RSPCB",18-11-2025 17:00,25.16409,75.858137,CO,20,125,32
India,Rajasthan,Kota,"Dhanmandi, Kota - RSPCB",18-11-2025 17:00,25.16409,75.858137,OZONE,1,184,133
India,Rajasthan,Kota,"Nayapura, Kota - RSPCB",18-11-2025 17:00,25.196024,75.855668,NO2,28,135,64
India,TamilNadu,Chennai,"Arumbakkam, Chennai - TNPCB",18-11-2025 17:00,13.0664,80.2112,PM10,15,129,80
India,TamilNadu,Chennai,"Arumbakkam, Chennai - TNPCB",18-11-2025 17:00,13.0664,80.2112,NH3,3,5,4
India,TamilNadu,Chennai,"Gandhi Nagar_Ennore, Chennai - TNPCB",18-11-2025 17:00,13.218341,80.32027,PM2.5,NA,NA,NA
India,TamilNadu,Chennai,"Gandhi Nagar_Ennore, Chennai - TNPCB",18-11-2025 17:00,13.218341,80.32027,SO2,NA,NA,NA
India,TamilNadu,Chennai,"Manali Village, Chennai - TNPCB",18-11-2025 17:00,13.1662,80.2584,SO2,10,12,10
India,Rajasthan,Kota,"Shrinath Puram, Kota - RSPCB",18-11-2025 17:00,25.14389,75.821256,PM2.5,157,345,261
India,Rajasthan,Nagaur,"Karni Colony, Nagaur - RSPCB",18-11-2025 17:00,27.213494,73.734444,PM2.5,33,356,166
India,Rajasthan,Nagaur,"Karni Colony, Nagaur - RSPCB",18-11-2025 17:00,27.213494,73.734444,NH3,9,18,13
India,Rajasthan,Pali,"Indira Colony Vistar, Pali - RSPCB",18-11-2025 17:00,25.771061,73.340227,NO2,26,56,36
India,Rajasthan,Sikar,"Radhakishan Pura, Sikar - RSPCB",18-11-2025 17:00,27.608912,75.153302,SO2,3,11,6
India,Rajasthan,Sikar,"Radhakishan Pura, Sikar - RSPCB",18-11-2025 17:00,27.608912,75.153302,OZONE,7,113,96
India,Rajasthan,Sirohi,"Vedhaynath Colony, Sirohi - RSPCB",18-11-2025 17:00,24.885261,72.857549,OZONE,18,117,91
India,Rajasthan,Sri Ganganagar,"Old City, Sri Ganganagar - RSPCB",18-11-2025 17:00,29.931624,73.864511,CO,38,194,68
India,Rajasthan,Jhalawar,"Rajlaxmi Nagar, Jhalawar - RSPCB",18-11-2025 17:00,24.588397,76.172782,PM10,78,180,123
India,Rajasthan,Jhalawar,"Rajlaxmi Nagar, Jhalawar - RSPCB",18-11-2025 17:00,24.588397,76.172782,SO2,3,20,13
India,Rajasthan,Jodhpur,"Collectorate, Jodhpur - RSPCB",18-11-2025 17:00,26.268249,73.0193853,PM2.5,64,492,239
India,Rajasthan,Pali,"Indira Colony Vistar, Pali - RSPCB",18-11-2025 17:00,25.771061,73.340227,OZONE,6,46,29
India,Rajasthan,Pratapgarh,"Pragati Nagar, Pratapgarh - RSPCB",18-11-2025 17:00,24.041198,74.780702,SO2,5,20,8
India,Rajasthan,Sawai Madhopur,"Sahu Nagar, Sawai Madhopur - RSPCB",18-11-2025 17:00,26.031443,76.359327,PM2.5,58,316,141
India,Rajasthan,Sawai Madhopur,"Sahu Nagar, Sawai Madhopur - RSPCB",18-11-2025 17:00,26.031443,76.359327,OZONE,1,247,156
India,TamilNadu,Madurai,"Uchapatti, Madurai - TNPCB",18-11-2025 17:00,9.865935,78.022669,SO2,29,31,30
India,TamilNadu,Nagapattinam,"Velippalayam, Nagapattinam - TNPCB",18-11-2025 17:00,10.798548,79.838212,SO2,NA,NA,NA
India,TamilNadu,Nagapattinam,"Velippalayam, Nagapattinam - TNPCB",18-11-2025 17:00,10.798548,79.838212,CO,22,26,24
India,TamilNadu,Perundurai,"SIPCOT Industrial Park, Perundurai - TNPCB",18-11-2025 17:00,11.258242,77.552761,SO2,10,12,11
India,TamilNadu,Perundurai,"SIPCOT Industrial Park, Perundurai - TNPCB",18-11-2025 17:00,11.258242,77.552761,CO,17,28,19
India,TamilNadu,Perundurai,"SIPCOT Industrial Park, Perundurai - TNPCB",18-11-2025 17:00,11.258242,77.552761,OZONE,10,14,12
India,TamilNadu,Pudukottai,"SIPCOT Nathampannai, Pudukottai - TNPCB",18-11-2025 17:00,10.423417,78.784889,PM10,NA,NA,NA
India,Telangana,Hyderabad,"Zoo Park, Hyderabad - TSPCB",18-11-2025 17:00,17.349694,78.451437,NO2,14,43,26
India,Tripura,Agartala,"Bardowali, Agartala - Tripura SPCB",18-11-2025 17:00,23.8175497,91.2726974,PM2.5,4,79,39
India,Tripura,Agartala,"Bardowali, Agartala - Tripura SPCB",18-11-2025 17:00,23.8175497,91.2726974,SO2,28,30,29
India,Uttar_Pradesh,Agra,"Manoharpur, Agra - UPPCB",18-11-2025 17:00,27.23711,78.01936,PM10,93,174,138
India,TamilNadu,Pudukottai,"SIPCOT Nathampannai, Pudukottai - TNPCB",18-11-2025 17:00,10.423417,78.784889,NH3,NA,NA,NA
India,TamilNadu,Salem,"Sona College of Technology, Salem - TNPCB",18-11-2025 17:00,11.679111,78.125052,CO,12,12,12
India,TamilNadu,Thoothukudi,"Meelavittan, Thoothukudi - TNPCB",18-11-2025 17:00,8.816428,78.099039,PM10,31,77,55
India,TamilNadu,Tirupur,"Kumaran College, Tirupur - TNPCB",18-11-2025 17:00,11.0973603,77.3228673,NO2,NA,NA,NA
India,Telangana,Hyderabad,"Kompally Municipal Office, Hyderabad - TSPCB",18-11-2025 17:00,17.544899,78.486949,PM2.5,41,67,50
India,Telangana,Hyderabad,"Kompally Municipal Office, Hyderabad - TSPCB",18-11-2025 17:00,17.544899,78.486949,NO2,12,17,16
India,Telangana,Hyderabad,"Nacharam_TSIIC IALA, Hyderabad - TSPCB",18-11-2025 17:00,17.429398,78.569354,NH3,4,6,6
India,Telangana,Hyderabad,"New Malakpet, Hyderabad - TSPCB",18-11-2025 17:00,17.37206,78.50864,PM2.5,50,135,77
India,TamilNadu,Cuddalore,"Kudikadu, Cuddalore - TNPCB",18-11-2025 17:00,11.6829898,79.7532099,NO2,NA,NA,NA
India,TamilNadu,Cuddalore,"Semmandalam, Cuddalore - TNPCB",18-11-2025 17:00,11.7637683,79.7499835,NH3,NA,NA,NA
India,TamilNadu,Karur,"Kamadenu Nagar, Karur - TNPCB",18-11-2025 17:00,10.96782,78.080882,NH3,NA,NA,NA
India,Telangana,Hyderabad,"Central University, Hyderabad - TSPCB",18-11-2025 17:00,17.460103,78.334361,PM10,NA,NA,NA
India,Telangana,Hyderabad,"Central University, Hyderabad - TSPCB",18-11-2025 17:00,17.460103,78.334361,NO2,NA,NA,NA
India,Telangana,Hyderabad,"Central University, Hyderabad - TSPCB",18-11-2025 17:00,17.460103,78.334361,SO2,NA,NA,NA
India,Telangana,Hyderabad,"Central University, Hyderabad - TSPCB",18-11-2025 17:00,17.460103,78.334361,OZONE,14,19,16
India,TamilNadu,Coimbatore,"SIDCO Kurichi, Coimbatore - TNPCB",18-11-2025 17:00,10.942451,76.978996,PM2.5,38,137,92
India,TamilNadu,Coimbatore,"SIDCO Kurichi, Coimbatore - TNPCB",18-11-2025 17:00,10.942451,76.978996,PM10,53,121,88
India,TamilNadu,Coimbatore,"SIDCO Kurichi, Coimbatore - TNPCB",18-11-2025 17:00,10.942451,76.978996,SO2,20,23,21
India,Telangana,Hyderabad,"Somajiguda, Hyderabad - TSPCB",18-11-2025 17:00,17.417094,78.457437,CO,20,44,34
India,Telangana,Hyderabad,"Zoo Park, Hyderabad - TSPCB",18-11-2025 17:00,17.349694,78.451437,PM10,108,154,134
India,Telangana,Hyderabad,"ICRISAT Patancheru, Hyderabad - TSPCB",18-11-2025 17:00,17.5184,78.278777,PM10,84,156,132
India,Telangana,Hyderabad,"IDA Pashamylaram, Hyderabad - TSPCB",18-11-2025 17:00,17.5316895,78.218939,PM10,55,145,104
India,Uttar_Pradesh,Ghaziabad,"Vasundhara, Ghaziabad - UPPCB",18-11-2025 17:00,28.6603346,77.3572563,CO,76,196,102
India,Uttar_Pradesh,Gorakhpur,"Madan Mohan Malaviya University of Technology, Gorakhpur - UPPCB",18-11-2025 17:00,26.730136,83.433859,SO2,30,32,31
India,Uttar_Pradesh,Greater Noida,"Knowledge Park - III, Greater Noida - UPPCB",18-11-2025 17:00,28.47272,77.482,PM10,266,500,430
India,Uttar_Pradesh,Greater Noida,"Knowledge Park - V, Greater Noida - UPPCB",18-11-2025 17:00,28.557054,77.453663,NO2,53,121,84
India,Uttar_Pradesh,Greater Noida,"Knowledge Park - V, Greater Noida - UPPCB",18-11-2025 17:00,28.557054,77.453663,NH3,5,18,9
India,Uttar_Pradesh,Kanpur,"FTI Kidwai Nagar, Kanpur - UPPCB",18-11-2025 17:00,26.428282,80.327067,OZONE,20,22,21
India,Uttar_Pradesh,Kanpur,"NSI Kalyanpur, Kanpur - UPPCB",18-11-2025 17:00,26.509954,80.249612,NH3,3,3,3
India,Uttar_Pradesh,Kanpur,"Nehru Nagar, Kanpur - UPPCB",18-11-2025 17:00,26.4703136,80.3229863,NO2,20,52,32
India,Uttar_Pradesh,Khurja,"Kalindi Kunj, Khurja - UPPCB",18-11-2025 17:00,28.2348927,77.8683002,CO,14,106,56
India,Uttar_Pradesh,Lucknow,"B R Ambedkar University, Lucknow - UPPCB",18-11-2025 17:00,26.766433,80.927299,PM2.5,35,201,94
India,Uttar_Pradesh,Lucknow,"B R Ambedkar University, Lucknow - UPPCB",18-11-2025 17:00,26.766433,80.927299,NH3,4,10,6
India,Uttar_Pradesh,Lucknow,"Gomti Nagar, Lucknow - UPPCB",18-11-2025 17:00,26.86812,81.005119,SO2,8,12,10
India,Uttar_Pradesh,Lucknow,"Kendriya Vidyalaya, Lucknow - CPCB",18-11-2025 17:00,26.906111,80.948222,SO2,4,16,8
India,Uttar_Pradesh,Lucknow,"Kukrail Picnic Spot-1, Lucknow - UPPCB",18-11-2025 17:00,26.90723,80.98579,NO2,31,33,32
India,Uttar_Pradesh,Lucknow,"Kukrail Picnic Spot-1, Lucknow - UPPCB",18-11-2025 17:00,26.90723,80.98579,CO,9,20,12
India,Uttar_Pradesh,Lucknow,"Lalbagh, Lucknow - CPCB",18-11-2025 17:00,26.8458805,80.9365541,PM2.5,20,284,166
India,Uttar_Pradesh,Lucknow,"Lalbagh, Lucknow - CPCB",18-11-2025 17:00,26.8458805,80.9365541,PM10,30,430,206
India,Uttar_Pradesh,Lucknow,"Lalbagh, Lucknow - CPCB",18-11-2025 17:00,26.8458805,80.9365541,CO,2,144,51
India,Uttar_Pradesh,Lucknow,"Talkatora District Industries Center, Lucknow - CPCB",18-11-2025 17:00,26.83399722,80.8917361,PM10,11,213,150
India,Uttar_Pradesh,Lucknow,"Talkatora District Industries Center, Lucknow - CPCB",18-11-2025 17:00,26.83399722,80.8917361,NO2,41,61,48
India,Uttar_Pradesh,Lucknow,"Talkatora District Industries Center, Lucknow - CPCB",18-11-2025 17:00,26.83399722,80.8917361,CO,6,69,25
India,Uttar_Pradesh,Bareilly,"Rajendra Nagar, Bareilly - UPPCB",18-11-2025 17:00,28.38910936,79.42963708,PM10,40,123,90
India,Uttar_Pradesh,Bareilly,"Rajendra Nagar, Bareilly - UPPCB",18-11-2025 17:00,28.38910936,79.42963708,NH3,1,1,1
India,Uttar_Pradesh,Bulandshahr,"Yamunapuram, Bulandshahr - UPPCB",18-11-2025 17:00,28.406963,77.849831,NH3,12,15,14
India,Uttar_Pradesh,Firozabad,"Vibhab Nagar, Firozabad - UPPCB",18-11-2025 17:00,27.1594,78.3953,NH3,NA,NA,NA
India,Uttar_Pradesh,Ghaziabad,"Indirapuram, Ghaziabad - UPPCB",18-11-2025 17:00,28.646233,77.358075,PM10,243,500,436
India,Uttar_Pradesh,Ghaziabad,"Indirapuram, Ghaziabad - UPPCB",18-11-2025 17:00,28.646233,77.358075,NO2,56,138,94
India,Uttar_Pradesh,Ghaziabad,"Loni, Ghaziabad - UPPCB",18-11-2025 17:00,28.757294,77.278792,NO2,42,163,111
India,Uttar_Pradesh,Ghaziabad,"Sanjay Nagar, Ghaziabad - UPPCB",18-11-2025 17:00,28.685382,77.453839,PM2.5,306,500,424
India,Uttar_Pradesh,Baghpat,"Sardar Patel Inter College, Baghpat - UPPCB",18-11-2025 17:00,28.964949,77.278761,PM2.5,243,500,394
India,Uttar_Pradesh,Baghpat,"Sardar Patel Inter College, Baghpat - UPPCB",18-11-2025 17:00,28.964949,77.278761,CO,58,102,70
India,Uttar_Pradesh,Bareilly,"Civil Lines, Bareilly - UPPCB",18-11-2025 17:00,28.359581,79.414455,SO2,11,29,21
India,Uttar_Pradesh,Greater Noida,"Knowledge Park - V, Greater Noida - UPPCB",18-11-2025 17:00,28.557054,77.453663,OZONE,2,20,9
India,Uttar_Pradesh,Hapur,"Anand Vihar, Hapur - UPPCB",18-11-2025 17:00,28.725645,77.749675,NO2,32,403,199
India,Uttar_Pradesh,Hapur,"Anand Vihar, Hapur - UPPCB",18-11-2025 17:00,28.725645,77.749675,OZONE,2,83,53
India,Uttar_Pradesh,Agra,"Rohta, Agra - UPPCB",18-11-2025 17:00,27.106972,78.000111,CO,34,79,49
India,Uttar_Pradesh,Agra,"Sector-3B Avas Vikas Colony, Agra - UPPCB",18-11-2025 17:00,27.19412,77.96237,NO2,38,39,38
India,Uttar_Pradesh,Noida,"Sector - 125, Noida - UPPCB",18-11-2025 17:00,28.5447608,77.3231257,NO2,37,169,82
India,Uttar_Pradesh,Noida,"Sector - 125, Noida - UPPCB",18-11-2025 17:00,28.5447608,77.3231257,NH3,6,22,16
India,Uttar_Pradesh,Noida,"Sector - 125, Noida - UPPCB",18-11-2025 17:00,28.5447608,77.3231257,CO,9,153,26
India,Uttar_Pradesh,Noida,"Sector - 62, Noida - IMD",18-11-2025 17:00,28.6245479,77.3577104,OZONE,14,183,106
India,Uttar_Pradesh,Noida,"Sector-1, Noida - UPPCB",18-11-2025 17:00,28.5898,77.3101,OZONE,5,148,91
India,Uttar_Pradesh,Noida,"Sector-116, Noida - UPPCB",18-11-2025 17:00,28.56923,77.393848,PM10,283,500,431
India,Uttarakhand,Kashipur,"Govt. Girls Inter College, Kashipur - UKPCB",18-11-2025 17:00,29.2124114,78.9611753,CO,34,38,37
India,Uttarakhand,Rishikesh,"Shivaji Nagar, Rishikesh - UKPCB",18-11-2025 17:00,30.075911,78.2859547,PM2.5,35,70,53
India,West_Bengal,Asansol,"Asansol Court Area, Asansol - WBPCB",18-11-2025 17:00,23.685297,86.945968,PM2.5,48,218,107
India,West_Bengal,Asansol,"Asansol Court Area, Asansol - WBPCB",18-11-2025 17:00,23.685297,86.945968,NO2,15,28,22
India,West_Bengal,Asansol,"Asansol Court Area, Asansol - WBPCB",18-11-2025 17:00,23.685297,86.945968,SO2,14,26,19
India,Uttar_Pradesh,Noida,"Sector-116, Noida - UPPCB",18-11-2025 17:00,28.56923,77.393848,CO,2,185,26
India,Uttar_Pradesh,Prayagraj,"Jhunsi, Prayagraj - UPPCB",18-11-2025 17:00,25.425602,81.917152,PM2.5,67,252,167
India,Uttar_Pradesh,Prayagraj,"Jhunsi, Prayagraj - UPPCB",18-11-2025 17:00,25.425602,81.917152,NH3,5,5,5
India,Uttar_Pradesh,Prayagraj,"Motilal Nehru NIT, Prayagraj - UPPCB",18-11-2025 17:00,25.494,81.863,PM2.5,65,248,184
India,Uttar_Pradesh,Prayagraj,"Motilal Nehru NIT, Prayagraj - UPPCB",18-11-2025 17:00,25.494,81.863,NO2,12,12,12
India,Uttar_Pradesh,Prayagraj,"Motilal Nehru NIT, Prayagraj - UPPCB",18-11-2025 17:00,25.494,81.863,CO,24,99,39
India,Uttar_Pradesh,Varanasi,"Maldahiya, Varanasi - UPPCB",18-11-2025 17:00,25.32393,82.99687,SO2,27,29,28
India,Uttar_Pradesh,Vrindavan,"Omex Eternity, Vrindavan - UPPCB",18-11-2025 17:00,27.571409,77.655757,OZONE,15,16,15
India,Uttarakhand,Kashipur,"Govt. Girls Inter College, Kashipur - UKPCB",18-11-2025 17:00,29.2124114,78.9611753,PM10,37,148,80
India,Uttarakhand,Kashipur,"Govt. Girls Inter College, Kashipur - UKPCB",18-11-2025 17:00,29.2124114,78.9611753,NH3,2,14,5
India,West_Bengal,Asansol,"Mahabir Colliery, Asansol - WBPCB",18-11-2025 17:00,23.618183,87.105718,SO2,5,7,6
India,West_Bengal,Asansol,"Mahabir Colliery, Asansol - WBPCB",18-11-2025 17:00,23.618183,87.105718,CO,4,65,26
India,West_Bengal,Asansol,"Mahabir Colliery, Asansol - WBPCB",18-11-2025 17:00,23.618183,87.105718,OZONE,21,46,41
India,West_Bengal,Barrackpore,"SVSPA Campus, Barrackpore - WBPCB",18-11-2025 17:00,22.7605581,88.3617589,PM10,32,102,75
India,Uttar_Pradesh,Varanasi,"Ardhali Bazar, Varanasi - UPPCB",18-11-2025 17:00,25.3505986,82.9083074,SO2,8,12,10
India,Uttar_Pradesh,Varanasi,"Bhelupur, Varanasi - UPPCB",18-11-2025 17:00,25.301778,82.996789,CO,14,106,20
India,Uttar_Pradesh,Varanasi,"IESD Banaras Hindu University, Varanasi - UPPCB",18-11-2025 17:00,25.262326,82.995408,PM2.5,44,175,91
India,Uttar_Pradesh,Meerut,"Pallavpuram Phase 2, Meerut - UPPCB",18-11-2025 17:00,29.06351,77.709723,NH3,1,15,9
India,Uttar_Pradesh,Moradabad,"Buddhi Vihar, Moradabad - UPPCB",18-11-2025 17:00,28.83526,78.7446,PM10,50,198,101
India,Uttar_Pradesh,Moradabad,"Buddhi Vihar, Moradabad - UPPCB",18-11-2025 17:00,28.83526,78.7446,NH3,5,5,5
India,Uttar_Pradesh,Moradabad,"Eco Herbal Park, Moradabad - UPPCB",18-11-2025 17:00,28.840739,78.697531,OZONE,2,94,67
India,Uttar_Pradesh,Moradabad,"Employment Office, Moradabad - UPPCB",18-11-2025 17:00,28.88528,78.7388,NO2,16,16,16
India,Uttar_Pradesh,Moradabad,"Employment Office, Moradabad - UPPCB",18-11-2025 17:00,28.88528,78.7388,OZONE,14,18,16
India,Uttar_Pradesh,Moradabad,"Transport Nagar, Moradabad - UPPCB",18-11-2025 17:00,28.802625,78.753728,PM2.5,27,197,79
India,West_Bengal,Durgapur,"Mahishkapur Road_B-Zone, Durgapur - WBPCB",18-11-2025 17:00,23.567923,87.306843,CO,27,66,40
India,West_Bengal,Durgapur,"Womens College_City Center, Durgapur - WBPCB (Formerly known as Sidhu Kanhu Indoor Stadium)",18-11-2025 17:00,23.549395,87.300496,NO2,22,28,24
India,West_Bengal,Durgapur,"Womens College_City Center, Durgapur - WBPCB (Formerly known as Sidhu Kanhu Indoor Stadium)",18-11-2025 17:00,23.549395,87.300496,NH3,1,2,2
India,West_Bengal,Howrah,"Botanical Garden, Howrah - WBPCB",18-11-2025 17:00,22.554954,88.292568,PM2.5,22,129,69
India,West_Bengal,Howrah,"Botanical Garden, Howrah - WBPCB",18-11-2025 17:00,22.554954,88.292568,PM10,32,114,74
India,West_Bengal,Howrah,"Dasnagar, Howrah - WBPCB",18-11-2025 17:00,22.6025571,88.3105664,SO2,2,31,9
India,West_Bengal,Howrah,"Ghusuri, Howrah - WBPCB",18-11-2025 17:00,22.611968,88.347422,NO2,21,37,26
India,West_Bengal,Kolkata,"Bidhannagar, Kolkata - WBPCB",18-11-2025 17:00,22.58157048,88.41002457,PM10,49,140,95
India,West_Bengal,Kolkata,"Bidhannagar, Kolkata - WBPCB",18-11-2025 17:00,22.58157048,88.41002457,NO2,7,29,19
India,West_Bengal,Kolkata,"Fort William, Kolkata - WBPCB",18-11-2025 17:00,22.55664,88.342674,NH3,9,11,10
India,West_Bengal,Kolkata,"Rabindra Bharati University, Kolkata - WBPCB",18-11-2025 17:00,22.627847,88.380669,PM10,66,155,111
India,West_Bengal,Kolkata,"Rabindra Bharati University, Kolkata - WBPCB",18-11-2025 17:00,22.627847,88.380669,NO2,28,109,66
India,West_Bengal,Kolkata,"Victoria, Kolkata - WBPCB",18-11-2025 17:00,22.5448082,88.3403691,PM10,73,153,115
India,West_Bengal,Kolkata,"Victoria, Kolkata - WBPCB",18-11-2025 17:00,22.5448082,88.3403691,SO2,2,18,8
India,West_Bengal,Siliguri,"Ward-32 Bapupara, Siliguri - WBPCB",18-11-2025 17:00,26.6879226,88.4152495,NO2,17,27,21
