country,state,city,station,last_update,latitude,longitude,pollutant_id,pollutant_min,pollutant_max,pollutant_avg
India,Andhra_Pradesh,Rajamahendravaram,"Anand Kala Kshetram, Rajamahendravaram - APPCB",2025-11-18 17:00:00,16.9872867,81.7363176,1,1.0,3.0,2.0
India,Andhra_Pradesh,Amaravati,"Secretariat, Amaravati - APPCB",2025-11-18 17:00:00,16.5150833,80.5181667,4,75.0,160.0,112.0
India,Andhra_Pradesh,Chittoor,"Gangineni Cheruvu, Chittoor - APPCB",2025-11-18 17:00:00,13.20488,79.097889,4,11.0,175.0,84.0
India,Andhra_Pradesh,Chittoor,"Gangineni Cheruvu, Chittoor - APPCB",2025-11-18 17:00:00,13.20488,79.097889,6,7.0,34.0,16.0
India,Andhra_Pradesh,Kadapa,"Yerramukkapalli, Kadapa - APPCB",2025-11-18 17:00:00,14.465052,78.824187,4,63.0,73.0,64.0
India,Andhra_Pradesh,Anantapur,"Gulzarpet, Anantapur - APPCB",2025-11-18 17:00:00,14.675886,77.593027,4,64.0,81.0,72.0
India,Andhra_Pradesh,Kadapa,"Yerramukkapalli, Kadapa - APPCB",2025-11-18 17:00:00,14.465052,78.824187,2,17.0,28.0,19.0
India,Andhra_Pradesh,Anantapur,"Gulzarpet, Anantapur - APPCB",2025-11-18 17:00:00,14.675886,77.593027,6,12.0,18.0,14.0
India,Andhra_Pradesh,Tirumala,"Toll Gate, Tirumala - APPCB",2025-11-18 17:00:00,13.67,79.35,3,18.0,356.0,39.0
India,Andhra_Pradesh,Tirumala,"Toll Gate, Tirumala - APPCB",2025-11-18 17:00:00,13.67,79.35,2,14.0,24.0,18.0
India,Assam,Guwahati,"IITG, Guwahati - PCBA",2025-11-18 17:00:00,26.2028636,91.70046436,1,5.0,5.0,5.0
India,Assam,Guwahati,"IITG, Guwahati - PCBA",2025-11-18 17:00:00,26.2028636,91.70046436,3,1.0,41.0,28.0
India,Assam,Guwahati,"LGBI Airport, Guwahati - PCBA",2025-11-18 17:00:00,26.10887,91.589544,0,26.0,68.0,39.0
India,Assam,Guwahati,"Pan Bazaar, Guwahati - PCBA",2025-11-18 17:00:00,26.1875,91.744194,6,28.0,57.0,41.0
India,Assam,Nagaon,"Christianpatty, Nagaon - PCBA",2025-11-18 17:00:00,26.349082,92.68449,5,28.0,33.0,29.0
India,Assam,Byrnihat,"Central Academy for SFS, Byrnihat - PCBA",2025-11-18 17:00:00,26.071318,91.87488,2,6.0,10.0,7.0
India,Assam,Byrnihat,"Central Academy for SFS, Byrnihat - PCBA",2025-11-18 17:00:00,26.071318,91.87488,1,4.0,4.0,4.0
India,Andhra_Pradesh,Visakhapatnam,"GVM Corporation, Visakhapatnam - APPCB",2025-11-18 17:00:00,17.72,83.3,5,98.0,157.0,129.0
India,Andhra_Pradesh,Vijayawada,"Rajiv Gandhi Park, Vijayawada - APPCB",2025-11-18 17:00:00,16.509717,80.612222,6,9.0,17.0,12.0
India,Andhra_Pradesh,Vijayawada,"Rajiv Nagar, Vijayawada - APPCB",2025-11-18 17:00:00,16.554731,80.64911,3,66.0,96.0,73.0
India,Andhra_Pradesh,Tirupati,"Vaikuntapuram, Tirupati - APPCB",2025-11-18 17:00:00,13.615387,79.40923,2,13.0,18.0,15.0
India,Arunachal_Pradesh,Naharlagun,"Naharlagun, Naharlagun - APSPCB",2025-11-18 17:00:00,27.103358,93.679645,3,5.0,5.0,5.0
India,Assam,Nalbari,"Bata Chowk, Nalbari - PCBA",2025-11-18 17:00:00,26.446912,91.439057,0,14.0,30.0,21.0
India,Bihar,Bihar Sharif,"D M Colony, Bihar Sharif - BSPCB",2025-11-18 17:00:00,25.204762,85.51496,5,14.0,30.0,21.0
India,Bihar,Bihar Sharif,"D M Colony, Bihar Sharif - BSPCB",2025-11-18 17:00:00,25.204762,85.51496,2,14.0,30.0,21.0
India,Bihar,Bihar Sharif,"D M Colony, Bihar Sharif - BSPCB",2025-11-18 17:00:00,25.204762,85.51496,0,10.0,74.0,13.0
India,Bihar,Buxar,"Charitra Van, Buxar - BSPCB",2025-11-18 17:00:00,25.56752,83.966379,4,62.0,147.0,112.0
India,Bihar,Buxar,"Charitra Van, Buxar - BSPCB",2025-11-18 17:00:00,25.56752,83.966379,2,9.0,11.0,10.0
India,Bihar,Katihar,"Mirchaibari, Katihar - BSPCB",2025-11-18 17:00:00,25.560083,87.553265,4,9.0,103.0,57.0
India,Bihar,Kishanganj,"SDM Office_Khagra, Kishanganj - BSPCB",2025-11-18 17:00:00,26.0881305,87.93840336,2,8.0,11.0,10.0
India,Bihar,Kishanganj,"SDM Office_Khagra, Kishanganj - BSPCB",2025-11-18 17:00:00,26.0881305,87.93840336,6,6.0,9.0,8.0
India,Bihar,Kishanganj,"SDM Office_Khagra, Kishanganj - BSPCB",2025-11-18 17:00:00,26.0881305,87.93840336,0,16.0,20.0,18.0
India,Assam,Sivasagar,"Girls College, Sivasagar - PCBA",2025-11-18 17:00:00,26.987634,94.636574,0,6.0,75.0,13.0
India,Bihar,Araria,"Kharahiya Basti, Araria - BSPCB",2025-11-18 17:00:00,26.146529,87.454184,6,15.0,21.0,19.0
India,Bihar,Motihari,"Gandak Colony, Motihari - BSPCB",2025-11-18 17:00:00,26.63086,84.90051,4,40.0,135.0,95.0
India,Bihar,Motihari,"Gandak Colony, Motihari - BSPCB",2025-11-18 17:00:00,26.63086,84.90051,6,3.0,3.0,3.0
India,Bihar,Bhagalpur,"DM Office_Kachari Chowk, Bhagalpur - BSPCB",2025-11-18 17:00:00,25.251013,86.989001,1,3.0,3.0,3.0
India,Bihar,Bhagalpur,"DM Office_Kachari Chowk, Bhagalpur - BSPCB",2025-11-18 17:00:00,25.251013,86.989001,3,14.0,16.0,15.0
India,Bihar,Begusarai,"Lohiyanagar, Begusarai - BSPCB",2025-11-18 17:00:00,25.42742023,86.13886079,0,60.0,86.0,75.0
India,Bihar,Bhagalpur,"Mayaganj, Bhagalpur - BSPCB",2025-11-18 17:00:00,25.265194,87.012947,4,31.0,134.0,98.0
India,Bihar,Gaya,"SFTI Kusdihra, Gaya - BSPCB",2025-11-18 17:00:00,24.762518,84.982348,0,22.0,44.0,34.0
India,Bihar,Gaya,"Collectorate, Gaya - BSPCB",2025-11-18 17:00:00,24.7955,84.9994,5,22.0,44.0,34.0
India,Chandigarh,Chandigarh,"Sector-53, Chandigarh - CPCC",2025-11-18 17:00:00,30.719859,76.738637,1,4.0,6.0,5.0
India,Chandigarh,Chandigarh,"Sector-53, Chandigarh - CPCC",2025-11-18 17:00:00,30.719859,76.738637,0,8.0,130.0,43.0
India,Chhattisgarh,Bhilai,"32Bungalows, Bhilai - CECB",2025-11-18 17:00:00,21.194815,81.31477,5,46.0,69.0,56.0
India,Chhattisgarh,Bhilai,"32Bungalows, Bhilai - CECB",2025-11-18 17:00:00,21.194815,81.31477,6,6.0,75.0,27.0
India,Chhattisgarh,Bhilai,"32Bungalows, Bhilai - CECB",2025-11-18 17:00:00,21.194815,81.31477,3,4.0,87.0,64.0
India,Chhattisgarh,Bhilai,"Civic Center, Bhilai - Bhilai Steel Plant",2025-11-18 17:00:00,21.185571,81.343175,5,62.0,212.0,110.0
India,Chhattisgarh,Bhilai,"Civic Center, Bhilai - Bhilai Steel Plant",2025-11-18 17:00:00,21.185571,81.343175,4,49.0,152.0,95.0
India,Chhattisgarh,Bhilai,"Civic Center, Bhilai - Bhilai Steel Plant",2025-11-18 17:00:00,21.185571,81.343175,3,8.0,13.0,12.0
India,Chhattisgarh,Bhilai,"Hathkhoj, Bhilai - CECB",2025-11-18 17:00:00,21.224231,81.40835,4,66.0,112.0,92.0
India,Bihar,Saharsa,"Police Line, Saharsa - BSPCB",2025-11-18 17:00:00,25.892357,86.590325,0,27.0,40.0,32.0
India,Bihar,Samastipur,"DM Office_Kasipur, Samastipur - BSPCB",2025-11-18 17:00:00,25.859655,85.77944,4,26.0,108.0,66.0
India,Bihar,Samastipur,"DM Office_Kasipur, Samastipur - BSPCB",2025-11-18 17:00:00,25.859655,85.77944,6,26.0,30.0,28.0
India,Bihar,Samastipur,"DM Office_Kasipur, Samastipur - BSPCB",2025-11-18 17:00:00,25.859655,85.77944,0,26.0,30.0,28.0
India,Bihar,Sasaram,"Dada Peer, Sasaram - BSPCB",2025-11-18 17:00:00,24.952822,84.002396,2,2.0,3.0,2.0
India,Bihar,Sasaram,"Dada Peer, Sasaram - BSPCB",2025-11-18 17:00:00,24.952822,84.002396,6,1.0,8.0,4.0
India,Bihar,Sasaram,"Dada Peer, Sasaram - BSPCB",2025-11-18 17:00:00,24.952822,84.002396,3,12.0,17.0,17.0
India,Bihar,Siwan,"Chitragupta Nagar, Siwan - BSPCB",2025-11-18 17:00:00,26.2271665,84.3570427,5,23.0,210.0,86.0
India,Bihar,Muzaffarpur,"MIT-Daudpur Kothi, Muzaffarpur - BSPCB",2025-11-18 17:00:00,26.1403345,85.3650192,6,8.0,20.0,11.0
India,Bihar,Muzaffarpur,"MIT-Daudpur Kothi, Muzaffarpur - BSPCB",2025-11-18 17:00:00,26.1403345,85.3650192,3,29.0,56.0,50.0
India,Bihar,Muzaffarpur,"Muzaffarpur Collectorate, Muzaffarpur - BSPCB",2025-11-18 17:00:00,26.1209,85.3647,2,10.0,14.0,12.0
India,Bihar,Muzaffarpur,"Muzaffarpur Collectorate, Muzaffarpur - BSPCB",2025-11-18 17:00:00,26.1209,85.3647,6,4.0,5.0,5.0
India,Bihar,Patna,"DRM Office Danapur, Patna - BSPCB",2025-11-18 17:00:00,25.586562,85.043586,2,47.0,107.0,69.0
India,Bihar,Patna,"DRM Office Danapur, Patna - BSPCB",2025-11-18 17:00:00,25.586562,85.043586,6,6.0,12.0,9.0
India,Bihar,Patna,"DRM Office Danapur, Patna - BSPCB",2025-11-18 17:00:00,25.586562,85.043586,3,8.0,59.0,46.0
India,Bihar,Patna,"Govt. High School Shikarpur, Patna - BSPCB",2025-11-18 17:00:00,25.592539,85.227158,1,4.0,5.0,5.0
India,Bihar,Patna,"IGSC Planetarium Complex, Patna - BSPCB",2025-11-18 17:00:00,25.610369,85.132568,5,4.0,5.0,5.0
India,Bihar,Patna,"IGSC Planetarium Complex, Patna - BSPCB",2025-11-18 17:00:00,25.610369,85.132568,2,4.0,5.0,5.0
India,Bihar,Siwan,"Chitragupta Nagar, Siwan - BSPCB",2025-11-18 17:00:00,26.2271665,84.3570427,4,30.0,110.0,71.0
India,Chandigarh,Chandigarh,"Sector 22, Chandigarh - CPCC",2025-11-18 17:00:00,30.735567,76.775714,6,3.0,33.0,13.0
India,Chandigarh,Chandigarh,"Sector-25, Chandigarh - CPCC",2025-11-18 17:00:00,30.751462,76.762879,5,39.0,193.0,95.0
India,Chandigarh,Chandigarh,"Sector-25, Chandigarh - CPCC",2025-11-18 17:00:00,30.751462,76.762879,1,7.0,13.0,10.0
India,Bihar,Patna,"Rajbansi Nagar, Patna - BSPCB",2025-11-18 17:00:00,25.599486,85.113666,0,32.0,113.0,51.0
India,Bihar,Patna,"Samanpura, Patna - BSPCB",2025-11-18 17:00:00,25.596727,85.085624,4,76.0,177.0,122.0
India,Bihar,Patna,"Samanpura, Patna - BSPCB",2025-11-18 17:00:00,25.596727,85.085624,6,2.0,3.0,2.0
India,Bihar,Purnia,"Mariam Nagar, Purnia - BSPCB",2025-11-18 17:00:00,25.366336,87.117468,5,8.0,90.0,50.0
India,Bihar,Patna,"Muradpur, Patna - BSPCB",2025-11-18 17:00:00,25.619651,85.147382,0,30.0,69.0,52.0
India,Bihar,Patna,"Rajbansi Nagar, Patna - BSPCB",2025-11-18 17:00:00,25.599486,85.113666,5,78.0,155.0,114.0
India,Bihar,Patna,"Rajbansi Nagar, Patna - BSPCB",2025-11-18 17:00:00,25.599486,85.113666,1,1.0,9.0,6.0
India,Bihar,Rajgir,"Dangi Tola, Rajgir - BSPCB",2025-11-18 17:00:00,25.0328,85.41948,5,42.0,253.0,110.0
India,Bihar,Rajgir,"Dangi Tola, Rajgir - BSPCB",2025-11-18 17:00:00,25.0328,85.41948,0,77.0,109.0,96.0
India,Bihar,Muzaffarpur,"Buddha Colony, Muzaffarpur - BSPCB",2025-11-18 17:00:00,26.11442,85.39813,3,28.0,183.0,139.0
India,Delhi,Delhi,"Chandni Chowk, Delhi - IITM",2025-11-18 17:00:00,28.656756,77.227234,6,5.0,30.0,16.0
India,Delhi,Delhi,"Chandni Chowk, Delhi - IITM",2025-11-18 17:00:00,28.656756,77.227234,0,104.0,189.0,111.0
India,Delhi,Delhi,"DTU, Delhi - CPCB",2025-11-18 17:00:00,28.7500499,77.1112615,3,13.0,27.0,19.0
India,Delhi,Delhi,"Dr. Karni Singh Shooting Range, Delhi - DPCC",2025-11-18 17:00:00,28.498571,77.26484,1,8.0,11.0,9.0
India,Delhi,Delhi,"Dr. Karni Singh Shooting Range, Delhi - DPCC",2025-11-18 17:00:00,28.498571,77.26484,3,4.0,145.0,90.0
India,Delhi,Delhi,"Dwarka-Sector 8, Delhi - DPCC ",2025-11-18 17:00:00,28.5710274,77.0719006,5,217.0,417.0,370.0
India,Delhi,Delhi,"Aya Nagar, Delhi - IMD",2025-11-18 17:00:00,28.4706914,77.1099364,2,23.0,100.0,55.0
India,Delhi,Delhi,"Aya Nagar, Delhi - IMD",2025-11-18 17:00:00,28.4706914,77.1099364,0,26.0,136.0,41.0
India,Delhi,Delhi,"Aya Nagar, Delhi - IMD",2025-11-18 17:00:00,28.4706914,77.1099364,3,3.0,182.0,123.0
India,Delhi,Delhi,"Bawana, Delhi - DPCC",2025-11-18 17:00:00,28.7762,77.051074,2,17.0,109.0,64.0
India,Delhi,Delhi,"Burari Crossing, Delhi - IMD",2025-11-18 17:00:00,28.7256504,77.2011573,5,275.0,479.0,389.0
India,Delhi,Delhi,"Chandni Chowk, Delhi - IITM",2025-11-18 17:00:00,28.656756,77.227234,5,303.0,500.0,412.0
India,Chhattisgarh,Raipur,"Krishak Nagar, Raipur - CECB",2025-11-18 17:00:00,21.237755,81.705301,6,6.0,11.0,8.0
India,Chhattisgarh,Raipur,"Krishak Nagar, Raipur - CECB",2025-11-18 17:00:00,21.237755,81.705301,0,22.0,40.0,34.0
India,Chhattisgarh,Tumidih,"OP Jindal Industrial Park, Tumidih - CECB",2025-11-18 17:00:00,22.06631475,83.33820077,5,53.0,126.0,77.0
India,Chhattisgarh,Tumidih,"OP Jindal Industrial Park, Tumidih - CECB",2025-11-18 17:00:00,22.06631475,83.33820077,1,1.0,2.0,1.0
India,Delhi,Delhi,"Alipur, Delhi - DPCC",2025-11-18 17:00:00,28.815329,77.15301,5,301.0,486.0,385.0
India,Chhattisgarh,Bhilai,"Hathkhoj, Bhilai - CECB",2025-11-18 17:00:00,21.224231,81.40835,0,22.0,58.0,32.0
India,Chhattisgarh,Chhal,"Nawapara SECL Colony, Chhal - CECB",2025-11-18 17:00:00,22.118125,83.140608,1,6.0,6.0,6.0
India,Chhattisgarh,Chhal,"Nawapara SECL Colony, Chhal - CECB",2025-11-18 17:00:00,22.118125,83.140608,6,2.0,116.0,21.0
India,Chhattisgarh,Chhal,"Nawapara SECL Colony, Chhal - CECB",2025-11-18 17:00:00,22.118125,83.140608,0,28.0,64.0,33.0
India,Chhattisgarh,Korba,"Rampur, Korba - CECB",2025-11-18 17:00:00,22.368195,82.746431,1,2.0,2.0,2.0
India,Chhattisgarh,Korba,"Rampur, Korba - CECB",2025-11-18 17:00:00,22.368195,82.746431,0,19.0,30.0,21.0
India,Chhattisgarh,Milupara,"Govt. Higher Secondary School, Milupara - CECB",2025-11-18 17:00:00,22.1910172,83.5197009,3,15.0,126.0,102.0
India,Chhattisgarh,Raipur,"AIIMS, Raipur - CECB",2025-11-18 17:00:00,21.258815,81.578979,0,32.0,61.0,49.0
India,Chhattisgarh,Raipur,"Bhatagaon New ISBT, Raipur - CECB",2025-11-18 17:00:00,21.219665,81.630094,0,32.0,88.0,44.0
India,Delhi,Delhi,"Jahangirpuri, Delhi - DPCC",2025-11-18 17:00:00,28.73282,77.170633,0,62.0,175.0,88.0
India,Delhi,Delhi,"Jawaharlal Nehru Stadium, Delhi - DPCC",2025-11-18 17:00:00,28.58028,77.233829,3,2.0,295.0,177.0
India,Delhi,Delhi,"Lodhi Road, Delhi - IMD",2025-11-18 17:00:00,28.5918245,77.2273074,5,2.0,295.0,177.0
India,Chhattisgarh,Kunjemura,"OP Jindal School, Kunjemura - CECB",2025-11-18 17:00:00,22.12665,83.483212,4,36.0,96.0,55.0
India,Chhattisgarh,Kunjemura,"OP Jindal School, Kunjemura - CECB",2025-11-18 17:00:00,22.12665,83.483212,0,4.0,24.0,18.0
India,Chhattisgarh,Milupara,"Govt. Higher Secondary School, Milupara - CECB",2025-11-18 17:00:00,22.1910172,83.5197009,4,50.0,124.0,84.0
India,Delhi,Delhi,"ITO, Delhi - CPCB",2025-11-18 17:00:00,28.628624,77.24106,5,86.0,470.0,371.0
India,Delhi,Delhi,"ITO, Delhi - CPCB",2025-11-18 17:00:00,28.628624,77.24106,4,125.0,439.0,304.0
India,Delhi,Delhi,"ITO, Delhi - CPCB",2025-11-18 17:00:00,28.628624,77.24106,2,17.0,223.0,124.0
India,Delhi,Delhi,"Jahangirpuri, Delhi - DPCC",2025-11-18 17:00:00,28.73282,77.170633,5,312.0,500.0,446.0
India,Delhi,Delhi,"Anand Vihar, Delhi - DPCC",2025-11-18 17:00:00,28.647622,77.315809,5,253.0,500.0,409.0
India,Delhi,Delhi,"Anand Vihar, Delhi - DPCC",2025-11-18 17:00:00,28.647622,77.315809,4,179.0,500.0,403.0
India,Delhi,Delhi,"Ashok Vihar, Delhi - DPCC",2025-11-18 17:00:00,28.695381,77.181665,2,60.0,180.0,115.0
India,Delhi,Delhi,"Sri Aurobindo Marg, Delhi - DPCC",2025-11-18 17:00:00,28.531346,77.190156,6,2.0,18.0,9.0
India,Delhi,Delhi,"Vivek Vihar, Delhi - DPCC",2025-11-18 17:00:00,28.672342,77.31526,5,295.0,500.0,432.0
India,Delhi,Delhi,"Vivek Vihar, Delhi - DPCC",2025-11-18 17:00:00,28.672342,77.31526,4,193.0,500.0,402.0
India,Delhi,Delhi,"Wazirpur, Delhi - DPCC",2025-11-18 17:00:00,28.699793,77.165453,5,307.0,500.0,441.0
India,Gujarat,Ahmedabad,"Chandkheda, Ahmedabad - IITM",2025-11-18 17:00:00,23.107969,72.574648,5,62.0,134.0,95.0
India,Gujarat,Ahmedabad,"Chandkheda, Ahmedabad - IITM",2025-11-18 17:00:00,23.107969,72.574648,4,105.0,172.0,133.0
India,Gujarat,Ahmedabad,"Gyaspur, Ahmedabad - IITM",2025-11-18 17:00:00,22.977134,72.553024,3,23.0,35.0,30.0
India,Gujarat,Ahmedabad,"Maninagar, Ahmedabad - GPCB",2025-11-18 17:00:00,23.002657,72.591912,0,18.0,50.0,38.0
India,Gujarat,Ahmedabad,"Maninagar, Ahmedabad - GPCB",2025-11-18 17:00:00,23.002657,72.591912,3,4.0,49.0,43.0
India,Gujarat,Ahmedabad,"Raikhad, Ahmedabad - IITM",2025-11-18 17:00:00,23.020509,72.579261,4,130.0,220.0,165.0
India,Gujarat,Ahmedabad,"Raikhad, Ahmedabad - IITM",2025-11-18 17:00:00,23.020509,72.579261,2,32.0,178.0,88.0
India,Gujarat,Ahmedabad,"Raikhad, Ahmedabad - IITM",2025-11-18 17:00:00,23.020509,72.579261,6,12.0,22.0,16.0
India,Gujarat,Ahmedabad,"Raikhad, Ahmedabad - IITM",2025-11-18 17:00:00,23.020509,72.579261,3,4.0,109.0,85.0
India,Delhi,Delhi,"Mundka, Delhi - DPCC",2025-11-18 17:00:00,28.684678,77.076574,1,8.0,18.0,15.0
India,Delhi,Delhi,"Mundka, Delhi - DPCC",2025-11-18 17:00:00,28.684678,77.076574,6,8.0,18.0,15.0
India,Delhi,Delhi,"NSIT Dwarka, Delhi - CPCB",2025-11-18 17:00:00,28.60909,77.0325413,4,154.0,261.0,201.0
India,Delhi,Delhi,"NSIT Dwarka, Delhi - CPCB",2025-11-18 17:00:00,28.60909,77.0325413,0,28.0,56.0,37.0
India,Delhi,Delhi,"Najafgarh, Delhi - DPCC",2025-11-18 17:00:00,28.570173,76.933762,5,177.0,387.0,323.0
India,Delhi,Delhi,"Najafgarh, Delhi - DPCC",2025-11-18 17:00:00,28.570173,76.933762,4,142.0,276.0,198.0
India,Gujarat,Ahmedabad,"Rakhial, Ahmedabad - IITM",2025-11-18 17:00:00,23.016834,72.625775,6,17.0,82.0,30.0
India,Gujarat,Ahmedabad,"SAC ISRO Bopal, Ahmedabad - IITM",2025-11-18 17:00:00,23.041137,72.456691,5,91.0,304.0,175.0
India,Gujarat,Ahmedabad,"SAC ISRO Bopal, Ahmedabad - IITM",2025-11-18 17:00:00,23.041137,72.456691,1,2.0,3.0,3.0
India,Gujarat,Ahmedabad,"SAC ISRO Satellite, Ahmedabad - IITM",2025-11-18 17:00:00,23.023389,72.515201,4,83.0,114.0,100.0
India,Gujarat,Ahmedabad,"SAC ISRO Satellite, Ahmedabad - IITM",2025-11-18 17:00:00,23.023389,72.515201,0,42.0,106.0,61.0
India,Delhi,Delhi,"Pusa, Delhi - IMD",2025-11-18 17:00:00,28.63611,77.173332,2,24.0,140.0,84.0
India,Delhi,Delhi,"R K Puram, Delhi - DPCC",2025-11-18 17:00:00,28.563262,77.186937,2,44.0,128.0,89.0
India,Delhi,Delhi,"R K Puram, Delhi - DPCC",2025-11-18 17:00:00,28.563262,77.186937,0,61.0,160.0,88.0
India,Delhi,Delhi,"Rohini, Delhi - DPCC",2025-11-18 17:00:00,28.732528,77.11992,6,2.0,17.0,9.0
India,Delhi,Delhi,"Patparganj, Delhi - DPCC",2025-11-18 17:00:00,28.623763,77.287209,2,56.0,179.0,128.0
India,Delhi,Delhi,"Patparganj, Delhi - DPCC",2025-11-18 17:00:00,28.623763,77.287209,1,8.0,14.0,12.0
India,Delhi,Delhi,"Punjabi Bagh, Delhi - DPCC",2025-11-18 17:00:00,28.674045,77.131023,3,2.0,129.0,78.0
India,Delhi,Delhi,"Major Dhyan Chand National Stadium, Delhi - DPCC",2025-11-18 17:00:00,28.611281,77.237738,1,14.0,22.0,18.0
India,Delhi,Delhi,"Major Dhyan Chand National Stadium, Delhi - DPCC",2025-11-18 17:00:00,28.611281,77.237738,0,14.0,151.0,53.0
India,Delhi,Delhi,"Major Dhyan Chand National Stadium, Delhi - DPCC",2025-11-18 17:00:00,28.611281,77.237738,3,7.0,232.0,125.0
India,Delhi,Delhi,"Shadipur, Delhi - CPCB",2025-11-18 17:00:00,28.6514781,77.1473105,3,6.0,40.0,27.0
India,Delhi,Delhi,"Sirifort, Delhi - CPCB",2025-11-18 17:00:00,28.5504249,77.2159377,2,40.0,60.0,52.0
India,Delhi,Delhi,"Sirifort, Delhi - CPCB",2025-11-18 17:00:00,28.5504249,77.2159377,3,6.0,24.0,15.0
India,Delhi,Delhi,"Nehru Nagar, Delhi - DPCC",2025-11-18 17:00:00,28.56789,77.250515,5,287.0,500.0,411.0
India,Haryana,Fatehabad,"Huda Sector, Fatehabad - HSPCB",2025-11-18 17:00:00,29.503664,75.467934,4,115.0,402.0,163.0
India,Haryana,Fatehabad,"Huda Sector, Fatehabad - HSPCB",2025-11-18 17:00:00,29.503664,75.467934,2,18.0,20.0,19.0
India,Haryana,Gurugram,"NISE Gwal Pahari, Gurugram - IMD",2025-11-18 17:00:00,28.422681,77.148944,3,3.0,91.0,57.0
India,Haryana,Gurugram,"Sector-51, Gurugram - HSPCB",2025-11-18 17:00:00,28.4227,77.0667,5,97.0,500.0,340.0
India,Haryana,Gurugram,"Sector-51, Gurugram - HSPCB",2025-11-18 17:00:00,28.4227,77.0667,6,8.0,42.0,22.0
India,Haryana,Gurugram,"Sector-51, Gurugram - HSPCB",2025-11-18 17:00:00,28.4227,77.0667,3,10.0,310.0,40.0
India,Haryana,Gurugram,"Teri Gram, Gurugram - HSPCB",2025-11-18 17:00:00,28.4275,77.1465,4,100.0,253.0,142.0
India,Haryana,Bahadurgarh,"Arya Nagar, Bahadurgarh - HSPCB",2025-11-18 17:00:00,28.6701,76.9254,2,12.0,14.0,13.0
India,Haryana,Bahadurgarh,"Arya Nagar, Bahadurgarh - HSPCB",2025-11-18 17:00:00,28.6701,76.9254,3,14.0,19.0,17.0
India,Haryana,Ballabgarh,"Nathu Colony, Ballabgarh - HSPCB",2025-11-18 17:00:00,28.3419248,77.319699,5,75.0,145.0,94.0
India,Haryana,Bhiwani,"H.B. Colony, Bhiwani - HSPCB",2025-11-18 17:00:00,28.806223,76.141105,3,6.0,17.0,12.0
India,Haryana,Charkhi Dadri,"Mini Secretariat, Charkhi Dadri - HSPCB",2025-11-18 17:00:00,28.593883,76.270653,1,5.0,8.0,6.0
India,Haryana,Charkhi Dadri,"Mini Secretariat, Charkhi Dadri - HSPCB",2025-11-18 17:00:00,28.593883,76.270653,3,14.0,18.0,15.0
India,Haryana,Faridabad,"Sector 11, Faridabad - HSPCB",2025-11-18 17:00:00,28.376058,77.315741,5,159.0,279.0,214.0
India,Haryana,Faridabad,"Sector 11, Faridabad - HSPCB",2025-11-18 17:00:00,28.376058,77.315741,0,17.0,126.0,34.0
India,Haryana,Faridabad,"Sector 30, Faridabad - HSPCB",2025-11-18 17:00:00,28.4417,77.3217,4,162.0,172.0,166.0
India,Haryana,Faridabad,"Sector 30, Faridabad - HSPCB",2025-11-18 17:00:00,28.4417,77.3217,2,37.0,39.0,38.0
India,Haryana,Faridabad,"Sector 30, Faridabad - HSPCB",2025-11-18 17:00:00,28.4417,77.3217,1,11.0,12.0,11.0
India,Haryana,Kaithal,"Rishi Nagar, Kaithal - HSPCB",2025-11-18 17:00:00,29.8006,76.4155,2,29.0,33.0,31.0
India,Haryana,Kaithal,"Rishi Nagar, Kaithal - HSPCB",2025-11-18 17:00:00,29.8006,76.4155,6,29.0,34.0,31.0
India,Haryana,Karnal,"Sector-12, Karnal - HSPCB",2025-11-18 17:00:00,29.6953,77.0027,0,36.0,57.0,49.0
India,Haryana,Mandikhera,"General Hospital, Mandikhera - HSPCB",2025-11-18 17:00:00,27.9002,76.9938,4,72.0,459.0,194.0
India,Haryana,Mandikhera,"General Hospital, Mandikhera - HSPCB",2025-11-18 17:00:00,27.9002,76.9938,1,13.0,15.0,14.0
India,Haryana,Gurugram,"Vikas Sadan, Gurugram - HSPCB",2025-11-18 17:00:00,28.4501238,77.0263051,4,85.0,208.0,133.0
India,Haryana,Gurugram,"Vikas Sadan, Gurugram - HSPCB",2025-11-18 17:00:00,28.4501238,77.0263051,0,95.0,133.0,111.0
India,Haryana,Hisar,"Urban Estate-II, Hisar - HSPCB",2025-11-18 17:00:00,29.14056,75.744941,4,108.0,287.0,178.0
India,Haryana,Jind,"Police Lines, Jind - HSPCB",2025-11-18 17:00:00,29.307814,76.337619,4,108.0,287.0,178.0
India,Haryana,Jind,"Police Lines, Jind - HSPCB",2025-11-18 17:00:00,29.307814,76.337619,6,108.0,287.0,178.0
India,Gujarat,Gandhinagar,"GIFT City, Gandhinagar - IITM",2025-11-18 17:00:00,23.163798,72.677768,3,108.0,287.0,178.0
India,Gujarat,Gandhinagar,"IIPHG Lekawada, Gandhinagar - IITM",2025-11-18 17:00:00,23.243639,72.68994,6,3.0,9.0,5.0
India,Gujarat,Gandhinagar,"IIPHG Lekawada, Gandhinagar - IITM",2025-11-18 17:00:00,23.243639,72.68994,3,5.0,54.0,41.0
India,Gujarat,Gandhinagar,"Sector-10, Gandhinagar - GPCB",2025-11-18 17:00:00,23.221714,72.654328,5,50.0,140.0,87.0
India,Gujarat,Gandhinagar,"Sector-10, Gandhinagar - GPCB",2025-11-18 17:00:00,23.221714,72.654328,1,2.0,3.0,2.0
India,Gujarat,Ahmedabad,"SVPI Airport Hansol, Ahmedabad - IITM",2025-11-18 17:00:00,23.076793,72.627874,2,29.0,70.0,48.0
India,Gujarat,Ahmedabad,"SVPI Airport Hansol, Ahmedabad - IITM",2025-11-18 17:00:00,23.076793,72.627874,1,3.0,7.0,5.0
India,Gujarat,Ankleshwar,"GIDC, Ankleshwar - GPCB",2025-11-18 17:00:00,21.613267,73.010555,4,3.0,7.0,5.0
India,Gujarat,Ankleshwar,"GIDC, Ankleshwar - GPCB",2025-11-18 17:00:00,21.613267,73.010555,6,3.0,7.0,5.0
India,Gujarat,Vapi,"Phase-1 GIDC, Vapi - GPCB",2025-11-18 17:00:00,20.362421,72.918013,6,3.0,7.0,5.0
India,Gujarat,Vatva,"Phase-4 GIDC, Vatva - GPCB",2025-11-18 17:00:00,22.969611,72.6435,6,22.0,29.0,25.0
India,Haryana,Ambala,"Patti Mehar, Ambala - HSPCB",2025-11-18 17:00:00,30.379589,76.778328,4,83.0,407.0,162.0
India,Haryana,Manesar,"Sector-2 IMT, Manesar - HSPCB",2025-11-18 17:00:00,28.360699,76.93609,0,28.0,96.0,39.0
India,Haryana,Palwal,"Shyam Nagar, Palwal - HSPCB",2025-11-18 17:00:00,28.1485564,77.3320667,4,83.0,146.0,116.0
India,Haryana,Yamuna Nagar,"Gobind Pura, Yamuna Nagar - HSPCB",2025-11-18 17:00:00,30.1480566,77.2893471,0,36.0,101.0,63.0
India,Himachal Pradesh,Baddi,"HIMUDA Complex Phase-1, Baddi - HPPCB",2025-11-18 17:00:00,30.943887,76.801991,2,13.0,121.0,45.0
India,Himachal Pradesh,Baddi,"HIMUDA Complex Phase-1, Baddi - HPPCB",2025-11-18 17:00:00,30.943887,76.801991,0,43.0,101.0,59.0
India,Himachal Pradesh,Baddi,"HIMUDA Complex Phase-1, Baddi - HPPCB",2025-11-18 17:00:00,30.943887,76.801991,3,23.0,159.0,114.0
India,Jammu_and_Kashmir,Srinagar,"Rajbagh, Srinagar - JKSPCB",2025-11-18 17:00:00,34.066206,74.81982,6,3.0,4.0,3.0
India,Jharkhand,Dhanbad,"Sardar Patel Nagar, Dhanbad - JSPCB",2025-11-18 17:00:00,23.80569,86.44268,0,2.0,68.0,26.0
India,Jharkhand,Jorapokhar,"Tata Stadium, Jorapokhar - JSPCB",2025-11-18 17:00:00,23.707909,86.41467,4,2.0,68.0,26.0
India,Jharkhand,Jorapokhar,"Tata Stadium, Jorapokhar - JSPCB",2025-11-18 17:00:00,23.707909,86.41467,6,2.0,68.0,26.0
India,Jharkhand,Jorapokhar,"Tata Stadium, Jorapokhar - JSPCB",2025-11-18 17:00:00,23.707909,86.41467,3,2.0,4.0,3.0
India,Haryana,Panchgaon,"Amity University, Panchgaon - IITM",2025-11-18 17:00:00,28.3153,76.9143,4,61.0,160.0,95.0
India,Haryana,Panchgaon,"Amity University, Panchgaon - IITM",2025-11-18 17:00:00,28.3153,76.9143,2,36.0,114.0,64.0
India,Haryana,Panchgaon,"Amity University, Panchgaon - IITM",2025-11-18 17:00:00,28.3153,76.9143,0,2.0,48.0,10.0
India,Haryana,Panchgaon,"Amity University, Panchgaon - IITM",2025-11-18 17:00:00,28.3153,76.9143,3,1.0,104.0,71.0
India,Haryana,Panipat,"Sector-18, Panipat - HSPCB",2025-11-18 17:00:00,29.432304,76.972765,4,63.0,488.0,137.0
India,Haryana,Panipat,"Sector-18, Panipat - HSPCB",2025-11-18 17:00:00,29.432304,76.972765,6,18.0,19.0,19.0
India,Haryana,Panipat,"Sector-18, Panipat - HSPCB",2025-11-18 17:00:00,29.432304,76.972765,0,24.0,26.0,25.0
India,Karnataka,Bagalkot,"Vidayagiri, Bagalkot - KSPCB",2025-11-18 17:00:00,16.172806,75.659694,2,11.0,12.0,12.0
India,Karnataka,Bagalkot,"Vidayagiri, Bagalkot - KSPCB",2025-11-18 17:00:00,16.172806,75.659694,1,1.0,2.0,1.0
India,Karnataka,Belgaum,"Ramteerth Nagar, Belgaum - KSPCB",2025-11-18 17:00:00,15.888653,74.541751,2,43.0,120.0,69.0
India,Karnataka,Bengaluru,"BWSSB Kadabesanahalli, Bengaluru - CPCB",2025-11-18 17:00:00,12.9352049,77.6814488,4,215.0,215.0,215.0
India,Karnataka,Bengaluru,"BWSSB Kadabesanahalli, Bengaluru - CPCB",2025-11-18 17:00:00,12.9352049,77.6814488,1,4.0,5.0,5.0
India,Karnataka,Bengaluru,"BWSSB Kadabesanahalli, Bengaluru - CPCB",2025-11-18 17:00:00,12.9352049,77.6814488,0,8.0,52.0,52.0
India,Karnataka,Bengaluru,"RVCE-Mailasandra, Bengaluru - KSPCB",2025-11-18 17:00:00,12.921418,77.502466,1,3.0,3.0,3.0
India,Karnataka,Bengaluru,"RVCE-Mailasandra, Bengaluru - KSPCB",2025-11-18 17:00:00,12.921418,77.502466,0,32.0,44.0,38.0
India,Karnataka,Bengaluru,"RVCE-Mailasandra, Bengaluru - KSPCB",2025-11-18 17:00:00,12.921418,77.502466,3,16.0,16.0,16.0
India,Karnataka,Bengaluru,"Sanegurava Halli, Bengaluru - KSPCB",2025-11-18 17:00:00,12.990328,77.5431385,4,51.0,54.0,51.0
India,Karnataka,Bengaluru,"Sanegurava Halli, Bengaluru - KSPCB",2025-11-18 17:00:00,12.990328,77.5431385,0,21.0,37.0,27.0
India,Karnataka,Bengaluru,"Shivapura_Peenya, Bengaluru - KSPCB",2025-11-18 17:00:00,13.0246342,77.5080115,5,20.0,321.0,95.0
India,Haryana,Rohtak,"MD University, Rohtak - HSPCB",2025-11-18 17:00:00,28.52123,76.37138,6,3.0,6.0,5.0
India,Haryana,Rohtak,"MD University, Rohtak - HSPCB",2025-11-18 17:00:00,28.52123,76.37138,0,12.0,112.0,37.0
India,Haryana,Sirsa,"F-Block, Sirsa - HSPCB",2025-11-18 17:00:00,29.5364,75.0158,2,11.0,25.0,17.0
India,Haryana,Sonipat,"Murthal, Sonipat - HSPCB",2025-11-18 17:00:00,29.0272,77.0621,4,144.0,331.0,231.0
India,Karnataka,Bengaluru,"Silk Board, Bengaluru - KSPCB",2025-11-18 17:00:00,12.917348,77.622813,3,12.0,16.0,13.0
India,Karnataka,Chikkamagaluru,"Kalyana Nagara, Chikkamagaluru - KSPCB",2025-11-18 17:00:00,13.328028,75.797056,0,11.0,152.0,65.0
India,Karnataka,Davanagere,"Devaraj Urs Badavane, Davanagere - KSPCB",2025-11-18 17:00:00,14.4758,75.9052,0,34.0,44.0,44.0
India,Karnataka,Davanagere,"Devaraj Urs Badavane, Davanagere - KSPCB",2025-11-18 17:00:00,14.4758,75.9052,3,19.0,20.0,20.0
India,Karnataka,Bengaluru,"Hebbal, Bengaluru - KSPCB",2025-11-18 17:00:00,13.029152,77.585901,5,41.0,120.0,81.0
India,Karnataka,Bengaluru,"Hombegowda Nagar, Bengaluru - KSPCB",2025-11-18 17:00:00,12.938539,77.5901,1,3.0,3.0,3.0
India,Karnataka,Bengaluru,"Hombegowda Nagar, Bengaluru - KSPCB",2025-11-18 17:00:00,12.938539,77.5901,6,8.0,14.0,11.0
India,Karnataka,Bengaluru,"Jigani, Bengaluru - KSPCB",2025-11-18 17:00:00,12.7816279,77.6299145,5,40.0,42.0,41.0
India,Karnataka,Bengaluru,"Jigani, Bengaluru - KSPCB",2025-11-18 17:00:00,12.7816279,77.6299145,4,40.0,42.0,41.0
India,Karnataka,Bengaluru,"Jigani, Bengaluru - KSPCB",2025-11-18 17:00:00,12.7816279,77.6299145,0,38.0,39.0,38.0
India,Karnataka,Bengaluru,"Kasturi Nagar, Bengaluru - KSPCB",2025-11-18 17:00:00,13.003872,77.664217,1,2.0,3.0,2.0
India,Karnataka,Bengaluru,"Peenya, Bengaluru - CPCB",2025-11-18 17:00:00,13.0270199,77.494094,0,22.0,57.0,34.0
India,Haryana,Palwal,"Shyam Nagar, Palwal - HSPCB",2025-11-18 17:00:00,28.1485564,77.3320667,6,12.0,13.0,13.0
India,Madhya Pradesh,Damoh,"Shrivastav Colony, Damoh - MPPCB",2025-11-18 17:00:00,23.81748678,79.446246,6,26.0,27.0,26.0
India,Madhya Pradesh,Dewas,"Bhopal Chauraha, Dewas - MPPCB",2025-11-18 17:00:00,22.9682591,76.064118,5,100.0,309.0,193.0
India,Madhya Pradesh,Dewas,"Bhopal Chauraha, Dewas - MPPCB",2025-11-18 17:00:00,22.9682591,76.064118,4,118.0,295.0,157.0
India,Madhya Pradesh,Dewas,"Bhopal Chauraha, Dewas - MPPCB",2025-11-18 17:00:00,22.9682591,76.064118,6,15.0,71.0,42.0
India,Madhya Pradesh,Gwalior,"City Center, Gwalior - MPPCB",2025-11-18 17:00:00,26.203442,78.193251,0,16.0,119.0,35.0
India,Madhya Pradesh,Gwalior,"City Center, Gwalior - MPPCB",2025-11-18 17:00:00,26.203442,78.193251,3,26.0,91.0,69.0
India,Madhya Pradesh,Gwalior,"Deen Dayal Nagar, Gwalior - MPPCB",2025-11-18 17:00:00,26.259242,78.216432,5,95.0,386.0,222.0
India,Madhya Pradesh,Gwalior,"Deen Dayal Nagar, Gwalior - MPPCB",2025-11-18 17:00:00,26.259242,78.216432,1,7.0,11.0,9.0
India,Kerala,Kollam,"Polayathode, Kollam - Kerala PCB",2025-11-18 17:00:00,8.8787,76.6073,2,9.0,9.0,9.0
India,Kerala,Kollam,"Polayathode, Kollam - Kerala PCB",2025-11-18 17:00:00,8.8787,76.6073,1,1.0,1.0,1.0
India,Kerala,Thiruvananthapuram,"Kariavattom, Thiruvananthapuram - Kerala PCB",2025-11-18 17:00:00,8.5637,76.8865,5,25.0,41.0,36.0
India,Kerala,Thiruvananthapuram,"Kariavattom, Thiruvananthapuram - Kerala PCB",2025-11-18 17:00:00,8.5637,76.8865,3,36.0,36.0,36.0
India,Kerala,Thiruvananthapuram,"Plammoodu, Thiruvananthapuram - Kerala PCB",2025-11-18 17:00:00,8.5149093,76.9435879,6,1.0,25.0,15.0
India,Kerala,Thiruvananthapuram,"Plammoodu, Thiruvananthapuram - Kerala PCB",2025-11-18 17:00:00,8.5149093,76.9435879,3,6.0,22.0,17.0
India,Karnataka,Shivamogga,"Vinoba Nagara, Shivamogga - KSPCB",2025-11-18 17:00:00,13.94,75.555917,0,12.0,35.0,30.0
India,Karnataka,Tumakuru,"Thimmalapura, Tumakuru - KSPCB",2025-11-18 17:00:00,13.377516,77.099072,5,12.0,35.0,30.0
India,Karnataka,Tumakuru,"Thimmalapura, Tumakuru - KSPCB",2025-11-18 17:00:00,13.377516,77.099072,2,12.0,35.0,30.0
India,Karnataka,Udupi,"Brahmagiri, Udupi - KSPCB",2025-11-18 17:00:00,13.34194444,74.74694444,1,1.0,2.0,1.0
India,Karnataka,Vijayapura,"Ibrahimpur, Vijayapura - KSPCB",2025-11-18 17:00:00,16.802639,75.722694,5,26.0,31.0,30.0
India,Karnataka,Gadag,"Panchal Nagar, Gadag - KSPCB",2025-11-18 17:00:00,15.411456,75.638133,0,10.0,20.0,14.0
India,Karnataka,Gadag,"Panchal Nagar, Gadag - KSPCB",2025-11-18 17:00:00,15.411456,75.638133,3,18.0,58.0,28.0
India,Karnataka,Hubballi,"Lingaraj Nagar, Hubballi - KSPCB",2025-11-18 17:00:00,15.3714823,75.1160168,4,57.0,84.0,60.0
India,Karnataka,Hubballi,"Lingaraj Nagar, Hubballi - KSPCB",2025-11-18 17:00:00,15.3714823,75.1160168,1,2.0,3.0,2.0
India,Karnataka,Kalaburagi,"Lal Bahadur Shastri Nagar, Kalaburagi - KSPCB",2025-11-18 17:00:00,17.321993,76.822628,6,61.0,69.0,62.0
India,Karnataka,Kalaburagi,"Mahatma Basaveswar Colony, Kalaburgi - KSPCB",2025-11-18 17:00:00,17.336318,76.847397,6,2.0,15.0,4.0
India,Karnataka,Koppal,"Diwator Nagar, Koppal - KSPCB",2025-11-18 17:00:00,15.34763,76.181767,5,29.0,54.0,42.0
India,Karnataka,Koppal,"Diwator Nagar, Koppal - KSPCB",2025-11-18 17:00:00,15.34763,76.181767,4,38.0,66.0,55.0
India,Karnataka,Mangalore,"Kadri, Mangalore - KSPCB",2025-11-18 17:00:00,12.88925,74.853,5,54.0,123.0,80.0
India,Karnataka,Yadgir,"Collector Office, Yadgir - KSPCB",2025-11-18 17:00:00,16.7602,77.1428,6,8.0,16.0,13.0
India,Karnataka,Yadgir,"Collector Office, Yadgir - KSPCB",2025-11-18 17:00:00,16.7602,77.1428,0,16.0,26.0,19.0
India,Kerala,Eloor,"Udyogamandal, Eloor - Kerala PCB",2025-11-18 17:00:00,10.073232,76.302765,2,6.0,8.0,7.0
India,Madhya Pradesh,Bhopal,"Idgah Hills, Bhopal - MPPCB",2025-11-18 17:00:00,23.264759,77.381568,3,31.0,133.0,121.0
India,Madhya Pradesh,Bhopal,"T T Nagar, Bhopal - MPPCB",2025-11-18 17:00:00,23.233584,77.400574,5,129.0,364.0,253.0
India,Madhya Pradesh,Bhopal,"T T Nagar, Bhopal - MPPCB",2025-11-18 17:00:00,23.233584,77.400574,1,5.0,6.0,6.0
India,Karnataka,Mysuru,"Hebbal 1st Stage, Mysuru - KSPCB",2025-11-18 17:00:00,12.21041,76.37376,5,17.0,54.0,35.0
India,Karnataka,Mysuru,"Hebbal 1st Stage, Mysuru - KSPCB",2025-11-18 17:00:00,12.21041,76.37376,2,11.0,40.0,22.0
India,Karnataka,Mysuru,"Hebbal 1st Stage, Mysuru - KSPCB",2025-11-18 17:00:00,12.21041,76.37376,6,1.0,7.0,4.0
India,Karnataka,Mysuru,"Hebbal 1st Stage, Mysuru - KSPCB",2025-11-18 17:00:00,12.21041,76.37376,0,10.0,40.0,24.0
India,Kerala,Kollam,"Polayathode, Kollam - Kerala PCB",2025-11-18 17:00:00,8.8787,76.6073,5,14.0,19.0,17.0
India,Madhya Pradesh,Jabalpur,"Govindh Bhavan Colony, Jabalpur - JMC",2025-11-18 17:00:00,23.163174,79.973061,3,9.0,88.0,64.0
India,Madhya Pradesh,Jabalpur,"Gupteshwar, Jabalpur - JMC",2025-11-18 17:00:00,23.142888,79.916147,6,6.0,8.0,7.0
India,Madhya Pradesh,Jabalpur,"Gupteshwar, Jabalpur - JMC",2025-11-18 17:00:00,23.142888,79.916147,0,52.0,134.0,62.0
India,Madhya Pradesh,Jabalpur,"Marhatal, Jabalpur - MPPCB",2025-11-18 17:00:00,23.168606,79.932247,5,97.0,393.0,236.0
India,Madhya Pradesh,Jabalpur,"Marhatal, Jabalpur - MPPCB",2025-11-18 17:00:00,23.168606,79.932247,1,5.0,8.0,6.0
India,Madhya Pradesh,Jabalpur,"Marhatal, Jabalpur - MPPCB",2025-11-18 17:00:00,23.168606,79.932247,0,26.0,116.0,35.0
India,Madhya Pradesh,Jabalpur,"Marhatal, Jabalpur - MPPCB",2025-11-18 17:00:00,23.168606,79.932247,3,3.0,116.0,84.0
India,Madhya Pradesh,Jabalpur,"Suhagi, Jabalpur - JMC",2025-11-18 17:00:00,23.218135,79.95777,1,1.0,5.0,4.0
India,Madhya Pradesh,Jabalpur,"Suhagi, Jabalpur - JMC",2025-11-18 17:00:00,23.218135,79.95777,6,5.0,7.0,6.0
India,Madhya Pradesh,Maihar,"Sahilara, Maihar - KJS Cements",2025-11-18 17:00:00,24.2613009,80.7231783,4,69.0,118.0,92.0
India,Madhya Pradesh,Mandideep,"Sector-D Industrial Area, Mandideep - MPPCB",2025-11-18 17:00:00,23.10844,77.511428,5,92.0,500.0,352.0
India,Madhya Pradesh,Mandideep,"Sector-D Industrial Area, Mandideep - MPPCB",2025-11-18 17:00:00,23.10844,77.511428,2,15.0,217.0,104.0
India,Madhya Pradesh,Mandideep,"Sector-D Industrial Area, Mandideep - MPPCB",2025-11-18 17:00:00,23.10844,77.511428,6,10.0,117.0,73.0
India,Madhya Pradesh,Pithampur,"Sector-2 Industrial Area, Pithampur - MPPCB",2025-11-18 17:00:00,22.624758,75.675238,5,133.0,355.0,278.0
India,Madhya Pradesh,Pithampur,"Sector-2 Industrial Area, Pithampur - MPPCB",2025-11-18 17:00:00,22.624758,75.675238,2,21.0,59.0,36.0
India,Madhya Pradesh,Pithampur,"Sector-2 Industrial Area, Pithampur - MPPCB",2025-11-18 17:00:00,22.624758,75.675238,0,24.0,68.0,33.0
India,Madhya Pradesh,Sagar,"Civil Lines, Sagar - MPPCB",2025-11-18 17:00:00,23.838586,78.759431,1,1.0,4.0,2.0
India,Madhya Pradesh,Sagar,"Civil Lines, Sagar - MPPCB",2025-11-18 17:00:00,23.838586,78.759431,3,51.0,94.0,64.0
India,Madhya Pradesh,Sagar,"Deen Dayal Nagar, Sagar - MPPCB",2025-11-18 17:00:00,23.8640158,78.80289321,2,8.0,112.0,57.0
India,Madhya Pradesh,Satna,"Bandhavgar Colony, Satna - Birla Cement",2025-11-18 17:00:00,24.58434363,80.8549414,4,63.0,65.0,64.0
India,Madhya Pradesh,Singrauli,"Suryakiran Bhawan NCL, Singrauli - MPPCB",2025-11-18 17:00:00,24.10897,82.64558,6,29.0,76.0,39.0
India,Maharashtra,Ahmednagar,"Tarakpur, Ahmednagar - MPCB",2025-11-18 17:00:00,19.10122,74.73339,4,56.0,156.0,100.0
India,Maharashtra,Ahmednagar,"Tarakpur, Ahmednagar - MPCB",2025-11-18 17:00:00,19.10122,74.73339,1,4.0,7.0,5.0
India,Maharashtra,Ahmednagar,"Tarakpur, Ahmednagar - MPCB",2025-11-18 17:00:00,19.10122,74.73339,3,5.0,146.0,102.0
India,Maharashtra,Akola,"Ramdaspeth, Akola - MPCB",2025-11-18 17:00:00,20.719516,77.000253,0,17.0,105.0,19.0
India,Maharashtra,Aurangabad,"More Chowk Waluj, Aurangabad - MPCB",2025-11-18 17:00:00,19.8389439,75.244448,5,69.0,240.0,148.0
India,Maharashtra,Aurangabad,"More Chowk Waluj, Aurangabad - MPCB",2025-11-18 17:00:00,19.8389439,75.244448,2,15.0,24.0,19.0
India,Maharashtra,Aurangabad,"Rachnakar Colony, Aurangabad - MPCB",2025-11-18 17:00:00,19.863756,75.321188,4,51.0,205.0,129.0
India,Maharashtra,Aurangabad,"Rachnakar Colony, Aurangabad - MPCB",2025-11-18 17:00:00,19.863756,75.321188,6,11.0,30.0,18.0
India,Maharashtra,Badlapur,"Katrap, Badlapur - MPCB",2025-11-18 17:00:00,19.16485,73.23409,1,4.0,8.0,5.0
India,Madhya Pradesh,Indore,"Maguda Nagar, Indore - IMC",2025-11-18 17:00:00,22.7524,75.8872,2,2.0,2.0,2.0
India,Madhya Pradesh,Indore,"Regional Park, Indore - IMC",2025-11-18 17:00:00,22.678,75.8559,3,11.0,23.0,16.0
India,Madhya Pradesh,Indore,"Residency Area, Indore - IMC",2025-11-18 17:00:00,22.7084,75.8815,4,55.0,252.0,105.0
India,Madhya Pradesh,Jabalpur,"Govindh Bhavan Colony, Jabalpur - JMC",2025-11-18 17:00:00,23.163174,79.973061,2,18.0,29.0,23.0
India,Madhya Pradesh,Gwalior,"Maharaj Bada, Gwalior - MPPCB",2025-11-18 17:00:00,26.200388,78.147714,3,3.0,143.0,115.0
India,Madhya Pradesh,Indore,"Airport Area, Indore - IMC",2025-11-18 17:00:00,22.7289,75.8076,2,1.0,2.0,2.0
India,Madhya Pradesh,Indore,"Airport Area, Indore - IMC",2025-11-18 17:00:00,22.7289,75.8076,0,6.0,10.0,6.0
India,Madhya Pradesh,Indore,"Chhoti Gwaltoli, Indore - MPPCB",2025-11-18 17:00:00,22.431,75.5213,3,3.0,99.0,86.0
India,Maharashtra,Amravati,"Shivneri Colony, Amravati - MPCB",2025-11-18 17:00:00,20.9402359,77.7895248,3,21.0,140.0,119.0
India,Madhya Pradesh,Maihar,"Sahilara, Maihar - KJS Cements",2025-11-18 17:00:00,24.2613009,80.7231783,5,7.0,77.0,41.0
India,Maharashtra,Belapur,"CBD Belapur, Belapur - MPCB",2025-11-18 17:00:00,19.0243902,73.0406721,5,1.0,235.0,134.0
India,Maharashtra,Belapur,"CBD Belapur, Belapur - MPCB",2025-11-18 17:00:00,19.0243902,73.0406721,2,18.0,23.0,21.0
India,Maharashtra,Bhiwandi,"Gokul Nagar, Bhiwandi - MPCB",2025-11-18 17:00:00,19.309073,73.057223,3,13.0,127.0,71.0
India,Maharashtra,Boisar,"Khaira, Boisar - MPCB",2025-11-18 17:00:00,19.786089,72.757971,5,83.0,157.0,114.0
India,Maharashtra,Boisar,"Khaira, Boisar - MPCB",2025-11-18 17:00:00,19.786089,72.757971,4,65.0,148.0,99.0
India,Maharashtra,Boisar,"Khaira, Boisar - MPCB",2025-11-18 17:00:00,19.786089,72.757971,2,27.0,99.0,52.0
India,Maharashtra,Mahad,"Kamble Tarf Birwadi, Mahad - MPCB",2025-11-18 17:00:00,18.1023399,73.4783687,1,3.0,5.0,3.0
India,Maharashtra,Malegaon,"Mahesh Nagar, Malegaon - MPCB",2025-11-18 17:00:00,20.555712,74.529236,4,46.0,218.0,131.0
India,Maharashtra,Malegaon,"Mahesh Nagar, Malegaon - MPCB",2025-11-18 17:00:00,20.555712,74.529236,0,41.0,51.0,45.0
India,Maharashtra,Mira-Bhayandar,"Bhayandar West, Mira-Bhayandar - MPCB",2025-11-18 17:00:00,19.296481,72.840923,5,76.0,184.0,113.0
India,Maharashtra,Mumbai,"Chakala-Andheri East, Mumbai - IITM",2025-11-18 17:00:00,19.11074,72.86084,0,5.0,57.0,33.0
India,Maharashtra,Mumbai,"Chembur, Mumbai - MPCB",2025-11-18 17:00:00,19.0364585,72.8954371,2,5.0,57.0,33.0
India,Maharashtra,Mumbai,"Chembur, Mumbai - MPCB",2025-11-18 17:00:00,19.0364585,72.8954371,3,14.0,164.0,125.0
India,Maharashtra,Mumbai,"Chhatrapati Shivaji Intl. Airport (T2), Mumbai - MPCB",2025-11-18 17:00:00,19.10078,72.87462,6,20.0,21.0,21.0
India,Maharashtra,Mumbai,"Borivali East, Mumbai - MPCB",2025-11-18 17:00:00,19.2243333,72.8658113,0,5.0,8.0,7.0
India,Maharashtra,Mumbai,"Byculla, Mumbai - BMC",2025-11-18 17:00:00,18.9767,72.838,6,17.0,28.0,21.0
India,Maharashtra,Mumbai,"Chakala-Andheri East, Mumbai - IITM",2025-11-18 17:00:00,19.11074,72.86084,1,6.0,18.0,11.0
India,Maharashtra,Mumbai,"Chakala-Andheri East, Mumbai - IITM",2025-11-18 17:00:00,19.11074,72.86084,6,1.0,29.0,11.0
India,Maharashtra,Dhule,"Deopur, Dhule - MPCB",2025-11-18 17:00:00,20.918946,74.776388,4,38.0,197.0,133.0
India,Maharashtra,Dhule,"Deopur, Dhule - MPCB",2025-11-18 17:00:00,20.918946,74.776388,0,18.0,110.0,24.0
India,Maharashtra,Jalna,"Old MIDC, Jalna - MPCB",2025-11-18 17:00:00,19.854616,75.905894,1,3.0,5.0,4.0
India,Maharashtra,Jalna,"Old MIDC, Jalna - MPCB",2025-11-18 17:00:00,19.854616,75.905894,6,5.0,21.0,9.0
India,Maharashtra,Mira-Bhayandar,"Bhayandar West, Mira-Bhayandar - MPCB",2025-11-18 17:00:00,19.296481,72.840923,6,1.0,5.0,3.0
India,Maharashtra,Mumbai,"Borivali East, Mumbai - IITM",2025-11-18 17:00:00,19.23241,72.86895,3,18.0,186.0,152.0
India,Maharashtra,Kolhapur,"Sinchan Bhavan, Kolhapur - MPCB",2025-11-18 17:00:00,16.7143745,74.2426398,4,74.0,201.0,126.0
India,Maharashtra,Latur,"Sawe Wadi, Latur - MPCB",2025-11-18 17:00:00,18.39963,76.57452,2,13.0,53.0,27.0
India,Maharashtra,Chandrapur,"MIDC Khutala, Chandrapur - MPCB",2025-11-18 17:00:00,19.9775302,79.2337086,4,153.0,165.0,158.0
India,Maharashtra,Dhule,"Deopur, Dhule - MPCB",2025-11-18 17:00:00,20.918946,74.776388,5,79.0,181.0,116.0
India,Maharashtra,Kolhapur,"Shivaji University, Kolhapur - MPCB",2025-11-18 17:00:00,16.6870449,74.2505872,2,17.0,137.0,53.0
India,Maharashtra,Mumbai,"Ghatkopar, Mumbai - BMC",2025-11-18 17:00:00,19.083694,72.920967,0,24.0,47.0,30.0
India,Maharashtra,Mumbai,"Ghatkopar, Mumbai - BMC",2025-11-18 17:00:00,19.083694,72.920967,3,1.0,184.0,122.0
India,Maharashtra,Mumbai,"Kandivali East, Mumbai - MPCB",2025-11-18 17:00:00,19.2058,72.8682,5,84.0,343.0,167.0
India,Maharashtra,Mumbai,"Kandivali West, Mumbai - BMC",2025-11-18 17:00:00,19.215859,72.831718,4,70.0,113.0,91.0
India,Maharashtra,Mumbai,"Kandivali West, Mumbai - BMC",2025-11-18 17:00:00,19.215859,72.831718,2,11.0,51.0,20.0
India,Maharashtra,Mumbai,"Kandivali West, Mumbai - BMC",2025-11-18 17:00:00,19.215859,72.831718,3,6.0,87.0,75.0
India,Maharashtra,Nashik,"Pandav Nagari, Nashik - MPCB",2025-11-18 17:00:00,19.9591346,73.7788008,5,89.0,222.0,149.0
India,Maharashtra,Navi Mumbai,"Kopripada-Vashi, Navi Mumbai - MPCB",2025-11-18 17:00:00,19.090337,73.014232,5,59.0,305.0,143.0
India,Maharashtra,Navi Mumbai,"Kopripada-Vashi, Navi Mumbai - MPCB",2025-11-18 17:00:00,19.090337,73.014232,1,2.0,9.0,6.0
India,Maharashtra,Navi Mumbai,"Mahape, Navi Mumbai - MPCB",2025-11-18 17:00:00,19.1135051,73.008978,1,3.0,3.0,3.0
India,Maharashtra,Navi Mumbai,"Mahape, Navi Mumbai - MPCB",2025-11-18 17:00:00,19.1135051,73.008978,0,16.0,20.0,19.0
India,Maharashtra,Mumbai,"Sion, Mumbai - MPCB",2025-11-18 17:00:00,19.047,72.8746,3,6.0,13.0,7.0
India,Maharashtra,Mumbai,"Vile Parle West, Mumbai - MPCB",2025-11-18 17:00:00,19.10861,72.83622,5,53.0,99.0,77.0
India,Maharashtra,Mumbai,"Vile Parle West, Mumbai - MPCB",2025-11-18 17:00:00,19.10861,72.83622,6,11.0,59.0,43.0
India,Maharashtra,Mumbai,"Worli, Mumbai - MPCB",2025-11-18 17:00:00,18.9936162,72.8128113,5,69.0,75.0,71.0
India,Maharashtra,Mumbai,"Worli, Mumbai - MPCB",2025-11-18 17:00:00,18.9936162,72.8128113,6,18.0,26.0,21.0
India,Maharashtra,Mumbai,"Worli, Mumbai - MPCB",2025-11-18 17:00:00,18.9936162,72.8128113,0,6.0,22.0,15.0
India,Maharashtra,Mumbai,"Navy Nagar-Colaba, Mumbai - IITM",2025-11-18 17:00:00,18.897756,72.81332,1,2.0,5.0,3.0
India,Maharashtra,Mumbai,"Powai, Mumbai - MPCB",2025-11-18 17:00:00,19.1375,72.915056,4,126.0,182.0,152.0
India,Maharashtra,Mumbai,"Powai, Mumbai - MPCB",2025-11-18 17:00:00,19.1375,72.915056,1,1.0,2.0,2.0
India,Maharashtra,Mumbai,"Sewri, Mumbai - BMC",2025-11-18 17:00:00,19.000084,72.85673,4,44.0,145.0,67.0
India,Maharashtra,Mumbai,"Sewri, Mumbai - BMC",2025-11-18 17:00:00,19.000084,72.85673,1,7.0,30.0,18.0
India,Maharashtra,Mumbai,"Sewri, Mumbai - BMC",2025-11-18 17:00:00,19.000084,72.85673,3,95.0,228.0,153.0
India,Maharashtra,Mumbai,"Shivaji Nagar, Mumbai - BMC",2025-11-18 17:00:00,19.060498,72.923356,6,12.0,24.0,17.0
India,Maharashtra,Mumbai,"Shivaji Nagar, Mumbai - BMC",2025-11-18 17:00:00,19.060498,72.923356,3,12.0,165.0,114.0
India,Maharashtra,Mumbai,"Sion, Mumbai - MPCB",2025-11-18 17:00:00,19.047,72.8746,2,7.0,8.0,8.0
India,Maharashtra,Mumbai,"Mazgaon, Mumbai - IITM",2025-11-18 17:00:00,18.96702,72.84214,3,22.0,249.0,249.0
India,Maharashtra,Mumbai,"Mindspace-Malad West, Mumbai - MPCB",2025-11-18 17:00:00,19.1878657,72.8304069,0,38.0,100.0,41.0
India,Maharashtra,Mumbai,"Mulund West, Mumbai - MPCB",2025-11-18 17:00:00,19.175,72.9419,4,38.0,100.0,41.0
India,Maharashtra,Nagpur,"Mahal, Nagpur - MPCB",2025-11-18 17:00:00,21.14472,79.107595,3,4.0,66.0,50.0
India,Maharashtra,Nagpur,"Opp GPO Civil Lines, Nagpur - MPCB",2025-11-18 17:00:00,21.152875,79.0517531,6,5.0,66.0,16.0
India,Maharashtra,Nanded,"Sneh Nagar, Nanded - MPCB",2025-11-18 17:00:00,19.173852,77.296291,3,8.0,105.0,89.0
India,Maharashtra,Nashik,"Hirawadi, Nashik - MPCB",2025-11-18 17:00:00,20.021503,73.813844,2,9.0,45.0,16.0
India,Maharashtra,Mumbai,"Colaba, Mumbai - MPCB",2025-11-18 17:00:00,18.91,72.82,0,26.0,29.0,27.0
India,Maharashtra,Mumbai,"Ghatkopar, Mumbai - BMC",2025-11-18 17:00:00,19.083694,72.920967,1,1.0,3.0,1.0
India,Maharashtra,Solapur,"Ratandeep Housing Society, Solapur - MPCB",2025-11-18 17:00:00,17.65439,75.90649,1,2.0,16.0,5.0
India,Maharashtra,Solapur,"Ratandeep Housing Society, Solapur - MPCB",2025-11-18 17:00:00,17.65439,75.90649,6,1.0,21.0,8.0
India,Maharashtra,Thane,"Kasarvadavali, Thane - MPCB",2025-11-18 17:00:00,19.26777,72.97182,6,2.0,13.0,5.0
India,Maharashtra,Thane,"Kasarvadavali, Thane - MPCB",2025-11-18 17:00:00,19.26777,72.97182,0,12.0,46.0,21.0
India,Maharashtra,Thane,"Upvan Fort, Thane - MPCB",2025-11-18 17:00:00,19.222279,72.957979,3,41.0,97.0,85.0
India,Maharashtra,Ulhasnagar,"Sidhi Vinayak Nagar, Ulhasnagar - MPCB",2025-11-18 17:00:00,19.235581,73.159121,5,82.0,249.0,141.0
India,Maharashtra,Navi Mumbai,"Tondare-Taloja, Navi Mumbai - MPCB",2025-11-18 17:00:00,19.063,73.1209,2,20.0,34.0,28.0
India,Maharashtra,Parbhani,"Masoom Colony, Parbhani - MPCB",2025-11-18 17:00:00,19.265594,76.761463,6,2.0,9.0,5.0
India,Maharashtra,Pimpri-Chinchwad,"Gavalinagar, Pimpri Chinchwad - MPCB",2025-11-18 17:00:00,18.63673,73.82487,6,2.0,5.0,3.0
India,Maharashtra,Pimpri-Chinchwad,"Park Street Wakad, Pimpri Chinchwad - MPCB",2025-11-18 17:00:00,18.59051,73.77946,0,24.0,110.0,33.0
India,Maharashtra,Pimpri-Chinchwad,"Savta Mali Nagar, Pimpri-Chinchwad - IITM",2025-11-18 17:00:00,18.614767,73.799516,5,88.0,256.0,170.0
India,Maharashtra,Pimpri-Chinchwad,"Thergaon, Pimpri Chinchwad - MPCB",2025-11-18 17:00:00,18.616318,73.765797,5,87.0,258.0,186.0
India,Maharashtra,Pune,"Savitribai Phule Pune University, Pune - MPCB",2025-11-18 17:00:00,18.547056,73.826908,3,1.0,120.0,86.0
India,Maharashtra,Sangli,"Vijay Nagar, Sangli - MPCB",2025-11-18 17:00:00,16.5038,74.3623,5,165.0,302.0,226.0
India,Maharashtra,Solapur,"Dnyaneshwar Nagar, Solapur - MPCB",2025-11-18 17:00:00,17.6336264,75.9132495,3,25.0,131.0,104.0
India,Maharashtra,Navi Mumbai,"Sanpada, Navi Mumbai - MPCB",2025-11-18 17:00:00,19.0575752,73.0151367,2,5.0,18.0,10.0
India,Maharashtra,Navi Mumbai,"Sanpada, Navi Mumbai - MPCB",2025-11-18 17:00:00,19.0575752,73.0151367,1,5.0,6.0,6.0
India,Maharashtra,Navi Mumbai,"Sector-2E Kalamboli, Navi Mumbai - MPCB",2025-11-18 17:00:00,19.02579,73.10297,1,7.0,24.0,16.0
India,Maharashtra,Navi Mumbai,"Sector-2E Kalamboli, Navi Mumbai - MPCB",2025-11-18 17:00:00,19.02579,73.10297,0,7.0,68.0,20.0
India,Maharashtra,Pune,"Dhankawadi, Pune - IITM",2025-11-18 17:00:00,18.459883,73.852193,5,63.0,211.0,118.0
India,Maharashtra,Pune,"Dhankawadi, Pune - IITM",2025-11-18 17:00:00,18.459883,73.852193,4,84.0,172.0,126.0
India,Maharashtra,Pune,"Hadapsar, Pune - IITM",2025-11-18 17:00:00,18.501793,73.927532,5,33.0,211.0,105.0
India,Maharashtra,Pune,"Mhada Colony, Pune - IITM",2025-11-18 17:00:00,18.57304,73.927715,4,112.0,208.0,163.0
India,Maharashtra,Pune,"Mhada Colony, Pune - IITM",2025-11-18 17:00:00,18.57304,73.927715,2,32.0,81.0,55.0
India,Maharashtra,Pune,"Mhada Colony, Pune - IITM",2025-11-18 17:00:00,18.57304,73.927715,3,13.0,145.0,123.0
India,Maharashtra,Pune,"Savitribai Phule Pune University, Pune - MPCB",2025-11-18 17:00:00,18.547056,73.826908,6,1.0,4.0,2.0
India,Maharashtra,Pimpri-Chinchwad,"Thergaon, Pimpri Chinchwad - MPCB",2025-11-18 17:00:00,18.616318,73.765797,6,1.0,6.0,3.0
India,Maharashtra,Pune,"Bhumkar Nagar, Pune - IITM",2025-11-18 17:00:00,18.60577,73.749976,5,69.0,380.0,197.0
India,Maharashtra,Navi Mumbai,"Nerul, Navi Mumbai - MPCB",2025-11-18 17:00:00,19.008751,73.01662,6,69.0,380.0,197.0
India,Punjab,Amritsar,"Golden Temple, Amritsar - PPCB",2025-11-18 17:00:00,31.62,74.876512,6,11.0,42.0,19.0
India,Punjab,Amritsar,"Golden Temple, Amritsar - PPCB",2025-11-18 17:00:00,31.62,74.876512,0,22.0,84.0,43.0
India,Punjab,Amritsar,"Golden Temple, Amritsar - PPCB",2025-11-18 17:00:00,31.62,74.876512,3,31.0,44.0,34.0
India,Punjab,Jalandhar,"Civil Line, Jalandhar - PPCB",2025-11-18 17:00:00,31.321907,75.578914,5,69.0,168.0,101.0
India,Punjab,Jalandhar,"Civil Line, Jalandhar - PPCB",2025-11-18 17:00:00,31.321907,75.578914,2,28.0,32.0,30.0
India,Punjab,Jalandhar,"Civil Line, Jalandhar - PPCB",2025-11-18 17:00:00,31.321907,75.578914,0,59.0,66.0,64.0
India,Punjab,Jalandhar,"Civil Line, Jalandhar - PPCB",2025-11-18 17:00:00,31.321907,75.578914,3,46.0,52.0,50.0
India,Punjab,Khanna,"Kalal Majra, Khanna - PPCB",2025-11-18 17:00:00,30.736056,76.209694,4,90.0,143.0,124.0
India,Maharashtra,Ulhasnagar,"Sidhi Vinayak Nagar, Ulhasnagar - MPCB",2025-11-18 17:00:00,19.235581,73.159121,6,8.0,78.0,17.0
India,Maharashtra,Virar,"Bolinj, Virar - MPCB",2025-11-18 17:00:00,19.445821,72.7988231,4,78.0,114.0,96.0
India,Maharashtra,Virar,"Bolinj, Virar - MPCB",2025-11-18 17:00:00,19.445821,72.7988231,3,19.0,93.0,76.0
India,Meghalaya,Shillong,"Lumpyngngad, Shillong - Meghalaya PCB",2025-11-18 17:00:00,25.5586,91.8985,2,19.0,93.0,76.0
India,Nagaland,Kohima,"PWD Junction, Kohima - NPCB",2025-11-18 17:00:00,25.6635413,94.0989878,4,25.0,142.0,71.0
India,Nagaland,Kohima,"PWD Junction, Kohima - NPCB",2025-11-18 17:00:00,25.6635413,94.0989878,1,1.0,1.0,1.0
India,Odisha,Rairangpur,"Divisional Forest Office, Rairangpur - OSPCB",2025-11-18 17:00:00,22.265816,86.174829,0,31.0,72.0,37.0
India,Odisha,Rourkela,"Fertilizer Township, Rourkela - OSPCB",2025-11-18 17:00:00,22.18972222,84.86277778,0,7.0,57.0,16.0
India,Odisha,Rourkela,"Raghunathpali, Rourkela - OSPCB",2025-11-18 17:00:00,22.220833,84.809444,4,7.0,57.0,16.0
India,Odisha,Rourkela,"Raghunathpali, Rourkela - OSPCB",2025-11-18 17:00:00,22.220833,84.809444,2,7.0,57.0,16.0
India,Odisha,Rourkela,"Raghunathpali, Rourkela - OSPCB",2025-11-18 17:00:00,22.220833,84.809444,3,5.0,31.0,26.0
India,Odisha,Talcher,"Talcher Coalfields,Talcher - OSPCB",2025-11-18 17:00:00,20.9360711,85.1707021,4,42.0,269.0,152.0
India,Odisha,Bileipada,"Tata Township, Bileipada - OSPCB",2025-11-18 17:00:00,22.06156703,85.47409613,6,8.0,8.0,8.0
India,Odisha,Bileipada,"Tata Township, Bileipada - OSPCB",2025-11-18 17:00:00,22.06156703,85.47409613,3,11.0,14.0,13.0
India,Odisha,Byasanagar,"Ferro Chrome Colony, Byasanagar - OSPCB",2025-11-18 17:00:00,20.94185,86.1151,2,8.0,47.0,16.0
India,Odisha,Cuttack,"CDA Area, Cuttack - OSPCB",2025-11-18 17:00:00,20.48891,85.84768,2,19.0,151.0,54.0
India,Odisha,Cuttack,"CDA Area, Cuttack - OSPCB",2025-11-18 17:00:00,20.48891,85.84768,6,5.0,23.0,9.0
India,Odisha,Tensa,"Barsua Iron Ore Mines, Tensa - OSPCB",2025-11-18 17:00:00,21.869985,85.167016,4,86.0,406.0,143.0
India,Odisha,Tensa,"Barsua Iron Ore Mines, Tensa - OSPCB",2025-11-18 17:00:00,21.869985,85.167016,1,86.0,406.0,143.0
India,Puducherry,Puducherry,"Jawahar Nagar, Puducherry - PPCC",2025-11-18 17:00:00,11.9309,79.8027,2,5.0,52.0,22.0
India,Punjab,Amritsar,"Golden Temple, Amritsar - PPCB",2025-11-18 17:00:00,31.62,74.876512,4,98.0,190.0,132.0
India,Odisha,Baripada,"Meher Colony, Baripada - OSPCB",2025-11-18 17:00:00,21.941841,86.728318,6,5.0,8.0,7.0
India,Odisha,Bhubaneswar,"Patia, Bhubaneswar - OSPCB",2025-11-18 17:00:00,20.34652,85.8163,4,110.0,268.0,154.0
India,Odisha,Bhubaneswar,"Patia, Bhubaneswar - OSPCB",2025-11-18 17:00:00,20.34652,85.8163,6,5.0,10.0,6.0
India,Odisha,Bileipada,"Tata Township, Bileipada - OSPCB",2025-11-18 17:00:00,22.06156703,85.47409613,5,96.0,96.0,96.0
India,Odisha,Nayagarh,"Dabuna, Nayagarh - OSPCB",2025-11-18 17:00:00,21.847279,85.416905,4,52.0,141.0,81.0
India,Odisha,Nayagarh,"Dabuna, Nayagarh - OSPCB",2025-11-18 17:00:00,21.847279,85.416905,6,7.0,15.0,9.0
India,Odisha,Nayagarh,"Dabuna, Nayagarh - OSPCB",2025-11-18 17:00:00,21.847279,85.416905,0,16.0,28.0,23.0
India,Odisha,Rairangpur,"Divisional Forest Office, Rairangpur - OSPCB",2025-11-18 17:00:00,22.265816,86.174829,4,67.0,125.0,86.0
India,Punjab,Ludhiana,"Punjab Agricultural University, Ludhiana - PPCB",2025-11-18 17:00:00,30.9028,75.8086,6,2.0,37.0,20.0
India,Punjab,Mandi Gobindgarh,"RIMT University, Mandi Gobindgarh - PPCB",2025-11-18 17:00:00,30.649961,76.331442,4,117.0,160.0,136.0
India,Odisha,Balasore,"Kalidaspur, Balasore - OSPCB",2025-11-18 17:00:00,21.51161,86.89088,3,22.0,70.0,60.0
India,Odisha,Barbil,"Forest Office, Barbil - OSPCB",2025-11-18 17:00:00,22.1166054,85.3945546,0,32.0,80.0,40.0
India,Rajasthan,Chittorgarh,"Shastri Nagar, Chittorgarh - RSPCB",2025-11-18 17:00:00,24.892047,74.623527,4,62.0,237.0,119.0
India,Rajasthan,Chittorgarh,"Shastri Nagar, Chittorgarh - RSPCB",2025-11-18 17:00:00,24.892047,74.623527,1,2.0,5.0,4.0
India,Rajasthan,Chittorgarh,"Shastri Nagar, Chittorgarh - RSPCB",2025-11-18 17:00:00,24.892047,74.623527,6,4.0,107.0,25.0
India,Rajasthan,Churu,"Subash Chowk, Churu - RSPCB",2025-11-18 17:00:00,28.296139,74.961696,5,50.0,410.0,165.0
India,Rajasthan,Churu,"Subash Chowk, Churu - RSPCB",2025-11-18 17:00:00,28.296139,74.961696,4,93.0,500.0,207.0
India,Rajasthan,Churu,"Subash Chowk, Churu - RSPCB",2025-11-18 17:00:00,28.296139,74.961696,0,4.0,146.0,29.0
India,Rajasthan,Dausa,"Khatikan Mohalla, Dausa - RSPCB",2025-11-18 17:00:00,26.895552,76.334753,4,94.0,433.0,162.0
India,Rajasthan,Dausa,"Khatikan Mohalla, Dausa - RSPCB",2025-11-18 17:00:00,26.895552,76.334753,2,16.0,144.0,52.0
India,Rajasthan,Dausa,"Khatikan Mohalla, Dausa - RSPCB",2025-11-18 17:00:00,26.895552,76.334753,6,4.0,15.0,9.0
India,Rajasthan,Bhiwadi,"Vasundhara Nagar_UIT, Bhiwadi - RSPCB",2025-11-18 17:00:00,28.207266,76.829265,5,189.0,496.0,352.0
India,Rajasthan,Bhiwadi,"Vasundhara Nagar_UIT, Bhiwadi - RSPCB",2025-11-18 17:00:00,28.207266,76.829265,2,28.0,167.0,89.0
India,Rajasthan,Bhiwadi,"Vasundhara Nagar_UIT, Bhiwadi - RSPCB",2025-11-18 17:00:00,28.207266,76.829265,6,1.0,16.0,9.0
India,Rajasthan,Bhiwadi,"Vasundhara Nagar_UIT, Bhiwadi - RSPCB",2025-11-18 17:00:00,28.207266,76.829265,0,22.0,169.0,39.0
India,Rajasthan,Bikaner,"MM Ground, Bikaner - RSPCB",2025-11-18 17:00:00,28.018792,73.292658,1,1.0,19.0,12.0
India,Rajasthan,Bikaner,"MM Ground, Bikaner - RSPCB",2025-11-18 17:00:00,28.018792,73.292658,6,2.0,20.0,10.0
India,Rajasthan,Bundi,"New Colony, Bundi - RSPCB",2025-11-18 17:00:00,25.435774,75.644272,5,83.0,210.0,132.0
India,Rajasthan,Bundi,"New Colony, Bundi - RSPCB",2025-11-18 17:00:00,25.435774,75.644272,4,95.0,153.0,123.0
India,Rajasthan,Bundi,"New Colony, Bundi - RSPCB",2025-11-18 17:00:00,25.435774,75.644272,6,5.0,10.0,7.0
India,Rajasthan,Jaipur,"Mansarovar Sector-12, Jaipur - RSPCB",2025-11-18 17:00:00,26.843698,75.766894,4,125.0,392.0,186.0
India,Rajasthan,Jaipur,"Mansarovar Sector-12, Jaipur - RSPCB",2025-11-18 17:00:00,26.843698,75.766894,0,28.0,114.0,42.0
India,Rajasthan,Jaipur,"Police Commissionerate, Jaipur - RSPCB",2025-11-18 17:00:00,26.9164092,75.7994901,5,28.0,114.0,42.0
India,Rajasthan,Jaipur,"Police Commissionerate, Jaipur - RSPCB",2025-11-18 17:00:00,26.9164092,75.7994901,4,28.0,114.0,42.0
India,Rajasthan,Jaipur,"Police Commissionerate, Jaipur - RSPCB",2025-11-18 17:00:00,26.9164092,75.7994901,1,5.0,23.0,12.0
India,Rajasthan,Jaipur,"RIICO Sitapura, Jaipur - RSPCB",2025-11-18 17:00:00,26.786682,75.827928,5,103.0,368.0,243.0
India,Rajasthan,Jaipur,"RIICO Sitapura, Jaipur - RSPCB",2025-11-18 17:00:00,26.786682,75.827928,2,22.0,274.0,91.0
India,Rajasthan,Bharatpur,"Krishna Nagar, Bharatpur - RSPCB",2025-11-18 17:00:00,27.215415,77.50873,6,6.0,16.0,11.0
India,Rajasthan,Bharatpur,"Krishna Nagar, Bharatpur - RSPCB",2025-11-18 17:00:00,27.215415,77.50873,3,3.0,194.0,147.0
India,Rajasthan,Bhilwara,"Pratap Nagar, Bhilwara - RSPCB",2025-11-18 17:00:00,25.339605,74.618883,3,1.0,68.0,53.0
India,Rajasthan,Bhiwadi,"RIICO Ind. Area III, Bhiwadi - RSPCB",2025-11-18 17:00:00,28.194909,76.862296,0,12.0,103.0,36.0
India,Rajasthan,Dungarpur,"Bhoiwada, Dungarpur - RSPCB",2025-11-18 17:00:00,23.837789,73.714926,1,6.0,15.0,8.0
India,Rajasthan,Dungarpur,"Bhoiwada, Dungarpur - RSPCB",2025-11-18 17:00:00,23.837789,73.714926,6,1.0,12.0,4.0
India,Rajasthan,Dungarpur,"Bhoiwada, Dungarpur - RSPCB",2025-11-18 17:00:00,23.837789,73.714926,0,15.0,87.0,23.0
India,Rajasthan,Dungarpur,"Bhoiwada, Dungarpur - RSPCB",2025-11-18 17:00:00,23.837789,73.714926,3,12.0,161.0,144.0
India,Rajasthan,Hanumangarh,"Housing Board, Hanumangarh - RSPCB",2025-11-18 17:00:00,29.61075,74.283608,5,47.0,322.0,202.0
India,Punjab,Rupnagar,"Ratanpura, Rupnagar - Ambuja Cements",2025-11-18 17:00:00,31.0325454,76.5623046,0,45.0,60.0,51.0
India,Rajasthan,Ajmer,"Civil Lines,  Ajmer - RSPCB",2025-11-18 17:00:00,26.470859,74.646594,6,11.0,31.0,19.0
India,Rajasthan,Ajmer,"Civil Lines,  Ajmer - RSPCB",2025-11-18 17:00:00,26.470859,74.646594,0,22.0,64.0,29.0
India,Rajasthan,Alwar,"Moti Doongri, Alwar - RSPCB",2025-11-18 17:00:00,27.554793,76.611536,6,15.0,64.0,32.0
India,Rajasthan,Jaipur,"RIICO Sitapura, Jaipur - RSPCB",2025-11-18 17:00:00,26.786682,75.827928,3,1.0,220.0,126.0
India,Rajasthan,Jaipur,"Sector-2 Murlipura, Jaipur - RSPCB",2025-11-18 17:00:00,26.960669,75.771817,0,20.0,104.0,30.0
India,Rajasthan,Jaisalmer,"Sadar Bazar, Jaisalmer - RSPCB",2025-11-18 17:00:00,26.912329,70.909168,0,26.0,104.0,37.0
India,Punjab,Patiala,"Model Town, Patiala - PPCB",2025-11-18 17:00:00,30.349388,76.366642,6,8.0,63.0,31.0
India,Punjab,Patiala,"Model Town, Patiala - PPCB",2025-11-18 17:00:00,30.349388,76.366642,3,10.0,42.0,28.0
India,Punjab,Rupnagar,"Ratanpura, Rupnagar - Ambuja Cements",2025-11-18 17:00:00,31.0325454,76.5623046,5,8.0,50.0,30.0
India,Rajasthan,Baran,"Bamboliya, Baran - RSPCB",2025-11-18 17:00:00,25.106006,76.469948,0,26.0,93.0,31.0
India,Rajasthan,Sri Ganganagar,"Old City, Sri Ganganagar - RSPCB",2025-11-18 17:00:00,29.931624,73.864511,1,5.0,80.0,31.0
India,Rajasthan,Sri Ganganagar,"Old City, Sri Ganganagar - RSPCB",2025-11-18 17:00:00,29.931624,73.864511,3,1.0,165.0,105.0
India,Rajasthan,Tonk,"Shastri Nagar, Tonk - RSPCB",2025-11-18 17:00:00,26.159933,75.780517,1,6.0,13.0,9.0
India,Rajasthan,Tonk,"Shastri Nagar, Tonk - RSPCB",2025-11-18 17:00:00,26.159933,75.780517,0,36.0,103.0,54.0
India,Rajasthan,Udaipur,"Ashok Nagar, Udaipur - RSPCB",2025-11-18 17:00:00,24.5886166,73.6321397,5,38.0,240.0,108.0
India,Rajasthan,Udaipur,"Ashok Nagar, Udaipur - RSPCB",2025-11-18 17:00:00,24.5886166,73.6321397,2,13.0,68.0,36.0
India,Rajasthan,Udaipur,"Ashok Nagar, Udaipur - RSPCB",2025-11-18 17:00:00,24.5886166,73.6321397,0,5.0,154.0,52.0
India,TamilNadu,Chennai,"Alandur Bus Depot, Chennai - CPCB",2025-11-18 17:00:00,12.9099161,80.1076538,5,94.0,286.0,162.0
India,Rajasthan,Sawai Madhopur,"Sahu Nagar, Sawai Madhopur - RSPCB",2025-11-18 17:00:00,26.031443,76.359327,6,1.0,11.0,5.0
India,Rajasthan,Sikar,"Radhakishan Pura, Sikar - RSPCB",2025-11-18 17:00:00,27.608912,75.153302,0,20.0,127.0,41.0
India,Rajasthan,Sirohi,"Vedhaynath Colony, Sirohi - RSPCB",2025-11-18 17:00:00,24.885261,72.857549,5,25.0,187.0,70.0
India,Rajasthan,Sirohi,"Vedhaynath Colony, Sirohi - RSPCB",2025-11-18 17:00:00,24.885261,72.857549,2,12.0,112.0,50.0
India,Rajasthan,Sirohi,"Vedhaynath Colony, Sirohi - RSPCB",2025-11-18 17:00:00,24.885261,72.857549,0,16.0,62.0,31.0
India,Rajasthan,Sri Ganganagar,"Old City, Sri Ganganagar - RSPCB",2025-11-18 17:00:00,29.931624,73.864511,4,101.0,500.0,220.0
India,Rajasthan,Sri Ganganagar,"Old City, Sri Ganganagar - RSPCB",2025-11-18 17:00:00,29.931624,73.864511,2,52.0,221.0,124.0
India,Rajasthan,Jodhpur,"Samrat Ashok Udhyan, Jodhpur - RSPCB",2025-11-18 17:00:00,26.253384,72.976571,4,70.0,445.0,173.0
India,Rajasthan,Karauli,"Satyawati Vihar, Karauli - RSPCB",2025-11-18 17:00:00,26.506177,77.025989,0,32.0,109.0,46.0
India,Rajasthan,Kota,"Dhanmandi, Kota - RSPCB",2025-11-18 17:00:00,25.16409,75.858137,1,1.0,5.0,4.0
India,Rajasthan,Kota,"Nayapura, Kota - RSPCB",2025-11-18 17:00:00,25.196024,75.855668,5,88.0,315.0,204.0
India,Rajasthan,Jalore,"Mudtra Sili, Jalore - RSPCB",2025-11-18 17:00:00,25.344694,72.626208,2,15.0,140.0,60.0
India,Rajasthan,Jalore,"Mudtra Sili, Jalore - RSPCB",2025-11-18 17:00:00,25.344694,72.626208,6,3.0,10.0,5.0
India,Rajasthan,Jhalawar,"Rajlaxmi Nagar, Jhalawar - RSPCB",2025-11-18 17:00:00,24.588397,76.172782,2,41.0,75.0,55.0
India,Rajasthan,Jhalawar,"Rajlaxmi Nagar, Jhalawar - RSPCB",2025-11-18 17:00:00,24.588397,76.172782,0,40.0,114.0,55.0
India,Rajasthan,Jhalawar,"Rajlaxmi Nagar, Jhalawar - RSPCB",2025-11-18 17:00:00,24.588397,76.172782,3,7.0,175.0,167.0
India,Rajasthan,Jodhpur,"Digari Kalan, Jodhpur - RSPCB",2025-11-18 17:00:00,26.29581,73.082283,4,57.0,402.0,131.0
India,Rajasthan,Jodhpur,"Digari Kalan, Jodhpur - RSPCB",2025-11-18 17:00:00,26.29581,73.082283,1,5.0,18.0,10.0
India,Rajasthan,Jodhpur,"Jhalamand, Jodhpur - RSPCB",2025-11-18 17:00:00,26.215415,73.070156,4,65.0,207.0,111.0
India,Rajasthan,Jodhpur,"Mandor, Jodhpur - RSPCB",2025-11-18 17:00:00,26.358805,73.047444,2,7.0,111.0,38.0
India,Rajasthan,Kota,"Nayapura, Kota - RSPCB",2025-11-18 17:00:00,25.196024,75.855668,3,2.0,196.0,144.0
India,Rajasthan,Nagaur,"Karni Colony, Nagaur - RSPCB",2025-11-18 17:00:00,27.213494,73.734444,4,80.0,500.0,228.0
India,Rajasthan,Pali,"Indira Colony Vistar, Pali - RSPCB",2025-11-18 17:00:00,25.771061,73.340227,5,84.0,237.0,157.0
India,TamilNadu,Chennai,"Alandur Bus Depot, Chennai - CPCB",2025-11-18 17:00:00,12.9099161,80.1076538,0,24.0,41.0,29.0
India,TamilNadu,Chennai,"Kodungaiyur, Chennai - TNPCB",2025-11-18 17:00:00,13.1278,80.2642,4,9.0,105.0,60.0
India,TamilNadu,Chennai,"Kodungaiyur, Chennai - TNPCB",2025-11-18 17:00:00,13.1278,80.2642,6,1.0,32.0,8.0
India,TamilNadu,Chennai,"Manali Village, Chennai - TNPCB",2025-11-18 17:00:00,13.1662,80.2584,0,20.0,108.0,50.0
India,TamilNadu,Coimbatore,"PSG College of Arts and Science, Coimbatore - TNPCB",2025-11-18 17:00:00,11.0328,77.0349,2,20.0,108.0,50.0
India,TamilNadu,Coimbatore,"PSG College of Arts and Science, Coimbatore - TNPCB",2025-11-18 17:00:00,11.0328,77.0349,6,20.0,108.0,50.0
India,Rajasthan,Rajsamand,"Dhoinda, Rajsamand - RSPCB",2025-11-18 17:00:00,25.03636,73.883502,2,7.0,80.0,26.0
India,Rajasthan,Rajsamand,"Dhoinda, Rajsamand - RSPCB",2025-11-18 17:00:00,25.03636,73.883502,6,1.0,23.0,7.0
India,Rajasthan,Rajsamand,"Dhoinda, Rajsamand - RSPCB",2025-11-18 17:00:00,25.03636,73.883502,0,12.0,78.0,21.0
India,TamilNadu,Karur,"Kamadenu Nagar, Karur - TNPCB",2025-11-18 17:00:00,10.96782,78.080882,2,12.0,78.0,21.0
India,TamilNadu,Karur,"Kamadenu Nagar, Karur - TNPCB",2025-11-18 17:00:00,10.96782,78.080882,6,12.0,78.0,21.0
India,TamilNadu,Madurai,"Uchapatti, Madurai - TNPCB",2025-11-18 17:00:00,9.865935,78.022669,4,21.0,86.0,57.0
India,TamilNadu,Nagapattinam,"Velippalayam, Nagapattinam - TNPCB",2025-11-18 17:00:00,10.798548,79.838212,2,21.0,86.0,57.0
India,TamilNadu,Nagapattinam,"Velippalayam, Nagapattinam - TNPCB",2025-11-18 17:00:00,10.798548,79.838212,1,21.0,86.0,57.0
India,TamilNadu,Perundurai,"SIPCOT Industrial Park, Perundurai - TNPCB",2025-11-18 17:00:00,11.258242,77.552761,2,7.0,13.0,8.0
India,Telangana,Hyderabad,"Kompally Municipal Office, Hyderabad - TSPCB",2025-11-18 17:00:00,17.544899,78.486949,3,17.0,43.0,30.0
India,Telangana,Hyderabad,"Nacharam_TSIIC IALA, Hyderabad - TSPCB",2025-11-18 17:00:00,17.429398,78.569354,2,9.0,14.0,13.0
India,Telangana,Hyderabad,"Nacharam_TSIIC IALA, Hyderabad - TSPCB",2025-11-18 17:00:00,17.429398,78.569354,6,9.0,16.0,14.0
India,Telangana,Hyderabad,"Nacharam_TSIIC IALA, Hyderabad - TSPCB",2025-11-18 17:00:00,17.429398,78.569354,3,18.0,33.0,27.0
India,Telangana,Hyderabad,"New Malakpet, Hyderabad - TSPCB",2025-11-18 17:00:00,17.37206,78.50864,4,83.0,105.0,92.0
India,TamilNadu,Coimbatore,"SIDCO Kurichi, Coimbatore - TNPCB",2025-11-18 17:00:00,10.942451,76.978996,0,18.0,37.0,21.0
India,TamilNadu,Cuddalore,"Semmandalam, Cuddalore - TNPCB",2025-11-18 17:00:00,11.7637683,79.7499835,4,18.0,37.0,21.0
India,TamilNadu,Cuddalore,"Semmandalam, Cuddalore - TNPCB",2025-11-18 17:00:00,11.7637683,79.7499835,3,1.0,2.0,2.0
India,TamilNadu,Gummidipoondi,"Anthoni Pillai Nagar, Gummidipoondi - TNPCB",2025-11-18 17:00:00,13.4127,80.1081,5,100.0,325.0,230.0
India,TamilNadu,Ramanathapuram,"Chalai Bazaar, Ramanathapuram - TNPCB",2025-11-18 17:00:00,9.36399,78.831977,1,100.0,325.0,230.0
India,TamilNadu,Thoothukudi,"Meelavittan, Thoothukudi - TNPCB",2025-11-18 17:00:00,8.816428,78.099039,0,20.0,114.0,102.0
India,TamilNadu,Tiruchirappalli,"St Joseph College, Tiruchirappalli - TNPCB",2025-11-18 17:00:00,10.830158,78.691849,2,20.0,114.0,102.0
India,TamilNadu,Tiruchirappalli,"St Joseph College, Tiruchirappalli - TNPCB",2025-11-18 17:00:00,10.830158,78.691849,3,20.0,114.0,102.0
India,Telangana,Hyderabad,"ECIL Kapra, Hyderabad - TSPCB",2025-11-18 17:00:00,17.470431,78.566959,1,3.0,5.0,5.0
India,Telangana,Hyderabad,"ECIL Kapra, Hyderabad - TSPCB",2025-11-18 17:00:00,17.470431,78.566959,3,27.0,70.0,45.0
India,Telangana,Hyderabad,"ICRISAT Patancheru, Hyderabad - TSPCB",2025-11-18 17:00:00,17.5184,78.278777,6,10.0,100.0,36.0
India,Telangana,Hyderabad,"IDA Pashamylaram, Hyderabad - TSPCB",2025-11-18 17:00:00,17.5316895,78.218939,0,16.0,46.0,30.0
India,Telangana,Hyderabad,"Zoo Park, Hyderabad - TSPCB",2025-11-18 17:00:00,17.349694,78.451437,6,3.0,4.0,4.0
India,Tripura,Agartala,"Bardowali, Agartala - Tripura SPCB",2025-11-18 17:00:00,23.8175497,91.2726974,1,4.0,7.0,6.0
India,Uttar_Pradesh,Agra,"Manoharpur, Agra - UPPCB",2025-11-18 17:00:00,27.23711,78.01936,0,20.0,26.0,25.0
India,TamilNadu,Virudhunagar,"Collectorate Office, Virudhunagar - TNPCB",2025-11-18 17:00:00,9.559382,77.948828,1,20.0,26.0,25.0
India,Telangana,Hyderabad,"Bollaram Industrial Area, Hyderabad - TSPCB",2025-11-18 17:00:00,17.540891,78.358528,2,9.0,56.0,34.0
India,Telangana,Hyderabad,"New Malakpet, Hyderabad - TSPCB",2025-11-18 17:00:00,17.37206,78.50864,3,13.0,62.0,49.0
India,Telangana,Hyderabad,"Ramachandrapuram, Hyderabad - TSPCB",2025-11-18 17:00:00,17.528544,78.286195,4,69.0,75.0,73.0
India,Uttar_Pradesh,Agra,"Sanjay Palace, Agra - UPPCB",2025-11-18 17:00:00,27.19865833,78.00598056,5,70.0,322.0,237.0
India,Uttar_Pradesh,Agra,"Sanjay Palace, Agra - UPPCB",2025-11-18 17:00:00,27.19865833,78.00598056,3,7.0,233.0,152.0
India,Uttar_Pradesh,Ghaziabad,"Vasundhara, Ghaziabad - UPPCB",2025-11-18 17:00:00,28.6603346,77.3572563,2,66.0,212.0,141.0
India,Uttar_Pradesh,Gorakhpur,"Madan Mohan Malaviya University of Technology, Gorakhpur - UPPCB",2025-11-18 17:00:00,26.730136,83.433859,5,34.0,353.0,78.0
India,Uttar_Pradesh,Gorakhpur,"Madan Mohan Malaviya University of Technology, Gorakhpur - UPPCB",2025-11-18 17:00:00,26.730136,83.433859,2,11.0,12.0,11.0
India,Uttar_Pradesh,Gorakhpur,"Madan Mohan Malaviya University of Technology, Gorakhpur - UPPCB",2025-11-18 17:00:00,26.730136,83.433859,0,6.0,8.0,6.0
India,Uttar_Pradesh,Greater Noida,"Knowledge Park - III, Greater Noida - UPPCB",2025-11-18 17:00:00,28.47272,77.482,5,314.0,500.0,416.0
India,Uttar_Pradesh,Greater Noida,"Knowledge Park - III, Greater Noida - UPPCB",2025-11-18 17:00:00,28.47272,77.482,1,10.0,21.0,14.0
India,Uttar_Pradesh,Lucknow,"Gomti Nagar, Lucknow - UPPCB",2025-11-18 17:00:00,26.86812,81.005119,5,35.0,235.0,110.0
India,Uttar_Pradesh,Lucknow,"Gomti Nagar, Lucknow - UPPCB",2025-11-18 17:00:00,26.86812,81.005119,2,7.0,9.0,8.0
India,Uttar_Pradesh,Lucknow,"Gomti Nagar, Lucknow - UPPCB",2025-11-18 17:00:00,26.86812,81.005119,3,28.0,41.0,39.0
India,Uttar_Pradesh,Lucknow,"Kendriya Vidyalaya, Lucknow - CPCB",2025-11-18 17:00:00,26.906111,80.948222,5,48.0,321.0,167.0
India,Uttar_Pradesh,Lucknow,"Kendriya Vidyalaya, Lucknow - CPCB",2025-11-18 17:00:00,26.906111,80.948222,0,34.0,106.0,42.0
India,Uttar_Pradesh,Lucknow,"Kukrail Picnic Spot-1, Lucknow - UPPCB",2025-11-18 17:00:00,26.90723,80.98579,4,52.0,150.0,92.0
India,Uttar_Pradesh,Lucknow,"Kukrail Picnic Spot-1, Lucknow - UPPCB",2025-11-18 17:00:00,26.90723,80.98579,6,40.0,42.0,41.0
India,Uttar_Pradesh,Agra,"Shastripuram, Agra - UPPCB",2025-11-18 17:00:00,27.19862,77.92066,5,47.0,258.0,119.0
India,Uttar_Pradesh,Agra,"Shastripuram, Agra - UPPCB",2025-11-18 17:00:00,27.19862,77.92066,6,11.0,25.0,16.0
India,Uttar_Pradesh,Agra,"Shastripuram, Agra - UPPCB",2025-11-18 17:00:00,27.19862,77.92066,0,22.0,41.0,31.0
India,Uttar_Pradesh,Agra,"Shastripuram, Agra - UPPCB",2025-11-18 17:00:00,27.19862,77.92066,3,6.0,7.0,7.0
India,Uttar_Pradesh,Baghpat,"Sardar Patel Inter College, Baghpat - UPPCB",2025-11-18 17:00:00,28.964949,77.278761,3,4.0,79.0,66.0
India,Uttar_Pradesh,Bareilly,"Civil Lines, Bareilly - UPPCB",2025-11-18 17:00:00,28.359581,79.414455,3,14.0,35.0,19.0
India,Uttar_Pradesh,Bareilly,"Rajendra Nagar, Bareilly - UPPCB",2025-11-18 17:00:00,28.38910936,79.42963708,5,21.0,74.0,52.0
India,Uttar_Pradesh,Bareilly,"Rajendra Nagar, Bareilly - UPPCB",2025-11-18 17:00:00,28.38910936,79.42963708,2,9.0,10.0,9.0
India,Uttar_Pradesh,Bulandshahr,"Yamunapuram, Bulandshahr - UPPCB",2025-11-18 17:00:00,28.406963,77.849831,2,33.0,194.0,111.0
India,Uttar_Pradesh,Firozabad,"Nagla Bhau, Firozabad - UPPCB",2025-11-18 17:00:00,27.168897,78.37696,6,4.0,18.0,8.0
India,Uttar_Pradesh,Hapur,"Anand Vihar, Hapur - UPPCB",2025-11-18 17:00:00,28.725645,77.749675,5,252.0,488.0,395.0
India,Uttar_Pradesh,Hapur,"Anand Vihar, Hapur - UPPCB",2025-11-18 17:00:00,28.725645,77.749675,1,31.0,59.0,45.0
India,Uttar_Pradesh,Hapur,"Anand Vihar, Hapur - UPPCB",2025-11-18 17:00:00,28.725645,77.749675,6,4.0,52.0,26.0
India,Uttar_Pradesh,Hapur,"Anand Vihar, Hapur - UPPCB",2025-11-18 17:00:00,28.725645,77.749675,0,22.0,125.0,39.0
India,Uttar_Pradesh,Kanpur,"FTI Kidwai Nagar, Kanpur - UPPCB",2025-11-18 17:00:00,26.428282,80.327067,4,35.0,174.0,98.0
India,Uttar_Pradesh,Meerut,"Pallavpuram Phase 2, Meerut - UPPCB",2025-11-18 17:00:00,29.06351,77.709723,5,218.0,497.0,390.0
India,Uttar_Pradesh,Meerut,"Pallavpuram Phase 2, Meerut - UPPCB",2025-11-18 17:00:00,29.06351,77.709723,4,160.0,493.0,360.0
India,Uttar_Pradesh,Moradabad,"Buddhi Vihar, Moradabad - UPPCB",2025-11-18 17:00:00,28.83526,78.7446,5,30.0,203.0,77.0
India,Uttar_Pradesh,Moradabad,"Buddhi Vihar, Moradabad - UPPCB",2025-11-18 17:00:00,28.83526,78.7446,2,29.0,29.0,29.0
India,Uttar_Pradesh,Kanpur,"NSI Kalyanpur, Kanpur - UPPCB",2025-11-18 17:00:00,26.509954,80.249612,0,32.0,101.0,51.0
India,Uttar_Pradesh,Kanpur,"Nehru Nagar, Kanpur - UPPCB",2025-11-18 17:00:00,26.4703136,80.3229863,5,27.0,238.0,94.0
India,Uttar_Pradesh,Kanpur,"Nehru Nagar, Kanpur - UPPCB",2025-11-18 17:00:00,26.4703136,80.3229863,4,23.0,134.0,72.0
India,Uttar_Pradesh,Kanpur,"Nehru Nagar, Kanpur - UPPCB",2025-11-18 17:00:00,26.4703136,80.3229863,6,4.0,18.0,12.0
India,Uttar_Pradesh,Ghaziabad,"Loni, Ghaziabad - UPPCB",2025-11-18 17:00:00,28.757294,77.278792,1,3.0,14.0,9.0
India,Uttar_Pradesh,Ghaziabad,"Loni, Ghaziabad - UPPCB",2025-11-18 17:00:00,28.757294,77.278792,0,34.0,179.0,87.0
India,Uttar_Pradesh,Ghaziabad,"Sanjay Nagar, Ghaziabad - UPPCB",2025-11-18 17:00:00,28.685382,77.453839,2,2.0,23.0,10.0
India,Uttar_Pradesh,Meerut,"Ganga Nagar, Meerut - UPPCB",2025-11-18 17:00:00,28.999264,77.7590354,5,303.0,419.0,347.0
India,Uttar_Pradesh,Meerut,"Ganga Nagar, Meerut - UPPCB",2025-11-18 17:00:00,28.999264,77.7590354,6,4.0,29.0,15.0
India,West_Bengal,Durgapur,"Mahishkapur Road_B-Zone, Durgapur - WBPCB",2025-11-18 17:00:00,23.567923,87.306843,6,13.0,30.0,18.0
India,West_Bengal,Durgapur,"PCBL Residential Complex, Durgapur - WBPCB",2025-11-18 17:00:00,23.508764,87.35444,4,34.0,103.0,81.0
India,West_Bengal,Durgapur,"PCBL Residential Complex, Durgapur - WBPCB",2025-11-18 17:00:00,23.508764,87.35444,0,42.0,84.0,50.0
India,West_Bengal,Durgapur,"Womens College_City Center, Durgapur - WBPCB (Formerly known as Sidhu Kanhu Indoor Stadium)",2025-11-18 17:00:00,23.549395,87.300496,4,37.0,148.0,102.0
India,West_Bengal,Durgapur,"Womens College_City Center, Durgapur - WBPCB (Formerly known as Sidhu Kanhu Indoor Stadium)",2025-11-18 17:00:00,23.549395,87.300496,3,3.0,46.0,34.0
India,West_Bengal,Haldia,"Priyambada Housing Estate, Haldia - WBPCB",2025-11-18 17:00:00,22.06047,88.109737,1,3.0,46.0,34.0
India,Uttar_Pradesh,Varanasi,"Bhelupur, Varanasi - UPPCB",2025-11-18 17:00:00,25.301778,82.996789,5,3.0,46.0,34.0
India,Uttar_Pradesh,Varanasi,"Bhelupur, Varanasi - UPPCB",2025-11-18 17:00:00,25.301778,82.996789,4,3.0,46.0,34.0
India,Uttar_Pradesh,Varanasi,"Bhelupur, Varanasi - UPPCB",2025-11-18 17:00:00,25.301778,82.996789,2,3.0,46.0,34.0
India,Uttar_Pradesh,Varanasi,"Bhelupur, Varanasi - UPPCB",2025-11-18 17:00:00,25.301778,82.996789,1,3.0,46.0,34.0
India,Uttar_Pradesh,Varanasi,"IESD Banaras Hindu University, Varanasi - UPPCB",2025-11-18 17:00:00,25.262326,82.995408,2,2.0,2.0,2.0
India,Uttar_Pradesh,Varanasi,"IESD Banaras Hindu University, Varanasi - UPPCB",2025-11-18 17:00:00,25.262326,82.995408,1,1.0,7.0,3.0
India,Uttar_Pradesh,Varanasi,"IESD Banaras Hindu University, Varanasi - UPPCB",2025-11-18 17:00:00,25.262326,82.995408,6,29.0,34.0,30.0
India,Uttar_Pradesh,Varanasi,"IESD Banaras Hindu University, Varanasi - UPPCB",2025-11-18 17:00:00,25.262326,82.995408,0,10.0,53.0,14.0
India,Uttar_Pradesh,Varanasi,"IESD Banaras Hindu University, Varanasi - UPPCB",2025-11-18 17:00:00,25.262326,82.995408,3,15.0,40.0,27.0
India,Uttar_Pradesh,Varanasi,"Maldahiya, Varanasi - UPPCB",2025-11-18 17:00:00,25.32393,82.99687,5,44.0,203.0,131.0
India,Uttar_Pradesh,Moradabad,"Kashiram Nagar, Moradabad - UPPCB",2025-11-18 17:00:00,28.849399,78.742362,0,24.0,84.0,30.0
India,Uttar_Pradesh,Moradabad,"Kashiram Nagar, Moradabad - UPPCB",2025-11-18 17:00:00,28.849399,78.742362,3,22.0,47.0,33.0
India,Uttar_Pradesh,Moradabad,"Transport Nagar, Moradabad - UPPCB",2025-11-18 17:00:00,28.802625,78.753728,4,43.0,201.0,97.0
India,Uttar_Pradesh,Moradabad,"Transport Nagar, Moradabad - UPPCB",2025-11-18 17:00:00,28.802625,78.753728,6,31.0,39.0,35.0
India,Uttar_Pradesh,Muzaffarnagar,"New Mandi, Muzaffarnagar - UPPCB",2025-11-18 17:00:00,29.4723508,77.7194031,4,116.0,451.0,229.0
India,Uttar_Pradesh,Muzaffarnagar,"New Mandi, Muzaffarnagar - UPPCB",2025-11-18 17:00:00,29.4723508,77.7194031,1,11.0,17.0,13.0
India,Uttar_Pradesh,Muzaffarnagar,"New Mandi, Muzaffarnagar - UPPCB",2025-11-18 17:00:00,29.4723508,77.7194031,3,8.0,137.0,95.0
India,Uttar_Pradesh,Varanasi,"Maldahiya, Varanasi - UPPCB",2025-11-18 17:00:00,25.32393,82.99687,3,1.0,17.0,9.0
India,Uttar_Pradesh,Vrindavan,"Omex Eternity, Vrindavan - UPPCB",2025-11-18 17:00:00,27.571409,77.655757,5,28.0,196.0,109.0
India,Uttar_Pradesh,Vrindavan,"Omex Eternity, Vrindavan - UPPCB",2025-11-18 17:00:00,27.571409,77.655757,1,1.0,3.0,2.0
India,Uttarakhand,Dehradun,"Doon University, Dehradun - UKPCB",2025-11-18 17:00:00,30.269444,78.044167,5,35.0,89.0,59.0
India,Uttarakhand,Dehradun,"Doon University, Dehradun - UKPCB",2025-11-18 17:00:00,30.269444,78.044167,4,23.0,52.0,39.0
India,Uttarakhand,Dehradun,"Doon University, Dehradun - UKPCB",2025-11-18 17:00:00,30.269444,78.044167,6,2.0,2.0,2.0
India,Uttar_Pradesh,Moradabad,"Eco Herbal Park, Moradabad - UPPCB",2025-11-18 17:00:00,28.840739,78.697531,4,110.0,178.0,139.0
India,Uttar_Pradesh,Moradabad,"Eco Herbal Park, Moradabad - UPPCB",2025-11-18 17:00:00,28.840739,78.697531,2,7.0,19.0,12.0
India,Uttar_Pradesh,Moradabad,"Employment Office, Moradabad - UPPCB",2025-11-18 17:00:00,28.88528,78.7388,4,45.0,164.0,95.0
India,Uttar_Pradesh,Moradabad,"Employment Office, Moradabad - UPPCB",2025-11-18 17:00:00,28.88528,78.7388,1,4.0,4.0,4.0
India,Uttar_Pradesh,Moradabad,"Employment Office, Moradabad - UPPCB",2025-11-18 17:00:00,28.88528,78.7388,6,19.0,21.0,20.0
India,Uttar_Pradesh,Moradabad,"Jigar Colony, Moradabad - UPPCB",2025-11-18 17:00:00,28.856664,78.772638,5,42.0,87.0,63.0
India,West_Bengal,Asansol,"Trivenidevi Bhalotia College, Asansol - WBPCB",2025-11-18 17:00:00,23.616515,87.119133,1,6.0,8.0,6.0
India,West_Bengal,Asansol,"Trivenidevi Bhalotia College, Asansol - WBPCB",2025-11-18 17:00:00,23.616515,87.119133,6,4.0,13.0,6.0
India,West_Bengal,Barrackpore,"SVSPA Campus, Barrackpore - WBPCB",2025-11-18 17:00:00,22.7605581,88.3617589,5,28.0,119.0,78.0
India,Uttar_Pradesh,Noida,"Sector-116, Noida - UPPCB",2025-11-18 17:00:00,28.56923,77.393848,6,8.0,22.0,14.0
India,Uttar_Pradesh,Prayagraj,"Nagar Nigam, Prayagraj - UPPCB",2025-11-18 17:00:00,25.44919916,81.82735986,5,78.0,334.0,220.0
India,Uttar_Pradesh,Prayagraj,"Nagar Nigam, Prayagraj - UPPCB",2025-11-18 17:00:00,25.44919916,81.82735986,1,6.0,19.0,12.0
India,West_Bengal,Asansol,"Evelyn Lodge, Asansol - WBPCB",2025-11-18 17:00:00,23.697936,86.944395,6,7.0,18.0,10.0
India,West_Bengal,Asansol,"Mahabir Colliery, Asansol - WBPCB",2025-11-18 17:00:00,23.618183,87.105718,4,30.0,120.0,84.0
India,Uttar_Pradesh,Noida,"Sector - 125, Noida - UPPCB",2025-11-18 17:00:00,28.5447608,77.3231257,6,13.0,31.0,20.0
India,Uttar_Pradesh,Noida,"Sector - 62, Noida - IMD",2025-11-18 17:00:00,28.6245479,77.3577104,2,4.0,225.0,56.0
India,West_Bengal,Howrah,"Belur Math, Howrah - WBPCB",2025-11-18 17:00:00,22.629801,88.352017,5,61.0,321.0,211.0
India,West_Bengal,Howrah,"Botanical Garden, Howrah - WBPCB",2025-11-18 17:00:00,22.554954,88.292568,2,10.0,34.0,16.0
India,West_Bengal,Howrah,"Botanical Garden, Howrah - WBPCB",2025-11-18 17:00:00,22.554954,88.292568,1,2.0,2.0,2.0
India,West_Bengal,Howrah,"Botanical Garden, Howrah - WBPCB",2025-11-18 17:00:00,22.554954,88.292568,0,48.0,103.0,54.0
India,West_Bengal,Howrah,"Dasnagar, Howrah - WBPCB",2025-11-18 17:00:00,22.6025571,88.3105664,3,9.0,114.0,88.0
India,West_Bengal,Howrah,"Ghusuri, Howrah - WBPCB",2025-11-18 17:00:00,22.611968,88.347422,0,14.0,64.0,26.0
India,West_Bengal,Howrah,"Padmapukur, Howrah - WBPCB",2025-11-18 17:00:00,22.5687319,88.2797276,5,7.0,322.0,199.0
India,West_Bengal,Howrah,"Padmapukur, Howrah - WBPCB",2025-11-18 17:00:00,22.5687319,88.2797276,4,15.0,188.0,123.0
India,West_Bengal,Kolkata,"Bidhannagar, Kolkata - WBPCB",2025-11-18 17:00:00,22.58157048,88.41002457,5,37.0,138.0,84.0
India,West_Bengal,Kolkata,"Bidhannagar, Kolkata - WBPCB",2025-11-18 17:00:00,22.58157048,88.41002457,6,8.0,12.0,9.0
India,West_Bengal,Kolkata,"Bidhannagar, Kolkata - WBPCB",2025-11-18 17:00:00,22.58157048,88.41002457,0,44.0,102.0,52.0
India,West_Bengal,Kolkata,"Fort William, Kolkata - WBPCB",2025-11-18 17:00:00,22.55664,88.342674,2,15.0,20.0,18.0
India,West_Bengal,Kolkata,"Jadavpur, Kolkata - WBPCB",2025-11-18 17:00:00,22.49929,88.36917,2,33.0,90.0,58.0
India,West_Bengal,Kolkata,"Jadavpur, Kolkata - WBPCB",2025-11-18 17:00:00,22.49929,88.36917,1,3.0,5.0,4.0
India,West_Bengal,Kolkata,"Rabindra Bharati University, Kolkata - WBPCB",2025-11-18 17:00:00,22.627847,88.380669,5,50.0,137.0,93.0
India,West_Bengal,Kolkata,"Rabindra Bharati University, Kolkata - WBPCB",2025-11-18 17:00:00,22.627847,88.380669,6,7.0,10.0,9.0
India,West_Bengal,Kolkata,"Rabindra Bharati University, Kolkata - WBPCB",2025-11-18 17:00:00,22.627847,88.380669,0,26.0,73.0,31.0
India,West_Bengal,Kolkata,"Rabindra Sarobar, Kolkata - WBPCB",2025-11-18 17:00:00,22.51106,88.35142,2,36.0,225.0,137.0
India,West_Bengal,Kolkata,"Rabindra Sarobar, Kolkata - WBPCB",2025-11-18 17:00:00,22.51106,88.35142,0,26.0,109.0,32.0
India,West_Bengal,Kolkata,"Victoria, Kolkata - WBPCB",2025-11-18 17:00:00,22.5448082,88.3403691,5,90.0,324.0,231.0
India,West_Bengal,Kolkata,"Victoria, Kolkata - WBPCB",2025-11-18 17:00:00,22.5448082,88.3403691,3,4.0,58.0,43.0
India,West_Bengal,Siliguri,"Ward-32 Bapupara, Siliguri - WBPCB",2025-11-18 17:00:00,26.6879226,88.4152495,5,35.0,118.0,53.0
India,West_Bengal,Siliguri,"Ward-32 Bapupara, Siliguri - WBPCB",2025-11-18 17:00:00,26.6879226,88.4152495,3,13.0,79.0,63.0
India,Andhra_Pradesh,Vijayawada,"Rajiv Gandhi Park, Vijayawada - APPCB",2025-11-18 17:00:00,16.509717,80.612222,0,32.0,36.0,34.0
India,Andhra_Pradesh,Vijayawada,"Rajiv Gandhi Park, Vijayawada - APPCB",2025-11-18 17:00:00,16.509717,80.612222,3,14.0,58.0,43.0
India,Andhra_Pradesh,Chittoor,"Gangineni Cheruvu, Chittoor - APPCB",2025-11-18 17:00:00,13.20488,79.097889,5,14.0,307.0,110.0
India,Andhra_Pradesh,Amaravati,"Secretariat, Amaravati - APPCB",2025-11-18 17:00:00,16.5150833,80.5181667,5,49.0,166.0,93.0
India,Andhra_Pradesh,Tirupati,"Vaikuntapuram, Tirupati - APPCB",2025-11-18 17:00:00,13.615387,79.40923,5,46.0,229.0,90.0
India,Andhra_Pradesh,Chittoor,"Gangineni Cheruvu, Chittoor - APPCB",2025-11-18 17:00:00,13.20488,79.097889,1,5.0,7.0,6.0
India,Andhra_Pradesh,Vijayawada,"HB Colony, Vijayawada - APPCB",2025-11-18 17:00:00,16.536107,80.594233,0,33.0,36.0,35.0
India,Andhra_Pradesh,Vijayawada,"HB Colony, Vijayawada - APPCB",2025-11-18 17:00:00,16.536107,80.594233,2,15.0,22.0,17.0
India,Andhra_Pradesh,Tirupati,"Vaikuntapuram, Tirupati - APPCB",2025-11-18 17:00:00,13.615387,79.40923,3,16.0,17.0,17.0
India,Andhra_Pradesh,Vijayawada,"HB Colony, Vijayawada - APPCB",2025-11-18 17:00:00,16.536107,80.594233,6,8.0,11.0,10.0
India,Andhra_Pradesh,Tirumala,"Toll Gate, Tirumala - APPCB",2025-11-18 17:00:00,13.67,79.35,5,26.0,148.0,88.0
India,Assam,Nagaon,"Christianpatty, Nagaon - PCBA",2025-11-18 17:00:00,26.349082,92.68449,1,3.0,4.0,4.0
India,Assam,Nagaon,"Christianpatty, Nagaon - PCBA",2025-11-18 17:00:00,26.349082,92.68449,3,6.0,9.0,7.0
India,Assam,Nalbari,"Bata Chowk, Nalbari - PCBA",2025-11-18 17:00:00,26.446912,91.439057,4,31.0,105.0,50.0
India,Assam,Nalbari,"Bata Chowk, Nalbari - PCBA",2025-11-18 17:00:00,26.446912,91.439057,3,20.0,22.0,22.0
India,Assam,Silchar,"Tarapur, Silchar - PCBA",2025-11-18 17:00:00,24.82827,92.79525,5,36.0,54.0,42.0
India,Assam,Silchar,"Tarapur, Silchar - PCBA",2025-11-18 17:00:00,24.82827,92.79525,4,50.0,88.0,60.0
India,Bihar,Arrah,"New DM Office, Arrah - BSPCB",2025-11-18 17:00:00,25.5626095,84.663264,1,1.0,1.0,1.0
India,Bihar,Arrah,"New DM Office, Arrah - BSPCB",2025-11-18 17:00:00,25.5626095,84.663264,6,8.0,10.0,10.0
India,Bihar,Aurangabad,"Gurdeo Nagar, Aurangabad - BSPCB",2025-11-18 17:00:00,24.75746,84.366208,2,7.0,8.0,8.0
India,Bihar,Aurangabad,"Gurdeo Nagar, Aurangabad - BSPCB",2025-11-18 17:00:00,24.75746,84.366208,0,101.0,104.0,102.0
India,Bihar,Aurangabad,"Gurdeo Nagar, Aurangabad - BSPCB",2025-11-18 17:00:00,24.75746,84.366208,3,6.0,71.0,37.0
India,Assam,Silchar,"Tarapur, Silchar - PCBA",2025-11-18 17:00:00,24.82827,92.79525,3,6.0,12.0,8.0
India,Assam,Sivasagar,"Girls College, Sivasagar - PCBA",2025-11-18 17:00:00,26.987634,94.636574,2,21.0,36.0,27.0
India,Bihar,Araria,"Kharahiya Basti, Araria - BSPCB",2025-11-18 17:00:00,26.146529,87.454184,4,15.0,171.0,68.0
India,Assam,Guwahati,"Pan Bazaar, Guwahati - PCBA",2025-11-18 17:00:00,26.1875,91.744194,4,20.0,109.0,44.0
India,Assam,Guwahati,"Railway Colony, Guwahati - PCBA",2025-11-18 17:00:00,26.181742,91.78063,6,31.0,33.0,32.0
India,Assam,Guwahati,"Railway Colony, Guwahati - PCBA",2025-11-18 17:00:00,26.181742,91.78063,0,22.0,71.0,30.0
India,Andhra_Pradesh,Visakhapatnam,"GVM Corporation, Visakhapatnam - APPCB",2025-11-18 17:00:00,17.72,83.3,4,109.0,145.0,125.0
India,Andhra_Pradesh,Visakhapatnam,"GVM Corporation, Visakhapatnam - APPCB",2025-11-18 17:00:00,17.72,83.3,1,3.0,4.0,3.0
India,Andhra_Pradesh,Visakhapatnam,"GVM Corporation, Visakhapatnam - APPCB",2025-11-18 17:00:00,17.72,83.3,6,21.0,31.0,24.0
India,Assam,Guwahati,"LGBI Airport, Guwahati - PCBA",2025-11-18 17:00:00,26.10887,91.589544,4,40.0,90.0,71.0
India,Assam,Guwahati,"LGBI Airport, Guwahati - PCBA",2025-11-18 17:00:00,26.10887,91.589544,6,4.0,19.0,11.0
India,Andhra_Pradesh,Vijayawada,"Rajiv Nagar, Vijayawada - APPCB",2025-11-18 17:00:00,16.554731,80.64911,6,15.0,32.0,20.0
India,Arunachal_Pradesh,Naharlagun,"Naharlagun, Naharlagun - APSPCB",2025-11-18 17:00:00,27.103358,93.679645,0,6.0,54.0,9.0
India,Bihar,Begusarai,"Lohiyanagar, Begusarai - BSPCB",2025-11-18 17:00:00,25.42742023,86.13886079,3,26.0,106.0,71.0
India,Bihar,Manguraha,"Forest Rest House, Manguraha - BSPCB",2025-11-18 17:00:00,27.308328,84.531742,1,1.0,2.0,1.0
India,Bihar,Manguraha,"Forest Rest House, Manguraha - BSPCB",2025-11-18 17:00:00,27.308328,84.531742,0,32.0,32.0,32.0
India,Bihar,Motihari,"Gandak Colony, Motihari - BSPCB",2025-11-18 17:00:00,26.63086,84.90051,5,33.0,153.0,87.0
India,Bihar,Motihari,"Gandak Colony, Motihari - BSPCB",2025-11-18 17:00:00,26.63086,84.90051,2,5.0,8.0,6.0
India,Bihar,Motihari,"Gandak Colony, Motihari - BSPCB",2025-11-18 17:00:00,26.63086,84.90051,3,2.0,8.0,6.0
India,Bihar,Munger,"Town Hall, Munger - BSPCB",2025-11-18 17:00:00,25.376776,86.471523,4,31.0,167.0,109.0
India,Bihar,Munger,"Town Hall, Munger - BSPCB",2025-11-18 17:00:00,25.376776,86.471523,2,4.0,5.0,5.0
India,Bihar,Munger,"Town Hall, Munger - BSPCB",2025-11-18 17:00:00,25.376776,86.471523,1,5.0,7.0,6.0
India,Bihar,Gaya,"Kareemganj, Gaya - BSPCB",2025-11-18 17:00:00,24.792403,84.992416,3,2.0,38.0,25.0
India,Bihar,Gaya,"SFTI Kusdihra, Gaya - BSPCB",2025-11-18 17:00:00,24.762518,84.982348,1,3.0,4.0,4.0
India,Bihar,Hajipur,"Industrial Area, Hajipur - BSPCB",2025-11-18 17:00:00,25.697189,85.2459,4,68.0,101.0,81.0
India,Bihar,Hajipur,"Industrial Area, Hajipur - BSPCB",2025-11-18 17:00:00,25.697189,85.2459,3,12.0,145.0,118.0
India,Bihar,Katihar,"Mirchaibari, Katihar - BSPCB",2025-11-18 17:00:00,25.560083,87.553265,5,10.0,130.0,64.0
India,Bihar,Katihar,"Mirchaibari, Katihar - BSPCB",2025-11-18 17:00:00,25.560083,87.553265,1,1.0,1.0,1.0
India,Bihar,Muzaffarpur,"MIT-Daudpur Kothi, Muzaffarpur - BSPCB",2025-11-18 17:00:00,26.1403345,85.3650192,0,51.0,70.0,62.0
India,Bihar,Muzaffarpur,"Muzaffarpur Collectorate, Muzaffarpur - BSPCB",2025-11-18 17:00:00,26.1209,85.3647,3,8.0,49.0,11.0
India,Bihar,Bhagalpur,"DM Office_Kachari Chowk, Bhagalpur - BSPCB",2025-11-18 17:00:00,25.251013,86.989001,5,8.0,49.0,11.0
India,Bihar,Bhagalpur,"DM Office_Kachari Chowk, Bhagalpur - BSPCB",2025-11-18 17:00:00,25.251013,86.989001,6,8.0,49.0,11.0
India,Bihar,Bhagalpur,"DM Office_Kachari Chowk, Bhagalpur - BSPCB",2025-11-18 17:00:00,25.251013,86.989001,0,6.0,18.0,14.0
India,Bihar,Muzaffarpur,"MIT-Daudpur Kothi, Muzaffarpur - BSPCB",2025-11-18 17:00:00,26.1403345,85.3650192,5,77.0,110.0,91.0
India,Bihar,Bhagalpur,"Mayaganj, Bhagalpur - BSPCB",2025-11-18 17:00:00,25.265194,87.012947,6,7.0,61.0,43.0
India,Bihar,Gaya,"Collectorate, Gaya - BSPCB",2025-11-18 17:00:00,24.7955,84.9994,6,7.0,61.0,43.0
India,Bihar,Siwan,"Chitragupta Nagar, Siwan - BSPCB",2025-11-18 17:00:00,26.2271665,84.3570427,6,3.0,8.0,7.0
India,Chandigarh,Chandigarh,"Sector 22, Chandigarh - CPCC",2025-11-18 17:00:00,30.735567,76.775714,4,36.0,256.0,89.0
India,Chandigarh,Chandigarh,"Sector 22, Chandigarh - CPCC",2025-11-18 17:00:00,30.735567,76.775714,3,5.0,61.0,46.0
India,Chandigarh,Chandigarh,"Sector-25, Chandigarh - CPCC",2025-11-18 17:00:00,30.751462,76.762879,4,33.0,139.0,92.0
India,Chandigarh,Chandigarh,"Sector-25, Chandigarh - CPCC",2025-11-18 17:00:00,30.751462,76.762879,0,14.0,66.0,21.0
India,Chandigarh,Chandigarh,"Sector-53, Chandigarh - CPCC",2025-11-18 17:00:00,30.719859,76.738637,5,38.0,220.0,93.0
India,Chandigarh,Chandigarh,"Sector-53, Chandigarh - CPCC",2025-11-18 17:00:00,30.719859,76.738637,3,2.0,86.0,61.0
India,Chhattisgarh,Bhilai,"Civic Center, Bhilai - Bhilai Steel Plant",2025-11-18 17:00:00,21.185571,81.343175,6,7.0,11.0,8.0
India,Chhattisgarh,Bhilai,"Civic Center, Bhilai - Bhilai Steel Plant",2025-11-18 17:00:00,21.185571,81.343175,0,30.0,31.0,30.0
India,Chhattisgarh,Bhilai,"Hathkhoj, Bhilai - CECB",2025-11-18 17:00:00,21.224231,81.40835,5,30.0,31.0,30.0
India,Chhattisgarh,Bhilai,"Hathkhoj, Bhilai - CECB",2025-11-18 17:00:00,21.224231,81.40835,2,31.0,59.0,46.0
India,Chhattisgarh,Bhilai,"Hathkhoj, Bhilai - CECB",2025-11-18 17:00:00,21.224231,81.40835,6,27.0,115.0,52.0
India,Chhattisgarh,Bhilai,"Hathkhoj, Bhilai - CECB",2025-11-18 17:00:00,21.224231,81.40835,3,13.0,74.0,43.0
India,Chhattisgarh,Bilaspur,"Mangala, Bilaspur - NTPC",2025-11-18 17:00:00,22.08815,82.13737,0,32.0,56.0,43.0
India,Chhattisgarh,Chhal,"Nawapara SECL Colony, Chhal - CECB",2025-11-18 17:00:00,22.118125,83.140608,4,46.0,232.0,88.0
India,Bihar,Patna,"Rajbansi Nagar, Patna - BSPCB",2025-11-18 17:00:00,25.599486,85.113666,6,6.0,9.0,8.0
India,Bihar,Patna,"Samanpura, Patna - BSPCB",2025-11-18 17:00:00,25.596727,85.085624,5,34.0,352.0,169.0
India,Bihar,Purnia,"Mariam Nagar, Purnia - BSPCB",2025-11-18 17:00:00,25.366336,87.117468,4,8.0,79.0,44.0
India,Bihar,Samastipur,"DM Office_Kasipur, Samastipur - BSPCB",2025-11-18 17:00:00,25.859655,85.77944,3,8.0,8.0,8.0
India,Bihar,Sasaram,"Dada Peer, Sasaram - BSPCB",2025-11-18 17:00:00,24.952822,84.002396,5,32.0,150.0,59.0
India,Bihar,Sasaram,"Dada Peer, Sasaram - BSPCB",2025-11-18 17:00:00,24.952822,84.002396,4,66.0,403.0,150.0
India,Bihar,Rajgir,"Dangi Tola, Rajgir - BSPCB",2025-11-18 17:00:00,25.0328,85.41948,3,31.0,34.0,32.0
India,Bihar,Saharsa,"Police Line, Saharsa - BSPCB",2025-11-18 17:00:00,25.892357,86.590325,5,10.0,152.0,85.0
India,Bihar,Saharsa,"Police Line, Saharsa - BSPCB",2025-11-18 17:00:00,25.892357,86.590325,4,9.0,107.0,69.0
India,Bihar,Patna,"Govt. High School Shikarpur, Patna - BSPCB",2025-11-18 17:00:00,25.592539,85.227158,5,71.0,166.0,136.0
India,Bihar,Patna,"Govt. High School Shikarpur, Patna - BSPCB",2025-11-18 17:00:00,25.592539,85.227158,2,10.0,33.0,20.0
India,Bihar,Patna,"Govt. High School Shikarpur, Patna - BSPCB",2025-11-18 17:00:00,25.592539,85.227158,3,8.0,14.0,11.0
India,Bihar,Patna,"IGSC Planetarium Complex, Patna - BSPCB",2025-11-18 17:00:00,25.610369,85.132568,3,28.0,30.0,29.0
India,Bihar,Patna,"Muradpur, Patna - BSPCB",2025-11-18 17:00:00,25.619651,85.147382,4,72.0,227.0,122.0
India,Bihar,Rajgir,"Dangi Tola, Rajgir - BSPCB",2025-11-18 17:00:00,25.0328,85.41948,4,45.0,137.0,86.0
India,Delhi,Delhi,"Aya Nagar, Delhi - IMD",2025-11-18 17:00:00,28.4706914,77.1099364,5,224.0,401.0,327.0
India,Delhi,Delhi,"Bawana, Delhi - DPCC",2025-11-18 17:00:00,28.7762,77.051074,6,4.0,27.0,14.0
India,Delhi,Delhi,"Burari Crossing, Delhi - IMD",2025-11-18 17:00:00,28.7256504,77.2011573,0,41.0,152.0,72.0
India,Delhi,Delhi,"CRRI Mathura Road, Delhi - IMD",2025-11-18 17:00:00,28.5512005,77.2735737,4,236.0,462.0,377.0
India,Delhi,Delhi,"Jahangirpuri, Delhi - DPCC",2025-11-18 17:00:00,28.73282,77.170633,1,236.0,462.0,377.0
India,Delhi,Delhi,"Jahangirpuri, Delhi - DPCC",2025-11-18 17:00:00,28.73282,77.170633,6,21.0,81.0,52.0
India,Delhi,Delhi,"Jahangirpuri, Delhi - DPCC",2025-11-18 17:00:00,28.73282,77.170633,3,7.0,186.0,102.0
India,Delhi,Delhi,"Jawaharlal Nehru Stadium, Delhi - DPCC",2025-11-18 17:00:00,28.58028,77.233829,4,200.0,447.0,352.0
India,Delhi,Delhi,"Lodhi Road, Delhi - IITM",2025-11-18 17:00:00,28.588333,77.221667,5,200.0,447.0,352.0
India,Delhi,Delhi,"Anand Vihar, Delhi - DPCC",2025-11-18 17:00:00,28.647622,77.315809,0,39.0,190.0,76.0
India,Delhi,Delhi,"Anand Vihar, Delhi - DPCC",2025-11-18 17:00:00,28.647622,77.315809,3,5.0,7.0,6.0
India,Delhi,Delhi,"Ashok Vihar, Delhi - DPCC",2025-11-18 17:00:00,28.695381,77.181665,5,287.0,500.0,413.0
India,Delhi,Delhi,"Ashok Vihar, Delhi - DPCC",2025-11-18 17:00:00,28.695381,77.181665,6,5.0,30.0,18.0
India,Delhi,Delhi,"Ashok Vihar, Delhi - DPCC",2025-11-18 17:00:00,28.695381,77.181665,0,1.0,178.0,46.0
India,Delhi,Delhi,"Ashok Vihar, Delhi - DPCC",2025-11-18 17:00:00,28.695381,77.181665,3,2.0,153.0,90.0
India,Delhi,Delhi,"IGI Airport (T3), Delhi - IMD",2025-11-18 17:00:00,28.5627763,77.1180053,4,170.0,447.0,344.0
India,Delhi,Delhi,"IHBAS, Dilshad Garden, Delhi - CPCB",2025-11-18 17:00:00,28.6811736,77.3025234,0,30.0,94.0,70.0
India,Delhi,Delhi,"ITO, Delhi - CPCB",2025-11-18 17:00:00,28.628624,77.24106,1,3.0,7.0,5.0
India,Delhi,Delhi,"Mandir Marg, Delhi - DPCC",2025-11-18 17:00:00,28.636429,77.201067,6,53.0,102.0,85.0
India,Delhi,Delhi,"Mundka, Delhi - DPCC",2025-11-18 17:00:00,28.684678,77.076574,3,2.0,37.0,3.0
India,Delhi,Delhi,"NSIT Dwarka, Delhi - CPCB",2025-11-18 17:00:00,28.60909,77.0325413,6,3.0,98.0,46.0
India,Chhattisgarh,Milupara,"Govt. Higher Secondary School, Milupara - CECB",2025-11-18 17:00:00,22.1910172,83.5197009,2,23.0,63.0,35.0
India,Chhattisgarh,Raipur,"AIIMS, Raipur - CECB",2025-11-18 17:00:00,21.258815,81.578979,1,4.0,5.0,4.0
India,Chhattisgarh,Korba,"Urja Nagar, Korba - CECB",2025-11-18 17:00:00,22.348441,82.549611,2,37.0,65.0,48.0
India,Chhattisgarh,Korba,"Urja Nagar, Korba - CECB",2025-11-18 17:00:00,22.348441,82.549611,6,3.0,23.0,13.0
India,Chhattisgarh,Korba,"Urja Nagar, Korba - CECB",2025-11-18 17:00:00,22.348441,82.549611,0,22.0,48.0,24.0
India,Chhattisgarh,Raipur,"Siltara Phase-II, Raipur - CECB",2025-11-18 17:00:00,21.371751,81.664929,5,52.0,272.0,153.0
India,Chhattisgarh,Raipur,"Siltara Phase-II, Raipur - CECB",2025-11-18 17:00:00,21.371751,81.664929,3,3.0,3.0,3.0
India,Delhi,Delhi,"Dr. Karni Singh Shooting Range, Delhi - DPCC",2025-11-18 17:00:00,28.498571,77.26484,0,45.0,103.0,71.0
India,Delhi,Delhi,"Sonia Vihar, Delhi - DPCC",2025-11-18 17:00:00,28.710508,77.249485,1,6.0,10.0,8.0
India,Delhi,Delhi,"Sonia Vihar, Delhi - DPCC",2025-11-18 17:00:00,28.710508,77.249485,3,1.0,47.0,23.0
India,Delhi,Delhi,"Sri Aurobindo Marg, Delhi - DPCC",2025-11-18 17:00:00,28.531346,77.190156,2,13.0,61.0,32.0
India,Delhi,Delhi,"Sri Aurobindo Marg, Delhi - DPCC",2025-11-18 17:00:00,28.531346,77.190156,0,36.0,127.0,51.0
India,Delhi,Delhi,"Vivek Vihar, Delhi - DPCC",2025-11-18 17:00:00,28.672342,77.31526,1,11.0,14.0,12.0
India,Delhi,Delhi,"Vivek Vihar, Delhi - DPCC",2025-11-18 17:00:00,28.672342,77.31526,0,8.0,156.0,56.0
India,Delhi,Delhi,"Vivek Vihar, Delhi - DPCC",2025-11-18 17:00:00,28.672342,77.31526,3,3.0,92.0,29.0
India,Delhi,Delhi,"Wazirpur, Delhi - DPCC",2025-11-18 17:00:00,28.699793,77.165453,2,68.0,159.0,111.0
India,Delhi,Delhi,"North Campus, DU, Delhi - IMD",2025-11-18 17:00:00,28.6573814,77.1585447,5,205.0,500.0,382.0
India,Delhi,Delhi,"North Campus, DU, Delhi - IMD",2025-11-18 17:00:00,28.6573814,77.1585447,4,189.0,497.0,342.0
India,Delhi,Delhi,"Okhla Phase-2, Delhi - DPCC",2025-11-18 17:00:00,28.530785,77.271255,5,260.0,427.0,373.0
India,Delhi,Delhi,"Okhla Phase-2, Delhi - DPCC",2025-11-18 17:00:00,28.530785,77.271255,6,19.0,31.0,24.0
India,Delhi,Delhi,"Patparganj, Delhi - DPCC",2025-11-18 17:00:00,28.623763,77.287209,4,186.0,470.0,365.0
India,Delhi,Delhi,"Patparganj, Delhi - DPCC",2025-11-18 17:00:00,28.623763,77.287209,0,12.0,193.0,17.0
India,Delhi,Delhi,"Punjabi Bagh, Delhi - DPCC",2025-11-18 17:00:00,28.674045,77.131023,5,237.0,492.0,405.0
India,Delhi,Delhi,"Punjabi Bagh, Delhi - DPCC",2025-11-18 17:00:00,28.674045,77.131023,0,36.0,154.0,47.0
India,Delhi,Delhi,"Pusa, Delhi - DPCC",2025-11-18 17:00:00,28.639652,77.146275,2,47.0,214.0,128.0
India,Delhi,Delhi,"Pusa, Delhi - DPCC",2025-11-18 17:00:00,28.639652,77.146275,0,78.0,106.0,96.0
India,Delhi,Delhi,"Pusa, Delhi - IMD",2025-11-18 17:00:00,28.63611,77.173332,5,182.0,441.0,330.0
India,Delhi,Delhi,"R K Puram, Delhi - DPCC",2025-11-18 17:00:00,28.563262,77.186937,5,303.0,473.0,391.0
India,Delhi,Delhi,"R K Puram, Delhi - DPCC",2025-11-18 17:00:00,28.563262,77.186937,6,303.0,473.0,391.0
India,Delhi,Delhi,"Wazirpur, Delhi - DPCC",2025-11-18 17:00:00,28.699793,77.165453,6,3.0,23.0,14.0
India,Gujarat,Ahmedabad,"Gyaspur, Ahmedabad - IITM",2025-11-18 17:00:00,22.977134,72.553024,5,82.0,158.0,93.0
India,Gujarat,Ahmedabad,"Gyaspur, Ahmedabad - IITM",2025-11-18 17:00:00,22.977134,72.553024,1,4.0,11.0,9.0
India,Gujarat,Ahmedabad,"Gyaspur, Ahmedabad - IITM",2025-11-18 17:00:00,22.977134,72.553024,0,30.0,62.0,41.0
India,Gujarat,Ahmedabad,"Maninagar, Ahmedabad - GPCB",2025-11-18 17:00:00,23.002657,72.591912,5,34.0,238.0,90.0
India,Gujarat,Gandhinagar,"GIFT City, Gandhinagar - IITM",2025-11-18 17:00:00,23.163798,72.677768,2,12.0,86.0,38.0
India,Gujarat,Gandhinagar,"Sector-10, Gandhinagar - GPCB",2025-11-18 17:00:00,23.221714,72.654328,6,6.0,14.0,11.0
India,Gujarat,Gandhinagar,"Sector-10, Gandhinagar - GPCB",2025-11-18 17:00:00,23.221714,72.654328,0,24.0,43.0,30.0
India,Gujarat,Surat,"Science Center, Surat - SMC",2025-11-18 17:00:00,21.170046,72.795405,5,58.0,163.0,100.0
India,Delhi,Delhi,"Rohini, Delhi - DPCC",2025-11-18 17:00:00,28.732528,77.11992,3,6.0,280.0,199.0
India,Delhi,Delhi,"Sirifort, Delhi - CPCB",2025-11-18 17:00:00,28.5504249,77.2159377,6,21.0,45.0,30.0
India,Delhi,Delhi,"Sonia Vihar, Delhi - DPCC",2025-11-18 17:00:00,28.710508,77.249485,4,171.0,485.0,343.0
India,Gujarat,Ahmedabad,"Raikhad, Ahmedabad - IITM",2025-11-18 17:00:00,23.020509,72.579261,5,123.0,302.0,205.0
India,Gujarat,Ahmedabad,"Rakhial, Ahmedabad - IITM",2025-11-18 17:00:00,23.016834,72.625775,2,10.0,149.0,34.0
India,Gujarat,Ahmedabad,"SAC ISRO Bopal, Ahmedabad - IITM",2025-11-18 17:00:00,23.041137,72.456691,6,2.0,24.0,6.0
India,Gujarat,Ahmedabad,"SVPI Airport Hansol, Ahmedabad - IITM",2025-11-18 17:00:00,23.076793,72.627874,3,2.0,71.0,56.0
India,Delhi,Delhi,"Najafgarh, Delhi - DPCC",2025-11-18 17:00:00,28.570173,76.933762,0,44.0,98.0,68.0
India,Haryana,Faridabad,"Sector 30, Faridabad - HSPCB",2025-11-18 17:00:00,28.4417,77.3217,5,206.0,229.0,214.0
India,Haryana,Faridabad,"Sector 30, Faridabad - HSPCB",2025-11-18 17:00:00,28.4417,77.3217,6,6.0,6.0,6.0
India,Haryana,Fatehabad,"Huda Sector, Fatehabad - HSPCB",2025-11-18 17:00:00,29.503664,75.467934,6,3.0,39.0,20.0
India,Haryana,Fatehabad,"Huda Sector, Fatehabad - HSPCB",2025-11-18 17:00:00,29.503664,75.467934,0,25.0,78.0,27.0
India,Haryana,Fatehabad,"Huda Sector, Fatehabad - HSPCB",2025-11-18 17:00:00,29.503664,75.467934,3,10.0,33.0,28.0
India,Haryana,Gurugram,"NISE Gwal Pahari, Gurugram - IMD",2025-11-18 17:00:00,28.422681,77.148944,4,157.0,453.0,245.0
India,Haryana,Gurugram,"Sector-51, Gurugram - HSPCB",2025-11-18 17:00:00,28.4227,77.0667,4,101.0,500.0,254.0
India,Haryana,Gurugram,"Sector-51, Gurugram - HSPCB",2025-11-18 17:00:00,28.4227,77.0667,2,4.0,10.0,6.0
India,Haryana,Gurugram,"Sector-51, Gurugram - HSPCB",2025-11-18 17:00:00,28.4227,77.0667,1,6.0,10.0,8.0
India,Haryana,Charkhi Dadri,"Mini Secretariat, Charkhi Dadri - HSPCB",2025-11-18 17:00:00,28.593883,76.270653,4,125.0,435.0,215.0
India,Haryana,Charkhi Dadri,"Mini Secretariat, Charkhi Dadri - HSPCB",2025-11-18 17:00:00,28.593883,76.270653,6,10.0,12.0,11.0
India,Haryana,Charkhi Dadri,"Mini Secretariat, Charkhi Dadri - HSPCB",2025-11-18 17:00:00,28.593883,76.270653,0,10.0,25.0,14.0
India,Haryana,Dharuhera,"Municipal Corporation Office, Dharuhera -  HSPCB",2025-11-18 17:00:00,28.2068,76.7997,2,12.0,39.0,29.0
India,Haryana,Dharuhera,"Municipal Corporation Office, Dharuhera -  HSPCB",2025-11-18 17:00:00,28.2068,76.7997,6,1.0,22.0,12.0
India,Haryana,Dharuhera,"Municipal Corporation Office, Dharuhera -  HSPCB",2025-11-18 17:00:00,28.2068,76.7997,0,62.0,86.0,69.0
India,Haryana,Dharuhera,"Municipal Corporation Office, Dharuhera -  HSPCB",2025-11-18 17:00:00,28.2068,76.7997,3,6.0,48.0,32.0
India,Haryana,Faridabad,"Sector 11, Faridabad - HSPCB",2025-11-18 17:00:00,28.376058,77.315741,6,7.0,112.0,52.0
India,Haryana,Kurukshetra,"Sector-7, Kurukshetra - HSPCB",2025-11-18 17:00:00,29.966942,76.875879,0,11.0,117.0,21.0
India,Haryana,Mandikhera,"General Hospital, Mandikhera - HSPCB",2025-11-18 17:00:00,27.9002,76.9938,0,20.0,82.0,67.0
India,Haryana,Mandikhera,"General Hospital, Mandikhera - HSPCB",2025-11-18 17:00:00,27.9002,76.9938,3,23.0,33.0,27.0
India,Haryana,Manesar,"Sector-2 IMT, Manesar - HSPCB",2025-11-18 17:00:00,28.360699,76.93609,4,92.0,447.0,243.0
India,Haryana,Manesar,"Sector-2 IMT, Manesar - HSPCB",2025-11-18 17:00:00,28.360699,76.93609,2,64.0,76.0,70.0
India,Haryana,Narnaul,"Shastri Nagar, Narnaul - HSPCB",2025-11-18 17:00:00,28.060249,76.113115,1,3.0,9.0,5.0
India,Haryana,Narnaul,"Shastri Nagar, Narnaul - HSPCB",2025-11-18 17:00:00,28.060249,76.113115,6,11.0,12.0,12.0
India,Haryana,Jind,"Police Lines, Jind - HSPCB",2025-11-18 17:00:00,29.307814,76.337619,1,11.0,12.0,12.0
India,Haryana,Jind,"Police Lines, Jind - HSPCB",2025-11-18 17:00:00,29.307814,76.337619,0,21.0,147.0,74.0
India,Haryana,Kaithal,"Rishi Nagar, Kaithal - HSPCB",2025-11-18 17:00:00,29.8006,76.4155,4,109.0,175.0,142.0
India,Haryana,Kaithal,"Rishi Nagar, Kaithal - HSPCB",2025-11-18 17:00:00,29.8006,76.4155,1,5.0,6.0,6.0
India,Haryana,Karnal,"Sector-12, Karnal - HSPCB",2025-11-18 17:00:00,29.6953,77.0027,5,74.0,312.0,240.0
India,Haryana,Karnal,"Sector-12, Karnal - HSPCB",2025-11-18 17:00:00,29.6953,77.0027,2,9.0,11.0,10.0
India,Haryana,Kurukshetra,"Sector-7, Kurukshetra - HSPCB",2025-11-18 17:00:00,29.966942,76.875879,4,80.0,205.0,143.0
India,Haryana,Gurugram,"Sector-51, Gurugram - HSPCB",2025-11-18 17:00:00,28.4227,77.0667,0,23.0,46.0,26.0
India,Haryana,Gurugram,"Teri Gram, Gurugram - HSPCB",2025-11-18 17:00:00,28.4275,77.1465,5,99.0,298.0,203.0
India,Haryana,Gurugram,"Teri Gram, Gurugram - HSPCB",2025-11-18 17:00:00,28.4275,77.1465,2,1.0,62.0,16.0
India,Haryana,Hisar,"Urban Estate-II, Hisar - HSPCB",2025-11-18 17:00:00,29.14056,75.744941,2,11.0,12.0,11.0
India,Haryana,Hisar,"Urban Estate-II, Hisar - HSPCB",2025-11-18 17:00:00,29.14056,75.744941,1,4.0,5.0,5.0
India,Haryana,Hisar,"Urban Estate-II, Hisar - HSPCB",2025-11-18 17:00:00,29.14056,75.744941,0,55.0,132.0,56.0
India,Haryana,Hisar,"Urban Estate-II, Hisar - HSPCB",2025-11-18 17:00:00,29.14056,75.744941,3,45.0,132.0,101.0
India,Haryana,Bahadurgarh,"Arya Nagar, Bahadurgarh - HSPCB",2025-11-18 17:00:00,28.6701,76.9254,0,42.0,50.0,47.0
India,Haryana,Ballabgarh,"Nathu Colony, Ballabgarh - HSPCB",2025-11-18 17:00:00,28.3419248,77.319699,3,2.0,2.0,2.0
India,Haryana,Bhiwani,"H.B. Colony, Bhiwani - HSPCB",2025-11-18 17:00:00,28.806223,76.141105,5,88.0,189.0,122.0
India,Haryana,Bhiwani,"H.B. Colony, Bhiwani - HSPCB",2025-11-18 17:00:00,28.806223,76.141105,4,75.0,116.0,93.0
India,Haryana,Bhiwani,"H.B. Colony, Bhiwani - HSPCB",2025-11-18 17:00:00,28.806223,76.141105,2,1.0,34.0,31.0
India,Haryana,Bhiwani,"H.B. Colony, Bhiwani - HSPCB",2025-11-18 17:00:00,28.806223,76.141105,1,1.0,8.0,8.0
India,Haryana,Sirsa,"F-Block, Sirsa - HSPCB",2025-11-18 17:00:00,29.5364,75.0158,4,44.0,151.0,96.0
India,Haryana,Sirsa,"F-Block, Sirsa - HSPCB",2025-11-18 17:00:00,29.5364,75.0158,1,11.0,15.0,13.0
India,Haryana,Sirsa,"F-Block, Sirsa - HSPCB",2025-11-18 17:00:00,29.5364,75.0158,6,8.0,14.0,11.0
India,Haryana,Sonipat,"Murthal, Sonipat - HSPCB",2025-11-18 17:00:00,29.0272,77.0621,2,20.0,53.0,44.0
India,Gujarat,Vapi,"Phase-1 GIDC, Vapi - GPCB",2025-11-18 17:00:00,20.362421,72.918013,1,20.0,53.0,44.0
India,Gujarat,Vatva,"Phase-4 GIDC, Vatva - GPCB",2025-11-18 17:00:00,22.969611,72.6435,5,59.0,264.0,112.0
India,Haryana,Panchkula,"Sector-6, Panchkula - HSPCB ",2025-11-18 17:00:00,30.7057778,76.85318056,5,41.0,301.0,122.0
India,Haryana,Panchkula,"Sector-6, Panchkula - HSPCB ",2025-11-18 17:00:00,30.7057778,76.85318056,0,19.0,22.0,21.0
India,Karnataka,Kalaburagi,"Lal Bahadur Shastri Nagar, Kalaburagi - KSPCB",2025-11-18 17:00:00,17.321993,76.822628,5,42.0,71.0,59.0
India,Karnataka,Kalaburagi,"Lal Bahadur Shastri Nagar, Kalaburagi - KSPCB",2025-11-18 17:00:00,17.321993,76.822628,1,1.0,1.0,1.0
India,Karnataka,Kalaburagi,"Lal Bahadur Shastri Nagar, Kalaburagi - KSPCB",2025-11-18 17:00:00,17.321993,76.822628,0,30.0,38.0,37.0
India,Karnataka,Kalaburagi,"Lal Bahadur Shastri Nagar, Kalaburagi - KSPCB",2025-11-18 17:00:00,17.321993,76.822628,3,20.0,20.0,20.0
India,Karnataka,Kalaburagi,"Mahatma Basaveswar Colony, Kalaburgi - KSPCB",2025-11-18 17:00:00,17.336318,76.847397,4,22.0,60.0,38.0
India,Karnataka,Kalaburagi,"Mahatma Basaveswar Colony, Kalaburgi - KSPCB",2025-11-18 17:00:00,17.336318,76.847397,3,13.0,44.0,27.0
India,Karnataka,Koppal,"Diwator Nagar, Koppal - KSPCB",2025-11-18 17:00:00,15.34763,76.181767,2,34.0,40.0,37.0
India,Karnataka,Koppal,"Diwator Nagar, Koppal - KSPCB",2025-11-18 17:00:00,15.34763,76.181767,6,11.0,41.0,31.0
India,Karnataka,Davanagere,"Devaraj Urs Badavane, Davanagere - KSPCB",2025-11-18 17:00:00,14.4758,75.9052,4,11.0,41.0,31.0
India,Karnataka,Dharwad,"Kalabhavan, Dharwad - KSPCB",2025-11-18 17:00:00,15.459706,75.008381,5,48.0,64.0,60.0
India,Karnataka,Dharwad,"Kalabhavan, Dharwad - KSPCB",2025-11-18 17:00:00,15.459706,75.008381,6,1.0,7.0,4.0
India,Karnataka,Gadag,"Panchal Nagar, Gadag - KSPCB",2025-11-18 17:00:00,15.411456,75.638133,2,1.0,37.0,7.0
India,Karnataka,Gadag,"Panchal Nagar, Gadag - KSPCB",2025-11-18 17:00:00,15.411456,75.638133,6,11.0,41.0,28.0
India,Karnataka,Hubballi,"Lingaraj Nagar, Hubballi - KSPCB",2025-11-18 17:00:00,15.3714823,75.1160168,5,44.0,67.0,46.0
India,Karnataka,Hubballi,"Lingaraj Nagar, Hubballi - KSPCB",2025-11-18 17:00:00,15.3714823,75.1160168,6,2.0,4.0,2.0
India,Jharkhand,Dhanbad,"Sardar Patel Nagar, Dhanbad - JSPCB",2025-11-18 17:00:00,23.80569,86.44268,4,23.0,168.0,100.0
India,Jharkhand,Dhanbad,"Sardar Patel Nagar, Dhanbad - JSPCB",2025-11-18 17:00:00,23.80569,86.44268,2,97.0,239.0,126.0
India,Jharkhand,Dhanbad,"Sardar Patel Nagar, Dhanbad - JSPCB",2025-11-18 17:00:00,23.80569,86.44268,6,16.0,112.0,58.0
India,Karnataka,Bagalkot,"Vidayagiri, Bagalkot - KSPCB",2025-11-18 17:00:00,16.172806,75.659694,6,7.0,7.0,7.0
India,Karnataka,Belgaum,"Ramteerth Nagar, Belgaum - KSPCB",2025-11-18 17:00:00,15.888653,74.541751,5,37.0,143.0,77.0
India,Karnataka,Belgaum,"Ramteerth Nagar, Belgaum - KSPCB",2025-11-18 17:00:00,15.888653,74.541751,4,48.0,139.0,95.0
India,Karnataka,Bengaluru,"Shivapura_Peenya, Bengaluru - KSPCB",2025-11-18 17:00:00,13.0246342,77.5080115,6,5.0,13.0,8.0
India,Karnataka,Chamarajanagar,"Urban, Chamarajanagar - KSPCB",2025-11-18 17:00:00,11.55358,76.55521,2,14.0,29.0,21.0
India,Karnataka,Chamarajanagar,"Urban, Chamarajanagar - KSPCB",2025-11-18 17:00:00,11.55358,76.55521,1,1.0,2.0,2.0
India,Karnataka,Chikkamagaluru,"Kalyana Nagara, Chikkamagaluru - KSPCB",2025-11-18 17:00:00,13.328028,75.797056,5,40.0,80.0,57.0
India,Karnataka,Chikkamagaluru,"Kalyana Nagara, Chikkamagaluru - KSPCB",2025-11-18 17:00:00,13.328028,75.797056,1,3.0,3.0,3.0
India,Haryana,Yamuna Nagar,"Gobind Pura, Yamuna Nagar - HSPCB",2025-11-18 17:00:00,30.1480566,77.2893471,4,3.0,3.0,3.0
India,Himachal Pradesh,Baddi,"HIMUDA Complex Phase-1, Baddi - HPPCB",2025-11-18 17:00:00,30.943887,76.801991,5,45.0,287.0,106.0
India,Himachal Pradesh,Baddi,"HIMUDA Complex Phase-1, Baddi - HPPCB",2025-11-18 17:00:00,30.943887,76.801991,6,23.0,111.0,50.0
India,Jammu_and_Kashmir,Srinagar,"Rajbagh, Srinagar - JKSPCB",2025-11-18 17:00:00,34.066206,74.81982,0,12.0,18.0,15.0
India,Karnataka,Bengaluru,"BTM Layout, Bengaluru - CPCB",2025-11-18 17:00:00,12.9135218,77.5950804,6,15.0,16.0,16.0
India,Karnataka,Bengaluru,"City Railway Station, Bengaluru - KSPCB",2025-11-18 17:00:00,12.9756843,77.5660749,4,99.0,107.0,104.0
India,Karnataka,Bengaluru,"City Railway Station, Bengaluru - KSPCB",2025-11-18 17:00:00,12.9756843,77.5660749,0,85.0,88.0,87.0
India,Karnataka,Bengaluru,"Hebbal, Bengaluru - KSPCB",2025-11-18 17:00:00,13.029152,77.585901,0,17.0,31.0,20.0
India,Karnataka,Bengaluru,"Jayanagar 5th Block, Bengaluru - KSPCB",2025-11-18 17:00:00,12.920984,77.584908,5,17.0,31.0,20.0
India,Karnataka,Bengaluru,"Jayanagar 5th Block, Bengaluru - KSPCB",2025-11-18 17:00:00,12.920984,77.584908,0,36.0,62.0,49.0
India,Karnataka,Bengaluru,"Jayanagar 5th Block, Bengaluru - KSPCB",2025-11-18 17:00:00,12.920984,77.584908,3,23.0,43.0,29.0
India,Karnataka,Bengaluru,"Kasturi Nagar, Bengaluru - KSPCB",2025-11-18 17:00:00,13.003872,77.664217,3,20.0,21.0,20.0
India,Karnataka,Bengaluru,"Peenya, Bengaluru - CPCB",2025-11-18 17:00:00,13.0270199,77.494094,4,70.0,115.0,97.0
India,Karnataka,Bengaluru,"Peenya, Bengaluru - CPCB",2025-11-18 17:00:00,13.0270199,77.494094,2,26.0,31.0,28.0
India,Karnataka,Bengaluru,"RVCE-Mailasandra, Bengaluru - KSPCB",2025-11-18 17:00:00,12.921418,77.502466,6,5.0,6.0,6.0
India,Karnataka,Mangalore,"Kadri, Mangalore - KSPCB",2025-11-18 17:00:00,12.88925,74.853,1,1.0,1.0,1.0
India,Karnataka,Mysuru,"Hebbal 1st Stage, Mysuru - KSPCB",2025-11-18 17:00:00,12.21041,76.37376,1,3.0,8.0,5.0
India,Kerala,Thiruvananthapuram,"Plammoodu, Thiruvananthapuram - Kerala PCB",2025-11-18 17:00:00,8.5149093,76.9435879,4,17.0,54.0,31.0
India,Kerala,Thiruvananthapuram,"Plammoodu, Thiruvananthapuram - Kerala PCB",2025-11-18 17:00:00,8.5149093,76.9435879,2,8.0,89.0,33.0
India,Kerala,Thrissur,"Corporation Ground, Thrissur - Kerala PCB",2025-11-18 17:00:00,10.5324,76.2159,3,30.0,31.0,30.0
India,Madhya Pradesh,Bhopal,"Idgah Hills, Bhopal - MPPCB",2025-11-18 17:00:00,23.264759,77.381568,2,19.0,50.0,30.0
India,Madhya Pradesh,Bhopal,"Paryavaran Parisar, Bhopal - MPPCB",2025-11-18 17:00:00,23.210494,77.425409,2,33.0,124.0,74.0
India,Madhya Pradesh,Bhopal,"Paryavaran Parisar, Bhopal - MPPCB",2025-11-18 17:00:00,23.210494,77.425409,1,6.0,9.0,7.0
India,Madhya Pradesh,Gwalior,"City Center, Gwalior - MPPCB",2025-11-18 17:00:00,26.203442,78.193251,1,2.0,4.0,4.0
India,Madhya Pradesh,Gwalior,"Deen Dayal Nagar, Gwalior - MPPCB",2025-11-18 17:00:00,26.259242,78.216432,4,106.0,427.0,179.0
India,Madhya Pradesh,Gwalior,"Deen Dayal Nagar, Gwalior - MPPCB",2025-11-18 17:00:00,26.259242,78.216432,6,4.0,45.0,15.0
India,Madhya Pradesh,Gwalior,"Deen Dayal Nagar, Gwalior - MPPCB",2025-11-18 17:00:00,26.259242,78.216432,3,6.0,302.0,293.0
India,Madhya Pradesh,Gwalior,"Maharaj Bada, Gwalior - MPPCB",2025-11-18 17:00:00,26.200388,78.147714,5,127.0,349.0,214.0
India,Madhya Pradesh,Indore,"Residency Area, Indore - IMC",2025-11-18 17:00:00,22.7084,75.8815,6,26.0,32.0,29.0
India,Madhya Pradesh,Indore,"Residency Area, Indore - IMC",2025-11-18 17:00:00,22.7084,75.8815,3,12.0,41.0,22.0
India,Madhya Pradesh,Jabalpur,"Govindh Bhavan Colony, Jabalpur - JMC",2025-11-18 17:00:00,23.163174,79.973061,5,87.0,210.0,140.0
India,Madhya Pradesh,Jabalpur,"Gupteshwar, Jabalpur - JMC",2025-11-18 17:00:00,23.142888,79.916147,4,102.0,197.0,137.0
India,Karnataka,Vijayapura,"Ibrahimpur, Vijayapura - KSPCB",2025-11-18 17:00:00,16.802639,75.722694,4,42.0,43.0,43.0
India,Karnataka,Vijayapura,"Ibrahimpur, Vijayapura - KSPCB",2025-11-18 17:00:00,16.802639,75.722694,2,11.0,12.0,11.0
India,Karnataka,Yadgir,"Collector Office, Yadgir - KSPCB",2025-11-18 17:00:00,16.7602,77.1428,5,68.0,191.0,110.0
India,Kerala,Eloor,"Udyogamandal, Eloor - Kerala PCB",2025-11-18 17:00:00,10.073232,76.302765,3,11.0,16.0,13.0
India,Madhya Pradesh,Indore,"Airport Area, Indore - IMC",2025-11-18 17:00:00,22.7289,75.8076,3,3.0,48.0,20.0
India,Madhya Pradesh,Indore,"Chhoti Gwaltoli, Indore - MPPCB",2025-11-18 17:00:00,22.431,75.5213,2,110.0,213.0,148.0
India,Madhya Pradesh,Indore,"Chhoti Gwaltoli, Indore - MPPCB",2025-11-18 17:00:00,22.431,75.5213,0,49.0,141.0,57.0
India,Madhya Pradesh,Indore,"Regional Park, Indore - IMC",2025-11-18 17:00:00,22.678,75.8559,6,22.0,26.0,24.0
India,Madhya Pradesh,Bhopal,"Paryavaran Parisar, Bhopal - MPPCB",2025-11-18 17:00:00,23.210494,77.425409,0,2.0,105.0,32.0
India,Madhya Pradesh,Damoh,"Shrivastav Colony, Damoh - MPPCB",2025-11-18 17:00:00,23.81748678,79.446246,5,36.0,86.0,52.0
India,Madhya Pradesh,Dewas,"Bhopal Chauraha, Dewas - MPPCB",2025-11-18 17:00:00,22.9682591,76.064118,1,2.0,3.0,2.0
India,Karnataka,Tumakuru,"Thimmalapura, Tumakuru - KSPCB",2025-11-18 17:00:00,13.377516,77.099072,6,2.0,3.0,2.0
India,Kerala,Kollam,"Polayathode, Kollam - Kerala PCB",2025-11-18 17:00:00,8.8787,76.6073,0,14.0,17.0,16.0
India,Madhya Pradesh,Sagar,"Civil Lines, Sagar - MPPCB",2025-11-18 17:00:00,23.838586,78.759431,6,8.0,24.0,12.0
India,Madhya Pradesh,Sagar,"Deen Dayal Nagar, Sagar - MPPCB",2025-11-18 17:00:00,23.8640158,78.80289321,0,51.0,76.0,58.0
India,Madhya Pradesh,Satna,"Bandhavgar Colony, Satna - Birla Cement",2025-11-18 17:00:00,24.58434363,80.8549414,5,44.0,48.0,46.0
India,Madhya Pradesh,Satna,"Bandhavgar Colony, Satna - Birla Cement",2025-11-18 17:00:00,24.58434363,80.8549414,6,18.0,20.0,19.0
India,Madhya Pradesh,Singrauli,"Suryakiran Bhawan NCL, Singrauli - MPPCB",2025-11-18 17:00:00,24.10897,82.64558,3,1.0,76.0,42.0
India,Maharashtra,Ahmednagar,"Tarakpur, Ahmednagar - MPCB",2025-11-18 17:00:00,19.10122,74.73339,2,17.0,25.0,21.0
India,Maharashtra,Chandrapur,"Chauhan Colony, Chandrapur - MPCB",2025-11-18 17:00:00,19.9629,79.298714,0,24.0,38.0,29.0
India,Maharashtra,Chandrapur,"MIDC Khutala, Chandrapur - MPCB",2025-11-18 17:00:00,19.9775302,79.2337086,3,16.0,19.0,18.0
India,Maharashtra,Dhule,"Deopur, Dhule - MPCB",2025-11-18 17:00:00,20.918946,74.776388,2,12.0,113.0,36.0
India,Maharashtra,Dhule,"Deopur, Dhule - MPCB",2025-11-18 17:00:00,20.918946,74.776388,1,1.0,11.0,3.0
India,Maharashtra,Jalgaon,"Prabhat Colony, Jalgaon - MPCB",2025-11-18 17:00:00,21.001264,75.565602,5,88.0,272.0,152.0
India,Madhya Pradesh,Mandideep,"Sector-D Industrial Area, Mandideep - MPPCB",2025-11-18 17:00:00,23.10844,77.511428,3,8.0,125.0,81.0
India,Madhya Pradesh,Pithampur,"Sector-2 Industrial Area, Pithampur - MPPCB",2025-11-18 17:00:00,22.624758,75.675238,4,120.0,273.0,182.0
India,Madhya Pradesh,Ratlam,"Shasthri Nagar, Ratlam - IPCA Lab",2025-11-18 17:00:00,23.331731,75.045981,6,6.0,18.0,11.0
India,Madhya Pradesh,Sagar,"Civil Lines, Sagar - MPPCB",2025-11-18 17:00:00,23.838586,78.759431,4,112.0,183.0,134.0
India,Maharashtra,Aurangabad,"MIDC Chilkalthana, Aurangabad - MPCB",2025-11-18 17:00:00,19.87562,75.38731,2,18.0,113.0,59.0
India,Maharashtra,Aurangabad,"More Chowk Waluj, Aurangabad - MPCB",2025-11-18 17:00:00,19.8389439,75.244448,6,13.0,25.0,18.0
India,Maharashtra,Aurangabad,"More Chowk Waluj, Aurangabad - MPCB",2025-11-18 17:00:00,19.8389439,75.244448,0,8.0,142.0,113.0
India,Maharashtra,Aurangabad,"More Chowk Waluj, Aurangabad - MPCB",2025-11-18 17:00:00,19.8389439,75.244448,3,25.0,29.0,28.0
India,Madhya Pradesh,Jabalpur,"Suhagi, Jabalpur - JMC",2025-11-18 17:00:00,23.218135,79.95777,4,77.0,172.0,123.0
India,Madhya Pradesh,Jabalpur,"Suhagi, Jabalpur - JMC",2025-11-18 17:00:00,23.218135,79.95777,0,19.0,103.0,34.0
India,Madhya Pradesh,Katni,"Gole Bazar, Katni - MPPCB",2025-11-18 17:00:00,23.50016,80.23284,2,15.0,85.0,49.0
India,Maharashtra,Badlapur,"Katrap, Badlapur - MPCB",2025-11-18 17:00:00,19.16485,73.23409,0,26.0,77.0,33.0
India,Maharashtra,Belapur,"CBD Belapur, Belapur - MPCB",2025-11-18 17:00:00,19.0243902,73.0406721,6,7.0,21.0,16.0
India,Maharashtra,Belapur,"CBD Belapur, Belapur - MPCB",2025-11-18 17:00:00,19.0243902,73.0406721,0,6.0,52.0,26.0
India,Maharashtra,Bhiwandi,"Gokul Nagar, Bhiwandi - MPCB",2025-11-18 17:00:00,19.309073,73.057223,1,3.0,7.0,5.0
India,Maharashtra,Chandrapur,"Chauhan Colony, Chandrapur - MPCB",2025-11-18 17:00:00,19.9629,79.298714,5,58.0,118.0,80.0
India,Maharashtra,Amravati,"Shri Shivaji Science College, Amravati - MPCB",2025-11-18 17:00:00,20.939198,77.765701,5,72.0,219.0,122.0
India,Madhya Pradesh,Maihar,"Sahilara, Maihar - KJS Cements",2025-11-18 17:00:00,24.2613009,80.7231783,0,24.0,37.0,26.0
India,Maharashtra,Jalgaon,"Prabhat Colony, Jalgaon - MPCB",2025-11-18 17:00:00,21.001264,75.565602,2,1.0,40.0,14.0
India,Maharashtra,Jalgaon,"Prabhat Colony, Jalgaon - MPCB",2025-11-18 17:00:00,21.001264,75.565602,0,24.0,70.0,30.0
India,Maharashtra,Jalna,"Old MIDC, Jalna - MPCB",2025-11-18 17:00:00,19.854616,75.905894,2,41.0,48.0,44.0
India,Maharashtra,Jalna,"Old MIDC, Jalna - MPCB",2025-11-18 17:00:00,19.854616,75.905894,0,14.0,51.0,19.0
India,Maharashtra,Kalyan,"Khadakpada, Kalyan - MPCB",2025-11-18 17:00:00,19.25292,73.142019,2,36.0,36.0,36.0
India,Maharashtra,Kalyan,"Khadakpada, Kalyan - MPCB",2025-11-18 17:00:00,19.25292,73.142019,1,1.0,1.0,1.0
India,Maharashtra,Mumbai,"Borivali East, Mumbai - IITM",2025-11-18 17:00:00,19.23241,72.86895,4,126.0,231.0,166.0
India,Maharashtra,Mumbai,"Borivali East, Mumbai - MPCB",2025-11-18 17:00:00,19.2243333,72.8658113,5,99.0,311.0,150.0
India,Maharashtra,Mumbai,"Borivali East, Mumbai - MPCB",2025-11-18 17:00:00,19.2243333,72.8658113,4,113.0,218.0,134.0
India,Maharashtra,Mumbai,"Borivali East, Mumbai - MPCB",2025-11-18 17:00:00,19.2243333,72.8658113,6,9.0,13.0,10.0
India,Maharashtra,Mumbai,"Byculla, Mumbai - BMC",2025-11-18 17:00:00,18.9767,72.838,4,55.0,104.0,66.0
India,Maharashtra,Kalyan,"Pimpleshwar Mandir, Kalyan - MPCB",2025-11-18 17:00:00,19.192056,72.9585188,1,1.0,6.0,3.0
India,Maharashtra,Kolhapur,"Shivaji University, Kolhapur - MPCB",2025-11-18 17:00:00,16.6870449,74.2505872,4,1.0,6.0,3.0
India,Maharashtra,Kolhapur,"Shivaji University, Kolhapur - MPCB",2025-11-18 17:00:00,16.6870449,74.2505872,1,3.0,6.0,3.0
India,Maharashtra,Kolhapur,"Sinchan Bhavan, Kolhapur - MPCB",2025-11-18 17:00:00,16.7143745,74.2426398,2,24.0,101.0,58.0
India,Maharashtra,Mumbai,"Chhatrapati Shivaji Intl. Airport (T2), Mumbai - MPCB",2025-11-18 17:00:00,19.10078,72.87462,2,18.0,23.0,20.0
India,Maharashtra,Mumbai,"Chhatrapati Shivaji Intl. Airport (T2), Mumbai - MPCB",2025-11-18 17:00:00,19.10078,72.87462,3,7.0,8.0,7.0
India,Maharashtra,Mumbai,"Colaba, Mumbai - MPCB",2025-11-18 17:00:00,18.91,72.82,2,27.0,30.0,28.0
India,Maharashtra,Mumbai,"Deonar, Mumbai - IITM",2025-11-18 17:00:00,19.04946,72.923,2,13.0,109.0,50.0
India,Maharashtra,Mumbai,"Kherwadi_Bandra East, Mumbai - MPCB",2025-11-18 17:00:00,19.0632143,72.8456324,0,22.0,40.0,31.0
India,Maharashtra,Mumbai,"Khindipada-Bhandup West, Mumbai - IITM",2025-11-18 17:00:00,19.1653323,72.922099,3,22.0,113.0,85.0
India,Maharashtra,Mumbai,"Kurla, Mumbai - MPCB",2025-11-18 17:00:00,19.0863,72.8888,5,73.0,99.0,84.0
India,Maharashtra,Mumbai,"Chakala-Andheri East, Mumbai - IITM",2025-11-18 17:00:00,19.11074,72.86084,3,17.0,113.0,84.0
India,Maharashtra,Mumbai,"Chembur, Mumbai - MPCB",2025-11-18 17:00:00,19.0364585,72.8954371,5,50.0,218.0,138.0
India,Maharashtra,Latur,"Sawe Wadi, Latur - MPCB",2025-11-18 17:00:00,18.39963,76.57452,6,1.0,5.0,3.0
India,Maharashtra,Latur,"Sawe Wadi, Latur - MPCB",2025-11-18 17:00:00,18.39963,76.57452,0,17.0,46.0,26.0
India,Maharashtra,Mira-Bhayandar,"Bhayandar West, Mira-Bhayandar - MPCB",2025-11-18 17:00:00,19.296481,72.840923,4,90.0,135.0,111.0
India,Maharashtra,Mumbai,"Kandivali West, Mumbai - BMC",2025-11-18 17:00:00,19.215859,72.831718,5,79.0,190.0,123.0
India,Maharashtra,Navi Mumbai,"Kopripada-Vashi, Navi Mumbai - MPCB",2025-11-18 17:00:00,19.090337,73.014232,6,17.0,49.0,28.0
India,Maharashtra,Navi Mumbai,"Mahape, Navi Mumbai - MPCB",2025-11-18 17:00:00,19.1135051,73.008978,2,34.0,36.0,35.0
India,Maharashtra,Navi Mumbai,"Nerul, Navi Mumbai - MPCB",2025-11-18 17:00:00,19.008751,73.01662,5,93.0,325.0,221.0
India,Maharashtra,Navi Mumbai,"Nerul, Navi Mumbai - MPCB",2025-11-18 17:00:00,19.008751,73.01662,4,114.0,279.0,181.0
India,Maharashtra,Navi Mumbai,"Sanpada, Navi Mumbai - MPCB",2025-11-18 17:00:00,19.0575752,73.0151367,5,85.0,286.0,173.0
India,Maharashtra,Mumbai,"Sion, Mumbai - MPCB",2025-11-18 17:00:00,19.047,72.8746,5,22.0,66.0,34.0
India,Maharashtra,Mumbai,"Vile Parle West, Mumbai - MPCB",2025-11-18 17:00:00,19.10861,72.83622,4,91.0,141.0,118.0
India,Maharashtra,Mumbai,"Vile Parle West, Mumbai - MPCB",2025-11-18 17:00:00,19.10861,72.83622,0,24.0,26.0,26.0
India,Maharashtra,Mumbai,"Vile Parle West, Mumbai - MPCB",2025-11-18 17:00:00,19.10861,72.83622,3,5.0,27.0,17.0
India,Maharashtra,Mumbai,"Worli, Mumbai - MPCB",2025-11-18 17:00:00,18.9936162,72.8128113,4,84.0,118.0,107.0
India,Maharashtra,Mumbai,"Worli, Mumbai - MPCB",2025-11-18 17:00:00,18.9936162,72.8128113,1,1.0,3.0,1.0
India,Maharashtra,Mumbai,"Mindspace-Malad West, Mumbai - MPCB",2025-11-18 17:00:00,19.1878657,72.8304069,5,91.0,218.0,129.0
India,Maharashtra,Mumbai,"Mindspace-Malad West, Mumbai - MPCB",2025-11-18 17:00:00,19.1878657,72.8304069,6,15.0,16.0,15.0
India,Maharashtra,Mumbai,"Navy Nagar-Colaba, Mumbai - IITM",2025-11-18 17:00:00,18.897756,72.81332,5,156.0,323.0,231.0
India,Maharashtra,Mumbai,"Navy Nagar-Colaba, Mumbai - IITM",2025-11-18 17:00:00,18.897756,72.81332,0,11.0,43.0,21.0
India,Maharashtra,Mumbai,"Navy Nagar-Colaba, Mumbai - IITM",2025-11-18 17:00:00,18.897756,72.81332,3,18.0,171.0,171.0
India,Maharashtra,Nashik,"MIDC Ambad, Nashik - MPCB",2025-11-18 17:00:00,19.95022,73.73148,6,21.0,28.0,23.0
India,Maharashtra,Nashik,"Pandav Nagari, Nashik - MPCB",2025-11-18 17:00:00,19.9591346,73.7788008,4,92.0,142.0,111.0
India,Maharashtra,Nashik,"Pandav Nagari, Nashik - MPCB",2025-11-18 17:00:00,19.9591346,73.7788008,1,3.0,7.0,4.0
India,Maharashtra,Nashik,"Pandav Nagari, Nashik - MPCB",2025-11-18 17:00:00,19.9591346,73.7788008,0,21.0,74.0,26.0
India,Maharashtra,Nashik,"Pandav Nagari, Nashik - MPCB",2025-11-18 17:00:00,19.9591346,73.7788008,3,23.0,87.0,71.0
India,Maharashtra,Navi Mumbai,"Tondare-Taloja, Navi Mumbai - MPCB",2025-11-18 17:00:00,19.063,73.1209,0,30.0,51.0,42.0
India,Maharashtra,Parbhani,"Masoom Colony, Parbhani - MPCB",2025-11-18 17:00:00,19.265594,76.761463,4,114.0,167.0,142.0
India,Maharashtra,Parbhani,"Masoom Colony, Parbhani - MPCB",2025-11-18 17:00:00,19.265594,76.761463,2,26.0,85.0,44.0
India,Maharashtra,Parbhani,"Masoom Colony, Parbhani - MPCB",2025-11-18 17:00:00,19.265594,76.761463,1,1.0,3.0,2.0
India,Maharashtra,Mumbai,"Kurla, Mumbai - MPCB",2025-11-18 17:00:00,19.0863,72.8888,4,93.0,122.0,107.0
India,Maharashtra,Mumbai,"Malad West, Mumbai - IITM",2025-11-18 17:00:00,19.19709,72.82204,5,159.0,300.0,232.0
India,Maharashtra,Mumbai,"Malad West, Mumbai - IITM",2025-11-18 17:00:00,19.19709,72.82204,6,5.0,10.0,7.0
India,Maharashtra,Mumbai,"Mazgaon, Mumbai - IITM",2025-11-18 17:00:00,18.96702,72.84214,0,6.0,102.0,28.0
India,Maharashtra,Nagpur,"Opp GPO Civil Lines, Nagpur - MPCB",2025-11-18 17:00:00,21.152875,79.0517531,0,20.0,107.0,30.0
India,Maharashtra,Nagpur,"Ram Nagar, Nagpur - MPCB",2025-11-18 17:00:00,21.143383,79.048912,1,3.0,16.0,6.0
India,Maharashtra,Nashik,"Gangapur Road, Nashik - MPCB",2025-11-18 17:00:00,20.0073285,73.7762427,4,85.0,154.0,118.0
India,Maharashtra,Nagpur,"Ambazari, Nagpur - MPCB",2025-11-18 17:00:00,21.121801,79.04952,6,14.0,101.0,24.0
India,Maharashtra,Nagpur,"Ambazari, Nagpur - MPCB",2025-11-18 17:00:00,21.121801,79.04952,3,3.0,130.0,100.0
India,Maharashtra,Nagpur,"Mahal, Nagpur - MPCB",2025-11-18 17:00:00,21.14472,79.107595,2,22.0,112.0,55.0
India,Maharashtra,Nagpur,"Mahal, Nagpur - MPCB",2025-11-18 17:00:00,21.14472,79.107595,0,34.0,137.0,52.0
India,Maharashtra,Mumbai,"Powai, Mumbai - MPCB",2025-11-18 17:00:00,19.1375,72.915056,2,7.0,8.0,8.0
India,Maharashtra,Mumbai,"Sewri, Mumbai - BMC",2025-11-18 17:00:00,19.000084,72.85673,5,1.0,55.0,7.0
India,Maharashtra,Mumbai,"Sewri, Mumbai - BMC",2025-11-18 17:00:00,19.000084,72.85673,0,1.0,112.0,9.0
India,Maharashtra,Virar,"Bolinj, Virar - MPCB",2025-11-18 17:00:00,19.445821,72.7988231,1,1.0,3.0,2.0
India,Meghalaya,Shillong,"Lumpyngngad, Shillong - Meghalaya PCB",2025-11-18 17:00:00,25.5586,91.8985,5,1.0,3.0,2.0
India,Meghalaya,Shillong,"Lumpyngngad, Shillong - Meghalaya PCB",2025-11-18 17:00:00,25.5586,91.8985,3,2.0,23.0,7.0
India,Nagaland,Kohima,"PWD Junction, Kohima - NPCB",2025-11-18 17:00:00,25.6635413,94.0989878,6,72.0,75.0,73.0
India,Odisha,Angul,"Hakimapada, Angul - OSPCB",2025-11-18 17:00:00,20.832874,85.104082,5,163.0,317.0,229.0
India,Odisha,Balasore,"Kalidaspur, Balasore - OSPCB",2025-11-18 17:00:00,21.51161,86.89088,2,7.0,85.0,22.0
India,Odisha,Balasore,"Kalidaspur, Balasore - OSPCB",2025-11-18 17:00:00,21.51161,86.89088,1,2.0,5.0,2.0
India,Odisha,Barbil,"Forest Office, Barbil - OSPCB",2025-11-18 17:00:00,22.1166054,85.3945546,4,74.0,238.0,112.0
India,Odisha,Baripada,"Meher Colony, Baripada - OSPCB",2025-11-18 17:00:00,21.941841,86.728318,4,70.0,140.0,107.0
India,Odisha,Bhubaneswar,"Lingraj Mandir, Bhubaneswar - OSPCB",2025-11-18 17:00:00,20.24079,85.836784,2,21.0,176.0,77.0
India,Maharashtra,Pimpri-Chinchwad,"Gavalinagar, Pimpri Chinchwad - MPCB",2025-11-18 17:00:00,18.63673,73.82487,3,2.0,108.0,88.0
India,Maharashtra,Pimpri-Chinchwad,"Park Street Wakad, Pimpri Chinchwad - MPCB",2025-11-18 17:00:00,18.59051,73.77946,4,2.0,108.0,88.0
India,Maharashtra,Pimpri-Chinchwad,"Park Street Wakad, Pimpri Chinchwad - MPCB",2025-11-18 17:00:00,18.59051,73.77946,3,2.0,120.0,98.0
India,Maharashtra,Pimpri-Chinchwad,"Savta Mali Nagar, Pimpri-Chinchwad - IITM",2025-11-18 17:00:00,18.614767,73.799516,2,31.0,141.0,64.0
India,Maharashtra,Pimpri-Chinchwad,"Savta Mali Nagar, Pimpri-Chinchwad - IITM",2025-11-18 17:00:00,18.614767,73.799516,0,56.0,101.0,80.0
India,Maharashtra,Thane,"Kasarvadavali, Thane - MPCB",2025-11-18 17:00:00,19.26777,72.97182,3,19.0,110.0,84.0
India,Maharashtra,Thane,"Upvan Fort, Thane - MPCB",2025-11-18 17:00:00,19.222279,72.957979,6,1.0,6.0,3.0
India,Maharashtra,Ulhasnagar,"Sidhi Vinayak Nagar, Ulhasnagar - MPCB",2025-11-18 17:00:00,19.235581,73.159121,4,117.0,235.0,150.0
India,Maharashtra,Ulhasnagar,"Sidhi Vinayak Nagar, Ulhasnagar - MPCB",2025-11-18 17:00:00,19.235581,73.159121,0,22.0,48.0,25.0
India,Maharashtra,Ulhasnagar,"Sidhi Vinayak Nagar, Ulhasnagar - MPCB",2025-11-18 17:00:00,19.235581,73.159121,3,12.0,96.0,59.0
India,Maharashtra,Solapur,"Dnyaneshwar Nagar, Solapur - MPCB",2025-11-18 17:00:00,17.6336264,75.9132495,2,10.0,112.0,33.0
India,Maharashtra,Solapur,"Dnyaneshwar Nagar, Solapur - MPCB",2025-11-18 17:00:00,17.6336264,75.9132495,1,5.0,37.0,12.0
India,Maharashtra,Solapur,"Ratandeep Housing Society, Solapur - MPCB",2025-11-18 17:00:00,17.65439,75.90649,4,92.0,127.0,112.0
India,Maharashtra,Thane,"Kasarvadavali, Thane - MPCB",2025-11-18 17:00:00,19.26777,72.97182,5,22.0,83.0,51.0
India,Maharashtra,Pune,"Revenue Colony-Shivajinagar, Pune - IITM",2025-11-18 17:00:00,18.530085,73.849598,2,82.0,145.0,106.0
India,Maharashtra,Pune,"Savitribai Phule Pune University, Pune - MPCB",2025-11-18 17:00:00,18.547056,73.826908,4,4.0,199.0,108.0
India,Maharashtra,Pune,"Savitribai Phule Pune University, Pune - MPCB",2025-11-18 17:00:00,18.547056,73.826908,0,22.0,116.0,32.0
India,Maharashtra,Pune,"Hadapsar, Pune - IITM",2025-11-18 17:00:00,18.501793,73.927532,2,26.0,61.0,44.0
India,Maharashtra,Pune,"Hadapsar, Pune - IITM",2025-11-18 17:00:00,18.501793,73.927532,3,10.0,58.0,44.0
India,Maharashtra,Pune,"Katraj Dairy, Pune - MPCB",2025-11-18 17:00:00,18.45445,73.854155,1,10.0,58.0,44.0
India,Maharashtra,Pune,"Katraj Dairy, Pune - MPCB",2025-11-18 17:00:00,18.45445,73.854155,6,10.0,58.0,44.0
India,Maharashtra,Parbhani,"Masoom Colony, Parbhani - MPCB",2025-11-18 17:00:00,19.265594,76.761463,0,6.0,16.0,11.0
India,Maharashtra,Pimpri-Chinchwad,"Gavalinagar, Pimpri Chinchwad - MPCB",2025-11-18 17:00:00,18.63673,73.82487,0,28.0,116.0,38.0
India,Maharashtra,Pune,"Dhankawadi, Pune - IITM",2025-11-18 17:00:00,18.459883,73.852193,2,1.0,4.0,2.0
India,Maharashtra,Pune,"Dhankawadi, Pune - IITM",2025-11-18 17:00:00,18.459883,73.852193,3,1.0,2.0,1.0
India,Odisha,Bileipada,"Tata Township, Bileipada - OSPCB",2025-11-18 17:00:00,22.06156703,85.47409613,4,71.0,150.0,126.0
India,Odisha,Bileipada,"Tata Township, Bileipada - OSPCB",2025-11-18 17:00:00,22.06156703,85.47409613,1,4.0,4.0,4.0
India,Odisha,Bileipada,"Tata Township, Bileipada - OSPCB",2025-11-18 17:00:00,22.06156703,85.47409613,0,3.0,51.0,34.0
India,Odisha,Brajrajnagar,"GM Office, Brajrajnagar - OSPCB",2025-11-18 17:00:00,21.8004996,83.8396977,5,38.0,208.0,81.0
India,Odisha,Brajrajnagar,"GM Office, Brajrajnagar - OSPCB",2025-11-18 17:00:00,21.8004996,83.8396977,1,1.0,11.0,2.0
India,Odisha,Brajrajnagar,"GM Office, Brajrajnagar - OSPCB",2025-11-18 17:00:00,21.8004996,83.8396977,6,15.0,16.0,15.0
India,Odisha,Nayagarh,"Dabuna, Nayagarh - OSPCB",2025-11-18 17:00:00,21.847279,85.416905,3,11.0,40.0,25.0
India,Odisha,Rairangpur,"Divisional Forest Office, Rairangpur - OSPCB",2025-11-18 17:00:00,22.265816,86.174829,6,7.0,13.0,9.0
India,Odisha,Rourkela,"Fertilizer Township, Rourkela - OSPCB",2025-11-18 17:00:00,22.18972222,84.86277778,5,109.0,159.0,122.0
India,Odisha,Rourkela,"Fertilizer Township, Rourkela - OSPCB",2025-11-18 17:00:00,22.18972222,84.86277778,4,97.0,107.0,100.0
India,Odisha,Rourkela,"Raghunathpali, Rourkela - OSPCB",2025-11-18 17:00:00,22.220833,84.809444,1,97.0,107.0,100.0
India,Odisha,Rourkela,"Raghunathpali, Rourkela - OSPCB",2025-11-18 17:00:00,22.220833,84.809444,6,97.0,107.0,100.0
India,Odisha,Rourkela,"Sector-2, Rourkela - OSPCB",2025-11-18 17:00:00,22.245,84.88111111,0,24.0,24.0,24.0
India,Odisha,Talcher,"Talcher Coalfields,Talcher - OSPCB",2025-11-18 17:00:00,20.9360711,85.1707021,6,30.0,107.0,56.0
India,Odisha,Talcher,"Talcher Coalfields,Talcher - OSPCB",2025-11-18 17:00:00,20.9360711,85.1707021,0,42.0,107.0,73.0
India,Puducherry,Puducherry,"Jawahar Nagar, Puducherry - PPCC",2025-11-18 17:00:00,11.9309,79.8027,1,2.0,37.0,5.0
India,Puducherry,Puducherry,"Jawahar Nagar, Puducherry - PPCC",2025-11-18 17:00:00,11.9309,79.8027,3,26.0,76.0,37.0
India,Punjab,Bathinda,"Hardev Nagar, Bathinda - PPCB",2025-11-18 17:00:00,30.233011,74.907758,6,15.0,15.0,15.0
India,Punjab,Bathinda,"Hardev Nagar, Bathinda - PPCB",2025-11-18 17:00:00,30.233011,74.907758,0,76.0,79.0,78.0
India,Punjab,Patiala,"Model Town, Patiala - PPCB",2025-11-18 17:00:00,30.349388,76.366642,2,15.0,19.0,18.0
India,Punjab,Patiala,"Model Town, Patiala - PPCB",2025-11-18 17:00:00,30.349388,76.366642,1,6.0,7.0,6.0
India,Punjab,Patiala,"Model Town, Patiala - PPCB",2025-11-18 17:00:00,30.349388,76.366642,0,19.0,113.0,42.0
India,Punjab,Rupnagar,"Ratanpura, Rupnagar - Ambuja Cements",2025-11-18 17:00:00,31.0325454,76.5623046,2,3.0,6.0,5.0
India,Punjab,Khanna,"Kalal Majra, Khanna - PPCB",2025-11-18 17:00:00,30.736056,76.209694,6,8.0,14.0,11.0
India,Punjab,Ludhiana,"Punjab Agricultural University, Ludhiana - PPCB",2025-11-18 17:00:00,30.9028,75.8086,3,17.0,41.0,27.0
India,Rajasthan,Alwar,"Moti Doongri, Alwar - RSPCB",2025-11-18 17:00:00,27.554793,76.611536,4,65.0,144.0,99.0
India,Rajasthan,Banswara,"Rati Talai, Banswara - RSPCB",2025-11-18 17:00:00,23.55519,74.44001,0,8.0,100.0,28.0
India,Punjab,Mandi Gobindgarh,"RIMT University, Mandi Gobindgarh - PPCB",2025-11-18 17:00:00,30.649961,76.331442,2,23.0,24.0,24.0
India,Punjab,Mandi Gobindgarh,"RIMT University, Mandi Gobindgarh - PPCB",2025-11-18 17:00:00,30.649961,76.331442,1,6.0,6.0,6.0
India,Odisha,Keonjhar,"Jagamohanpur, Keonjhar - OSPCB",2025-11-18 17:00:00,21.6439,85.599355,4,100.0,177.0,122.0
India,Rajasthan,Jhalawar,"Rajlaxmi Nagar, Jhalawar - RSPCB",2025-11-18 17:00:00,24.588397,76.172782,5,60.0,314.0,208.0
India,Rajasthan,Jhunjhunu,"Indra Nagar, Jhunjhunu - RSPCB",2025-11-18 17:00:00,28.108988,75.386577,5,56.0,339.0,167.0
India,Rajasthan,Jhunjhunu,"Indra Nagar, Jhunjhunu - RSPCB",2025-11-18 17:00:00,28.108988,75.386577,4,97.0,433.0,183.0
India,Rajasthan,Jhunjhunu,"Indra Nagar, Jhunjhunu - RSPCB",2025-11-18 17:00:00,28.108988,75.386577,6,3.0,15.0,8.0
India,Rajasthan,Jhunjhunu,"Indra Nagar, Jhunjhunu - RSPCB",2025-11-18 17:00:00,28.108988,75.386577,3,3.0,153.0,115.0
India,Rajasthan,Jodhpur,"Collectorate, Jodhpur - RSPCB",2025-11-18 17:00:00,26.268249,73.0193853,2,5.0,26.0,12.0
India,Rajasthan,Jodhpur,"Collectorate, Jodhpur - RSPCB",2025-11-18 17:00:00,26.268249,73.0193853,3,3.0,78.0,54.0
India,Rajasthan,Bhilwara,"Pratap Nagar, Bhilwara - RSPCB",2025-11-18 17:00:00,25.339605,74.618883,2,12.0,104.0,48.0
India,Rajasthan,Bhilwara,"Pratap Nagar, Bhilwara - RSPCB",2025-11-18 17:00:00,25.339605,74.618883,6,5.0,36.0,19.0
India,Rajasthan,Bhiwadi,"RIICO Ind. Area III, Bhiwadi - RSPCB",2025-11-18 17:00:00,28.194909,76.862296,4,150.0,456.0,268.0
India,Rajasthan,Bhiwadi,"RIICO Ind. Area III, Bhiwadi - RSPCB",2025-11-18 17:00:00,28.194909,76.862296,1,7.0,17.0,11.0
India,Rajasthan,Bhiwadi,"RIICO Ind. Area III, Bhiwadi - RSPCB",2025-11-18 17:00:00,28.194909,76.862296,3,7.0,72.0,44.0
India,Rajasthan,Barmer,"Railway Colony, Barmer - RSPCB",2025-11-18 17:00:00,25.747299,71.393989,5,35.0,210.0,71.0
India,Rajasthan,Barmer,"Railway Colony, Barmer - RSPCB",2025-11-18 17:00:00,25.747299,71.393989,4,66.0,251.0,117.0
India,Rajasthan,Bharatpur,"Krishna Nagar, Bharatpur - RSPCB",2025-11-18 17:00:00,27.215415,77.50873,5,68.0,223.0,137.0
India,Rajasthan,Bharatpur,"Krishna Nagar, Bharatpur - RSPCB",2025-11-18 17:00:00,27.215415,77.50873,1,1.0,10.0,8.0
India,Rajasthan,Bharatpur,"Krishna Nagar, Bharatpur - RSPCB",2025-11-18 17:00:00,27.215415,77.50873,0,39.0,127.0,47.0
India,Rajasthan,Jaipur,"Mansarovar Sector-12, Jaipur - RSPCB",2025-11-18 17:00:00,26.843698,75.766894,3,1.0,169.0,136.0
India,Rajasthan,Jaipur,"Police Commissionerate, Jaipur - RSPCB",2025-11-18 17:00:00,26.9164092,75.7994901,6,6.0,10.0,7.0
India,Rajasthan,Jaipur,"Police Commissionerate, Jaipur - RSPCB",2025-11-18 17:00:00,26.9164092,75.7994901,0,32.0,129.0,70.0
India,Rajasthan,Jaipur,"Sector-2 Murlipura, Jaipur - RSPCB",2025-11-18 17:00:00,26.960669,75.771817,5,35.0,283.0,90.0
India,Rajasthan,Hanumangarh,"Housing Board, Hanumangarh - RSPCB",2025-11-18 17:00:00,29.61075,74.283608,4,34.0,152.0,102.0
India,Rajasthan,Hanumangarh,"Housing Board, Hanumangarh - RSPCB",2025-11-18 17:00:00,29.61075,74.283608,1,11.0,23.0,15.0
India,Rajasthan,Hanumangarh,"Housing Board, Hanumangarh - RSPCB",2025-11-18 17:00:00,29.61075,74.283608,3,4.0,92.0,75.0
India,Rajasthan,Jaipur,"Adarsh Nagar, Jaipur - RSPCB",2025-11-18 17:00:00,26.902909,75.836858,4,102.0,160.0,127.0
India,Rajasthan,Jaipur,"Adarsh Nagar, Jaipur - RSPCB",2025-11-18 17:00:00,26.902909,75.836858,0,32.0,88.0,47.0
India,Rajasthan,Jodhpur,"Digari Kalan, Jodhpur - RSPCB",2025-11-18 17:00:00,26.29581,73.082283,6,1.0,6.0,4.0
India,Rajasthan,Jodhpur,"Jhalamand, Jodhpur - RSPCB",2025-11-18 17:00:00,26.215415,73.070156,5,27.0,150.0,71.0
India,Rajasthan,Jodhpur,"Jhalamand, Jodhpur - RSPCB",2025-11-18 17:00:00,26.215415,73.070156,3,4.0,150.0,114.0
India,Rajasthan,Jodhpur,"Samrat Ashok Udhyan, Jodhpur - RSPCB",2025-11-18 17:00:00,26.253384,72.976571,2,14.0,134.0,67.0
India,Rajasthan,Bundi,"New Colony, Bundi - RSPCB",2025-11-18 17:00:00,25.435774,75.644272,1,14.0,134.0,67.0
India,Rajasthan,Chittorgarh,"Shastri Nagar, Chittorgarh - RSPCB",2025-11-18 17:00:00,24.892047,74.623527,5,32.0,326.0,150.0
India,Rajasthan,Chittorgarh,"Shastri Nagar, Chittorgarh - RSPCB",2025-11-18 17:00:00,24.892047,74.623527,2,19.0,119.0,53.0
India,Rajasthan,Chittorgarh,"Shastri Nagar, Chittorgarh - RSPCB",2025-11-18 17:00:00,24.892047,74.623527,0,1.0,130.0,63.0
India,Rajasthan,Jaipur,"Shastri Nagar, Jaipur - RSPCB",2025-11-18 17:00:00,26.9502929,75.730943,5,69.0,274.0,173.0
India,Rajasthan,Jaisalmer,"Sadar Bazar, Jaisalmer - RSPCB",2025-11-18 17:00:00,26.912329,70.909168,2,15.0,100.0,51.0
India,Rajasthan,Jaisalmer,"Sadar Bazar, Jaisalmer - RSPCB",2025-11-18 17:00:00,26.912329,70.909168,6,2.0,9.0,4.0
India,Rajasthan,Churu,"Subash Chowk, Churu - RSPCB",2025-11-18 17:00:00,28.296139,74.961696,2,9.0,130.0,51.0
India,Rajasthan,Dungarpur,"Bhoiwada, Dungarpur - RSPCB",2025-11-18 17:00:00,23.837789,73.714926,5,83.0,303.0,183.0
India,TamilNadu,Coimbatore,"SIDCO Kurichi, Coimbatore - TNPCB",2025-11-18 17:00:00,10.942451,76.978996,3,10.0,77.0,58.0
India,TamilNadu,Dindigul,"Mendonsa Colony, Dindigul - TNPCB",2025-11-18 17:00:00,10.358535,77.984321,2,10.0,77.0,58.0
India,TamilNadu,Dindigul,"Mendonsa Colony, Dindigul - TNPCB",2025-11-18 17:00:00,10.358535,77.984321,1,10.0,77.0,58.0
India,TamilNadu,Gummidipoondi,"Anthoni Pillai Nagar, Gummidipoondi - TNPCB",2025-11-18 17:00:00,13.4127,80.1081,1,2.0,3.0,3.0
India,TamilNadu,Gummidipoondi,"Anthoni Pillai Nagar, Gummidipoondi - TNPCB",2025-11-18 17:00:00,13.4127,80.1081,6,30.0,129.0,57.0
India,TamilNadu,Karur,"Kamadenu Nagar, Karur - TNPCB",2025-11-18 17:00:00,10.96782,78.080882,5,30.0,129.0,57.0
India,Rajasthan,Tonk,"Shastri Nagar, Tonk - RSPCB",2025-11-18 17:00:00,26.159933,75.780517,2,15.0,130.0,52.0
India,Rajasthan,Udaipur,"Ashok Nagar, Udaipur - RSPCB",2025-11-18 17:00:00,24.5886166,73.6321397,1,3.0,7.0,5.0
India,TamilNadu,Ariyalur,"Keelapalur, Ariyalur - TNPCB",2025-11-18 17:00:00,11.06825,79.07033,5,3.0,7.0,5.0
India,TamilNadu,Ariyalur,"Keelapalur, Ariyalur - TNPCB",2025-11-18 17:00:00,11.06825,79.07033,2,3.0,7.0,5.0
India,TamilNadu,Chennai,"Alandur Bus Depot, Chennai - CPCB",2025-11-18 17:00:00,12.9099161,80.1076538,6,15.0,16.0,15.0
India,TamilNadu,Chennai,"Perungudi, Chennai - TNPCB",2025-11-18 17:00:00,12.9533,80.2357,5,5.0,190.0,76.0
India,TamilNadu,Chennai,"Perungudi, Chennai - TNPCB",2025-11-18 17:00:00,12.9533,80.2357,4,12.0,103.0,56.0
India,TamilNadu,Chennai,"Perungudi, Chennai - TNPCB",2025-11-18 17:00:00,12.9533,80.2357,6,2.0,10.0,6.0
India,TamilNadu,Chennai,"Velachery Res. Area, Chennai - CPCB",2025-11-18 17:00:00,13.0052189,80.2398125,6,14.0,16.0,15.0
India,TamilNadu,Coimbatore,"PSG College of Arts and Science, Coimbatore - TNPCB",2025-11-18 17:00:00,11.0328,77.0349,5,14.0,16.0,15.0
India,TamilNadu,Chennai,"Arumbakkam, Chennai - TNPCB",2025-11-18 17:00:00,13.0664,80.2112,2,13.0,83.0,29.0
India,TamilNadu,Chennai,"Arumbakkam, Chennai - TNPCB",2025-11-18 17:00:00,13.0664,80.2112,6,1.0,4.0,2.0
India,TamilNadu,Chennai,"Manali Village, Chennai - TNPCB",2025-11-18 17:00:00,13.1662,80.2584,5,10.0,89.0,41.0
India,TamilNadu,Chennai,"Manali Village, Chennai - TNPCB",2025-11-18 17:00:00,13.1662,80.2584,2,4.0,6.0,5.0
India,TamilNadu,Chennai,"Manali, Chennai - CPCB",2025-11-18 17:00:00,13.164544,80.26285,4,39.0,96.0,62.0
India,TamilNadu,Chennai,"Manali, Chennai - CPCB",2025-11-18 17:00:00,13.164544,80.26285,3,10.0,10.0,10.0
India,Rajasthan,Kota,"Shrinath Puram, Kota - RSPCB",2025-11-18 17:00:00,25.14389,75.821256,2,15.0,17.0,16.0
India,Rajasthan,Kota,"Shrinath Puram, Kota - RSPCB",2025-11-18 17:00:00,25.14389,75.821256,6,7.0,10.0,8.0
India,Rajasthan,Nagaur,"Karni Colony, Nagaur - RSPCB",2025-11-18 17:00:00,27.213494,73.734444,0,12.0,117.0,35.0
India,Rajasthan,Nagaur,"Karni Colony, Nagaur - RSPCB",2025-11-18 17:00:00,27.213494,73.734444,3,5.0,78.0,66.0
India,Rajasthan,Pali,"Indira Colony Vistar, Pali - RSPCB",2025-11-18 17:00:00,25.771061,73.340227,0,14.0,70.0,43.0
India,Rajasthan,Sikar,"Radhakishan Pura, Sikar - RSPCB",2025-11-18 17:00:00,27.608912,75.153302,2,11.0,138.0,59.0
India,Rajasthan,Sirohi,"Vedhaynath Colony, Sirohi - RSPCB",2025-11-18 17:00:00,24.885261,72.857549,6,5.0,21.0,8.0
India,Rajasthan,Sri Ganganagar,"Old City, Sri Ganganagar - RSPCB",2025-11-18 17:00:00,29.931624,73.864511,5,25.0,454.0,175.0
India,Rajasthan,Rajsamand,"Dhoinda, Rajsamand - RSPCB",2025-11-18 17:00:00,25.03636,73.883502,3,1.0,176.0,169.0
India,Rajasthan,Sawai Madhopur,"Sahu Nagar, Sawai Madhopur - RSPCB",2025-11-18 17:00:00,26.031443,76.359327,4,72.0,310.0,153.0
India,Rajasthan,Sawai Madhopur,"Sahu Nagar, Sawai Madhopur - RSPCB",2025-11-18 17:00:00,26.031443,76.359327,2,8.0,31.0,18.0
India,Rajasthan,Karauli,"Satyawati Vihar, Karauli - RSPCB",2025-11-18 17:00:00,26.506177,77.025989,5,71.0,306.0,151.0
India,Rajasthan,Kota,"Nayapura, Kota - RSPCB",2025-11-18 17:00:00,25.196024,75.855668,0,28.0,121.0,42.0
India,Rajasthan,Pratapgarh,"Pragati Nagar, Pratapgarh - RSPCB",2025-11-18 17:00:00,24.041198,74.780702,5,62.0,257.0,131.0
India,Rajasthan,Pratapgarh,"Pragati Nagar, Pratapgarh - RSPCB",2025-11-18 17:00:00,24.041198,74.780702,0,13.0,41.0,30.0
India,Telangana,Hyderabad,"Zoo Park, Hyderabad - TSPCB",2025-11-18 17:00:00,17.349694,78.451437,1,3.0,4.0,3.0
India,Telangana,Hyderabad,"Zoo Park, Hyderabad - TSPCB",2025-11-18 17:00:00,17.349694,78.451437,3,22.0,25.0,23.0
India,Tripura,Agartala,"Bardowali, Agartala - Tripura SPCB",2025-11-18 17:00:00,23.8175497,91.2726974,4,34.0,57.0,47.0
India,Tripura,Agartala,"Bardowali, Agartala - Tripura SPCB",2025-11-18 17:00:00,23.8175497,91.2726974,3,1.0,2.0,2.0
India,Uttar_Pradesh,Agra,"Manoharpur, Agra - UPPCB",2025-11-18 17:00:00,27.23711,78.01936,6,40.0,51.0,44.0
India,Uttar_Pradesh,Agra,"Manoharpur, Agra - UPPCB",2025-11-18 17:00:00,27.23711,78.01936,3,7.0,7.0,7.0
India,Uttar_Pradesh,Agra,"Rohta, Agra - UPPCB",2025-11-18 17:00:00,27.106972,78.000111,2,15.0,15.0,15.0
India,Uttar_Pradesh,Agra,"Shastripuram, Agra - UPPCB",2025-11-18 17:00:00,27.19862,77.92066,4,118.0,272.0,186.0
India,Uttar_Pradesh,Agra,"Shastripuram, Agra - UPPCB",2025-11-18 17:00:00,27.19862,77.92066,2,40.0,41.0,41.0
India,Uttar_Pradesh,Baghpat,"Sardar Patel Inter College, Baghpat - UPPCB",2025-11-18 17:00:00,28.964949,77.278761,6,41.0,76.0,54.0
India,Uttar_Pradesh,Bareilly,"Civil Lines, Bareilly - UPPCB",2025-11-18 17:00:00,28.359581,79.414455,5,1.0,64.0,33.0
India,Uttar_Pradesh,Bareilly,"Civil Lines, Bareilly - UPPCB",2025-11-18 17:00:00,28.359581,79.414455,1,1.0,4.0,1.0
India,Uttar_Pradesh,Bareilly,"Civil Lines, Bareilly - UPPCB",2025-11-18 17:00:00,28.359581,79.414455,0,41.0,135.0,57.0
India,TamilNadu,Tirupur,"Kumaran College, Tirupur - TNPCB",2025-11-18 17:00:00,11.0973603,77.3228673,0,22.0,24.0,23.0
India,TamilNadu,Virudhunagar,"Collectorate Office, Virudhunagar - TNPCB",2025-11-18 17:00:00,9.559382,77.948828,0,22.0,24.0,23.0
India,Telangana,Hyderabad,"Bollaram Industrial Area, Hyderabad - TSPCB",2025-11-18 17:00:00,17.540891,78.358528,0,8.0,48.0,23.0
India,Telangana,Hyderabad,"Bollaram Industrial Area, Hyderabad - TSPCB",2025-11-18 17:00:00,17.540891,78.358528,3,42.0,58.0,54.0
India,Telangana,Hyderabad,"ECIL Kapra, Hyderabad - TSPCB",2025-11-18 17:00:00,17.470431,78.566959,4,81.0,99.0,87.0
India,Uttar_Pradesh,Agra,"Sanjay Palace, Agra - UPPCB",2025-11-18 17:00:00,27.19865833,78.00598056,0,32.0,122.0,32.0
India,Uttar_Pradesh,Agra,"Sector-3B Avas Vikas Colony, Agra - UPPCB",2025-11-18 17:00:00,27.19412,77.96237,4,109.0,209.0,156.0
India,Uttar_Pradesh,Agra,"Sector-3B Avas Vikas Colony, Agra - UPPCB",2025-11-18 17:00:00,27.19412,77.96237,1,6.0,8.0,6.0
India,Uttar_Pradesh,Agra,"Sector-3B Avas Vikas Colony, Agra - UPPCB",2025-11-18 17:00:00,27.19412,77.96237,6,8.0,10.0,8.0
India,Uttar_Pradesh,Agra,"Shahjahan Garden, Agra - UPPCB",2025-11-18 17:00:00,27.169338,78.03582,2,20.0,21.0,20.0
India,TamilNadu,Ramanathapuram,"Chalai Bazaar, Ramanathapuram - TNPCB",2025-11-18 17:00:00,9.36399,78.831977,2,20.0,21.0,20.0
India,TamilNadu,Ramanathapuram,"Chalai Bazaar, Ramanathapuram - TNPCB",2025-11-18 17:00:00,9.36399,78.831977,6,20.0,21.0,20.0
India,TamilNadu,Salem,"Sona College of Technology, Salem - TNPCB",2025-11-18 17:00:00,11.679111,78.125052,6,20.0,21.0,20.0
India,TamilNadu,Salem,"Sona College of Technology, Salem - TNPCB",2025-11-18 17:00:00,11.679111,78.125052,3,5.0,5.0,5.0
India,TamilNadu,Tirupur,"Kumaran College, Tirupur - TNPCB",2025-11-18 17:00:00,11.0973603,77.3228673,5,5.0,5.0,5.0
India,Telangana,Hyderabad,"Ramachandrapuram, Hyderabad - TSPCB",2025-11-18 17:00:00,17.528544,78.286195,6,12.0,16.0,16.0
India,Telangana,Hyderabad,"Ramachandrapuram, Hyderabad - TSPCB",2025-11-18 17:00:00,17.528544,78.286195,0,30.0,43.0,34.0
India,Telangana,Hyderabad,"Sanathnagar, Hyderabad - TSPCB",2025-11-18 17:00:00,17.4559458,78.4332152,6,3.0,11.0,6.0
India,Telangana,Hyderabad,"Somajiguda, Hyderabad - TSPCB",2025-11-18 17:00:00,17.417094,78.457437,5,105.0,190.0,153.0
India,Telangana,Hyderabad,"Somajiguda, Hyderabad - TSPCB",2025-11-18 17:00:00,17.417094,78.457437,4,109.0,166.0,146.0
India,Telangana,Hyderabad,"ICRISAT Patancheru, Hyderabad - TSPCB",2025-11-18 17:00:00,17.5184,78.278777,5,98.0,182.0,155.0
India,Telangana,Hyderabad,"ICRISAT Patancheru, Hyderabad - TSPCB",2025-11-18 17:00:00,17.5184,78.278777,2,4.0,19.0,13.0
India,Telangana,Hyderabad,"ICRISAT Patancheru, Hyderabad - TSPCB",2025-11-18 17:00:00,17.5184,78.278777,1,1.0,4.0,3.0
India,Telangana,Hyderabad,"ICRISAT Patancheru, Hyderabad - TSPCB",2025-11-18 17:00:00,17.5184,78.278777,0,10.0,47.0,25.0
India,Telangana,Hyderabad,"IDA Pashamylaram, Hyderabad - TSPCB",2025-11-18 17:00:00,17.5316895,78.218939,3,8.0,27.0,22.0
India,TamilNadu,Karur,"Kamadenu Nagar, Karur - TNPCB",2025-11-18 17:00:00,10.96782,78.080882,3,7.0,9.0,8.0
India,TamilNadu,Madurai,"Uchapatti, Madurai - TNPCB",2025-11-18 17:00:00,9.865935,78.022669,2,16.0,16.0,16.0
India,TamilNadu,Madurai,"Uchapatti, Madurai - TNPCB",2025-11-18 17:00:00,9.865935,78.022669,3,1.0,1.0,1.0
India,TamilNadu,Perundurai,"SIPCOT Industrial Park, Perundurai - TNPCB",2025-11-18 17:00:00,11.258242,77.552761,4,53.0,87.0,69.0
India,Telangana,Hyderabad,"New Malakpet, Hyderabad - TSPCB",2025-11-18 17:00:00,17.37206,78.50864,6,12.0,17.0,14.0
India,Uttar_Pradesh,Lucknow,"Lalbagh, Lucknow - CPCB",2025-11-18 17:00:00,26.8458805,80.9365541,2,32.0,38.0,35.0
India,Uttar_Pradesh,Lucknow,"Lalbagh, Lucknow - CPCB",2025-11-18 17:00:00,26.8458805,80.9365541,1,16.0,24.0,20.0
India,Uttar_Pradesh,Lucknow,"Lalbagh, Lucknow - CPCB",2025-11-18 17:00:00,26.8458805,80.9365541,3,5.0,47.0,36.0
India,Uttar_Pradesh,Lucknow,"Talkatora District Industries Center, Lucknow - CPCB",2025-11-18 17:00:00,26.83399722,80.8917361,3,9.0,54.0,39.0
India,Uttar_Pradesh,Meerut,"Ganga Nagar, Meerut - UPPCB",2025-11-18 17:00:00,28.999264,77.7590354,3,8.0,154.0,103.0
India,Uttar_Pradesh,Meerut,"Jai Bhim Nagar, Meerut - UPPCB",2025-11-18 17:00:00,28.9535882,77.7622941,5,228.0,485.0,386.0
India,Uttar_Pradesh,Moradabad,"Eco Herbal Park, Moradabad - UPPCB",2025-11-18 17:00:00,28.840739,78.697531,1,1.0,4.0,1.0
India,Uttar_Pradesh,Moradabad,"Eco Herbal Park, Moradabad - UPPCB",2025-11-18 17:00:00,28.840739,78.697531,6,8.0,26.0,14.0
India,Uttar_Pradesh,Moradabad,"Employment Office, Moradabad - UPPCB",2025-11-18 17:00:00,28.88528,78.7388,5,41.0,179.0,81.0
India,Uttar_Pradesh,Moradabad,"Jigar Colony, Moradabad - UPPCB",2025-11-18 17:00:00,28.856664,78.772638,4,59.0,106.0,80.0
India,Uttar_Pradesh,Moradabad,"Jigar Colony, Moradabad - UPPCB",2025-11-18 17:00:00,28.856664,78.772638,1,6.0,6.0,6.0
India,Uttar_Pradesh,Moradabad,"Jigar Colony, Moradabad - UPPCB",2025-11-18 17:00:00,28.856664,78.772638,6,24.0,33.0,29.0
India,Uttar_Pradesh,Moradabad,"Jigar Colony, Moradabad - UPPCB",2025-11-18 17:00:00,28.856664,78.772638,0,40.0,40.0,40.0
India,Uttar_Pradesh,Lucknow,"B R Ambedkar University, Lucknow - UPPCB",2025-11-18 17:00:00,26.766433,80.927299,0,50.0,64.0,54.0
India,Uttar_Pradesh,Lucknow,"B R Ambedkar University, Lucknow - UPPCB",2025-11-18 17:00:00,26.766433,80.927299,3,27.0,28.0,27.0
India,Uttar_Pradesh,Lucknow,"Gomti Nagar, Lucknow - UPPCB",2025-11-18 17:00:00,26.86812,81.005119,4,31.0,126.0,79.0
India,Uttar_Pradesh,Lucknow,"Kendriya Vidyalaya, Lucknow - CPCB",2025-11-18 17:00:00,26.906111,80.948222,4,55.0,278.0,146.0
India,Uttar_Pradesh,Lucknow,"Kukrail Picnic Spot-1, Lucknow - UPPCB",2025-11-18 17:00:00,26.90723,80.98579,5,21.0,91.0,50.0
India,Uttar_Pradesh,Meerut,"Jai Bhim Nagar, Meerut - UPPCB",2025-11-18 17:00:00,28.9535882,77.7622941,2,18.0,211.0,79.0
India,Uttar_Pradesh,Meerut,"Jai Bhim Nagar, Meerut - UPPCB",2025-11-18 17:00:00,28.9535882,77.7622941,6,6.0,28.0,15.0
India,Uttar_Pradesh,Meerut,"Jai Bhim Nagar, Meerut - UPPCB",2025-11-18 17:00:00,28.9535882,77.7622941,3,2.0,245.0,194.0
India,Uttar_Pradesh,Meerut,"Pallavpuram Phase 2, Meerut - UPPCB",2025-11-18 17:00:00,29.06351,77.709723,2,36.0,158.0,92.0
India,Uttar_Pradesh,Moradabad,"Eco Herbal Park, Moradabad - UPPCB",2025-11-18 17:00:00,28.840739,78.697531,5,84.0,218.0,136.0
India,Uttar_Pradesh,Bareilly,"Rajendra Nagar, Bareilly - UPPCB",2025-11-18 17:00:00,28.38910936,79.42963708,6,33.0,35.0,34.0
India,Uttar_Pradesh,Bareilly,"Rajendra Nagar, Bareilly - UPPCB",2025-11-18 17:00:00,28.38910936,79.42963708,0,18.0,58.0,24.0
India,Uttar_Pradesh,Bulandshahr,"Yamunapuram, Bulandshahr - UPPCB",2025-11-18 17:00:00,28.406963,77.849831,6,18.0,94.0,42.0
India,Uttar_Pradesh,Firozabad,"Nagla Bhau, Firozabad - UPPCB",2025-11-18 17:00:00,27.168897,78.37696,2,17.0,18.0,17.0
India,Uttar_Pradesh,Firozabad,"Nagla Bhau, Firozabad - UPPCB",2025-11-18 17:00:00,27.168897,78.37696,0,4.0,16.0,9.0
India,Uttar_Pradesh,Ghaziabad,"Indirapuram, Ghaziabad - UPPCB",2025-11-18 17:00:00,28.646233,77.358075,0,20.0,180.0,64.0
India,Uttar_Pradesh,Ghaziabad,"Loni, Ghaziabad - UPPCB",2025-11-18 17:00:00,28.757294,77.278792,5,308.0,500.0,422.0
India,Uttar_Pradesh,Ghaziabad,"Loni, Ghaziabad - UPPCB",2025-11-18 17:00:00,28.757294,77.278792,4,278.0,500.0,437.0
India,Uttar_Pradesh,Ghaziabad,"Loni, Ghaziabad - UPPCB",2025-11-18 17:00:00,28.757294,77.278792,6,13.0,63.0,26.0
India,Uttar_Pradesh,Ghaziabad,"Sanjay Nagar, Ghaziabad - UPPCB",2025-11-18 17:00:00,28.685382,77.453839,3,6.0,124.0,68.0
India,Uttar_Pradesh,Ghaziabad,"Vasundhara, Ghaziabad - UPPCB",2025-11-18 17:00:00,28.6603346,77.3572563,6,7.0,31.0,14.0
India,Uttar_Pradesh,Gorakhpur,"Madan Mohan Malaviya University of Technology, Gorakhpur - UPPCB",2025-11-18 17:00:00,26.730136,83.433859,4,4.0,102.0,63.0
India,Uttar_Pradesh,Greater Noida,"Knowledge Park - V, Greater Noida - UPPCB",2025-11-18 17:00:00,28.557054,77.453663,5,327.0,500.0,441.0
India,Uttar_Pradesh,Greater Noida,"Knowledge Park - V, Greater Noida - UPPCB",2025-11-18 17:00:00,28.557054,77.453663,6,327.0,500.0,441.0
India,Uttar_Pradesh,Jhansi,"Shivaji Nagar, Jhansi - UPPCB",2025-11-18 17:00:00,25.4547,78.6039,2,6.0,6.0,6.0
India,Uttar_Pradesh,Kanpur,"FTI Kidwai Nagar, Kanpur - UPPCB",2025-11-18 17:00:00,26.428282,80.327067,2,25.0,25.0,25.0
India,Uttar_Pradesh,Kanpur,"FTI Kidwai Nagar, Kanpur - UPPCB",2025-11-18 17:00:00,26.428282,80.327067,1,2.0,2.0,2.0
India,Uttar_Pradesh,Kanpur,"NSI Kalyanpur, Kanpur - UPPCB",2025-11-18 17:00:00,26.509954,80.249612,5,17.0,127.0,68.0
India,Uttar_Pradesh,Kanpur,"NSI Kalyanpur, Kanpur - UPPCB",2025-11-18 17:00:00,26.509954,80.249612,4,37.0,242.0,104.0
India,Uttar_Pradesh,Kanpur,"NSI Kalyanpur, Kanpur - UPPCB",2025-11-18 17:00:00,26.509954,80.249612,6,18.0,22.0,19.0
India,Uttar_Pradesh,Kanpur,"NSI Kalyanpur, Kanpur - UPPCB",2025-11-18 17:00:00,26.509954,80.249612,3,17.0,18.0,17.0
India,West_Bengal,Durgapur,"Mahishkapur Road_B-Zone, Durgapur - WBPCB",2025-11-18 17:00:00,23.567923,87.306843,3,30.0,82.0,72.0
India,West_Bengal,Durgapur,"PCBL Residential Complex, Durgapur - WBPCB",2025-11-18 17:00:00,23.508764,87.35444,1,5.0,7.0,6.0
India,West_Bengal,Durgapur,"PCBL Residential Complex, Durgapur - WBPCB",2025-11-18 17:00:00,23.508764,87.35444,3,9.0,28.0,22.0
India,West_Bengal,Durgapur,"Womens College_City Center, Durgapur - WBPCB (Formerly known as Sidhu Kanhu Indoor Stadium)",2025-11-18 17:00:00,23.549395,87.300496,6,17.0,30.0,28.0
India,West_Bengal,Haldia,"Priyambada Housing Estate, Haldia - WBPCB",2025-11-18 17:00:00,22.06047,88.109737,4,17.0,30.0,28.0
India,Uttar_Pradesh,Varanasi,"Maldahiya, Varanasi - UPPCB",2025-11-18 17:00:00,25.32393,82.99687,2,2.0,2.0,2.0
India,Uttar_Pradesh,Vrindavan,"Omex Eternity, Vrindavan - UPPCB",2025-11-18 17:00:00,27.571409,77.655757,4,86.0,209.0,144.0
India,Uttar_Pradesh,Vrindavan,"Omex Eternity, Vrindavan - UPPCB",2025-11-18 17:00:00,27.571409,77.655757,0,35.0,96.0,53.0
India,Uttarakhand,Dehradun,"Doon University, Dehradun - UKPCB",2025-11-18 17:00:00,30.269444,78.044167,0,2.0,20.0,7.0
India,Uttarakhand,Kashipur,"Govt. Girls Inter College, Kashipur - UKPCB",2025-11-18 17:00:00,29.2124114,78.9611753,2,9.0,43.0,16.0
India,Uttarakhand,Kashipur,"Govt. Girls Inter College, Kashipur - UKPCB",2025-11-18 17:00:00,29.2124114,78.9611753,6,7.0,9.0,8.0
India,Uttarakhand,Rishikesh,"Shivaji Nagar, Rishikesh - UKPCB",2025-11-18 17:00:00,30.075911,78.2859547,4,45.0,85.0,60.0
India,Uttarakhand,Rishikesh,"Shivaji Nagar, Rishikesh - UKPCB",2025-11-18 17:00:00,30.075911,78.2859547,1,5.0,8.0,6.0
India,Uttarakhand,Rishikesh,"Shivaji Nagar, Rishikesh - UKPCB",2025-11-18 17:00:00,30.075911,78.2859547,0,15.0,36.0,20.0
India,Uttarakhand,Rishikesh,"Shivaji Nagar, Rishikesh - UKPCB",2025-11-18 17:00:00,30.075911,78.2859547,3,67.0,67.0,67.0
India,West_Bengal,Asansol,"Asansol Court Area, Asansol - WBPCB",2025-11-18 17:00:00,23.685297,86.945968,4,56.0,132.0,101.0
India,West_Bengal,Asansol,"Asansol Court Area, Asansol - WBPCB",2025-11-18 17:00:00,23.685297,86.945968,0,28.0,60.0,37.0
India,West_Bengal,Asansol,"Evelyn Lodge, Asansol - WBPCB",2025-11-18 17:00:00,23.697936,86.944395,4,35.0,133.0,93.0
India,Uttar_Pradesh,Prayagraj,"Nagar Nigam, Prayagraj - UPPCB",2025-11-18 17:00:00,25.44919916,81.82735986,2,5.0,5.0,5.0
India,Uttar_Pradesh,Prayagraj,"Nagar Nigam, Prayagraj - UPPCB",2025-11-18 17:00:00,25.44919916,81.82735986,6,80.0,117.0,104.0
India,Uttar_Pradesh,Varanasi,"Ardhali Bazar, Varanasi - UPPCB",2025-11-18 17:00:00,25.3505986,82.9083074,3,16.0,38.0,32.0
India,Uttar_Pradesh,Varanasi,"Bhelupur, Varanasi - UPPCB",2025-11-18 17:00:00,25.301778,82.996789,6,16.0,38.0,32.0
India,Uttar_Pradesh,Noida,"Sector - 125, Noida - UPPCB",2025-11-18 17:00:00,28.5447608,77.3231257,4,235.0,500.0,408.0
India,Uttar_Pradesh,Noida,"Sector-1, Noida - UPPCB",2025-11-18 17:00:00,28.5898,77.3101,5,268.0,457.0,385.0
India,Uttar_Pradesh,Noida,"Sector-1, Noida - UPPCB",2025-11-18 17:00:00,28.5898,77.3101,4,220.0,447.0,382.0
India,Uttar_Pradesh,Noida,"Sector-1, Noida - UPPCB",2025-11-18 17:00:00,28.5898,77.3101,2,64.0,213.0,153.0
India,Uttar_Pradesh,Noida,"Sector-1, Noida - UPPCB",2025-11-18 17:00:00,28.5898,77.3101,6,17.0,29.0,24.0
India,Uttar_Pradesh,Noida,"Sector-116, Noida - UPPCB",2025-11-18 17:00:00,28.56923,77.393848,3,10.0,57.0,57.0
India,Uttar_Pradesh,Prayagraj,"Jhunsi, Prayagraj - UPPCB",2025-11-18 17:00:00,25.425602,81.917152,2,6.0,6.0,6.0
India,Uttar_Pradesh,Prayagraj,"Nagar Nigam, Prayagraj - UPPCB",2025-11-18 17:00:00,25.44919916,81.82735986,4,55.0,154.0,111.0
India,West_Bengal,Haldia,"Priyambada Housing Estate, Haldia - WBPCB",2025-11-18 17:00:00,22.06047,88.109737,6,55.0,154.0,111.0
India,West_Bengal,Haldia,"Priyambada Housing Estate, Haldia - WBPCB",2025-11-18 17:00:00,22.06047,88.109737,0,30.0,30.0,30.0
India,West_Bengal,Howrah,"Belur Math, Howrah - WBPCB",2025-11-18 17:00:00,22.629801,88.352017,6,4.0,23.0,13.0
India,Uttar_Pradesh,Moradabad,"Kashiram Nagar, Moradabad - UPPCB",2025-11-18 17:00:00,28.849399,78.742362,1,4.0,4.0,4.0
India,Uttar_Pradesh,Muzaffarnagar,"New Mandi, Muzaffarnagar - UPPCB",2025-11-18 17:00:00,29.4723508,77.7194031,6,5.0,33.0,17.0
India,West_Bengal,Barrackpore,"SVSPA Campus, Barrackpore - WBPCB",2025-11-18 17:00:00,22.7605581,88.3617589,1,2.0,6.0,5.0
India,West_Bengal,Barrackpore,"SVSPA Campus, Barrackpore - WBPCB",2025-11-18 17:00:00,22.7605581,88.3617589,6,8.0,11.0,10.0
India,West_Bengal,Howrah,"Ghusuri, Howrah - WBPCB",2025-11-18 17:00:00,22.611968,88.347422,5,68.0,295.0,146.0
India,West_Bengal,Howrah,"Ghusuri, Howrah - WBPCB",2025-11-18 17:00:00,22.611968,88.347422,6,1.0,15.0,5.0
India,West_Bengal,Howrah,"Padmapukur, Howrah - WBPCB",2025-11-18 17:00:00,22.5687319,88.2797276,2,15.0,52.0,30.0
India,West_Bengal,Howrah,"Padmapukur, Howrah - WBPCB",2025-11-18 17:00:00,22.5687319,88.2797276,1,1.0,11.0,7.0
India,West_Bengal,Howrah,"Padmapukur, Howrah - WBPCB",2025-11-18 17:00:00,22.5687319,88.2797276,6,2.0,10.0,6.0
India,West_Bengal,Kolkata,"Ballygunge, Kolkata - WBPCB",2025-11-18 17:00:00,22.5367507,88.3638022,5,64.0,181.0,130.0
India,West_Bengal,Kolkata,"Ballygunge, Kolkata - WBPCB",2025-11-18 17:00:00,22.5367507,88.3638022,4,73.0,145.0,118.0
India,West_Bengal,Kolkata,"Ballygunge, Kolkata - WBPCB",2025-11-18 17:00:00,22.5367507,88.3638022,2,27.0,68.0,48.0
India,West_Bengal,Kolkata,"Ballygunge, Kolkata - WBPCB",2025-11-18 17:00:00,22.5367507,88.3638022,6,4.0,16.0,11.0
India,West_Bengal,Kolkata,"Ballygunge, Kolkata - WBPCB",2025-11-18 17:00:00,22.5367507,88.3638022,0,18.0,112.0,31.0
India,West_Bengal,Kolkata,"Fort William, Kolkata - WBPCB",2025-11-18 17:00:00,22.55664,88.342674,6,9.0,32.0,14.0
India,West_Bengal,Kolkata,"Fort William, Kolkata - WBPCB",2025-11-18 17:00:00,22.55664,88.342674,3,8.0,74.0,57.0
India,West_Bengal,Kolkata,"Victoria, Kolkata - WBPCB",2025-11-18 17:00:00,22.5448082,88.3403691,2,12.0,25.0,18.0
India,Andhra_Pradesh,Amaravati,"Secretariat, Amaravati - APPCB",2025-11-18 17:00:00,16.5150833,80.5181667,2,23.0,65.0,30.0
India,Andhra_Pradesh,Amaravati,"Secretariat, Amaravati - APPCB",2025-11-18 17:00:00,16.5150833,80.5181667,1,1.0,4.0,4.0
India,Andhra_Pradesh,Chittoor,"Gangineni Cheruvu, Chittoor - APPCB",2025-11-18 17:00:00,13.20488,79.097889,2,20.0,23.0,22.0
India,Andhra_Pradesh,Chittoor,"Gangineni Cheruvu, Chittoor - APPCB",2025-11-18 17:00:00,13.20488,79.097889,0,20.0,56.0,36.0
India,Andhra_Pradesh,Vijayawada,"HB Colony, Vijayawada - APPCB",2025-11-18 17:00:00,16.536107,80.594233,5,50.0,97.0,71.0
India,Andhra_Pradesh,Kadapa,"Yerramukkapalli, Kadapa - APPCB",2025-11-18 17:00:00,14.465052,78.824187,3,23.0,29.0,25.0
India,Andhra_Pradesh,Amaravati,"Secretariat, Amaravati - APPCB",2025-11-18 17:00:00,16.5150833,80.5181667,0,20.0,42.0,23.0
India,Andhra_Pradesh,Tirupati,"Vaikuntapuram, Tirupati - APPCB",2025-11-18 17:00:00,13.615387,79.40923,1,5.0,6.0,6.0
India,Andhra_Pradesh,Kadapa,"Yerramukkapalli, Kadapa - APPCB",2025-11-18 17:00:00,14.465052,78.824187,1,3.0,4.0,3.0
India,Andhra_Pradesh,Vijayawada,"HB Colony, Vijayawada - APPCB",2025-11-18 17:00:00,16.536107,80.594233,1,4.0,4.0,4.0
India,Andhra_Pradesh,Anantapur,"Gulzarpet, Anantapur - APPCB",2025-11-18 17:00:00,14.675886,77.593027,1,4.0,5.0,4.0
India,Andhra_Pradesh,Vijayawada,"Rajiv Gandhi Park, Vijayawada - APPCB",2025-11-18 17:00:00,16.509717,80.612222,2,44.0,112.0,77.0
India,Andhra_Pradesh,Vijayawada,"Rajiv Gandhi Park, Vijayawada - APPCB",2025-11-18 17:00:00,16.509717,80.612222,1,1.0,4.0,3.0
India,Assam,Guwahati,"LGBI Airport, Guwahati - PCBA",2025-11-18 17:00:00,26.10887,91.589544,1,6.0,6.0,6.0
India,Assam,Guwahati,"LGBI Airport, Guwahati - PCBA",2025-11-18 17:00:00,26.10887,91.589544,3,14.0,17.0,16.0
India,Assam,Sivasagar,"Girls College, Sivasagar - PCBA",2025-11-18 17:00:00,26.987634,94.636574,5,10.0,74.0,42.0
India,Assam,Sivasagar,"Girls College, Sivasagar - PCBA",2025-11-18 17:00:00,26.987634,94.636574,1,7.0,16.0,11.0
India,Assam,Byrnihat,"Central Academy for SFS, Byrnihat - PCBA",2025-11-18 17:00:00,26.071318,91.87488,5,81.0,147.0,104.0
India,Andhra_Pradesh,Vijayawada,"Rajiv Nagar, Vijayawada - APPCB",2025-11-18 17:00:00,16.554731,80.64911,4,34.0,50.0,39.0
India,Andhra_Pradesh,Visakhapatnam,"GVM Corporation, Visakhapatnam - APPCB",2025-11-18 17:00:00,17.72,83.3,0,3.0,46.0,22.0
India,Andhra_Pradesh,Vijayawada,"Rajiv Nagar, Vijayawada - APPCB",2025-11-18 17:00:00,16.554731,80.64911,0,27.0,61.0,31.0
India,Assam,Guwahati,"IITG, Guwahati - PCBA",2025-11-18 17:00:00,26.2028636,91.70046436,5,23.0,94.0,55.0
India,Assam,Nalbari,"Bata Chowk, Nalbari - PCBA",2025-11-18 17:00:00,26.446912,91.439057,1,4.0,7.0,6.0
India,Bihar,Hajipur,"Industrial Area, Hajipur - BSPCB",2025-11-18 17:00:00,25.697189,85.2459,5,92.0,173.0,120.0
India,Bihar,Hajipur,"Industrial Area, Hajipur - BSPCB",2025-11-18 17:00:00,25.697189,85.2459,2,41.0,74.0,53.0
India,Bihar,Katihar,"Mirchaibari, Katihar - BSPCB",2025-11-18 17:00:00,25.560083,87.553265,3,4.0,9.0,6.0
India,Bihar,Kishanganj,"SDM Office_Khagra, Kishanganj - BSPCB",2025-11-18 17:00:00,26.0881305,87.93840336,5,37.0,50.0,43.0
India,Bihar,Begusarai,"Lohiyanagar, Begusarai - BSPCB",2025-11-18 17:00:00,25.42742023,86.13886079,1,4.0,5.0,5.0
India,Bihar,Bettiah,"Kamalnath Nagar, Bettiah - BSPCB",2025-11-18 17:00:00,26.80365,84.51954,5,33.0,217.0,120.0
India,Bihar,Bettiah,"Kamalnath Nagar, Bettiah - BSPCB",2025-11-18 17:00:00,26.80365,84.51954,1,1.0,1.0,1.0
India,Bihar,Bettiah,"Kamalnath Nagar, Bettiah - BSPCB",2025-11-18 17:00:00,26.80365,84.51954,6,4.0,35.0,13.0
India,Bihar,Bettiah,"Kamalnath Nagar, Bettiah - BSPCB",2025-11-18 17:00:00,26.80365,84.51954,0,57.0,129.0,70.0
India,Bihar,Bhagalpur,"Mayaganj, Bhagalpur - BSPCB",2025-11-18 17:00:00,25.265194,87.012947,3,19.0,83.0,62.0
India,Bihar,Bihar Sharif,"D M Colony, Bihar Sharif - BSPCB",2025-11-18 17:00:00,25.204762,85.51496,3,21.0,38.0,28.0
India,Bihar,Buxar,"Charitra Van, Buxar - BSPCB",2025-11-18 17:00:00,25.56752,83.966379,1,3.0,3.0,3.0
India,Bihar,Buxar,"Charitra Van, Buxar - BSPCB",2025-11-18 17:00:00,25.56752,83.966379,6,4.0,14.0,8.0
India,Bihar,Araria,"Kharahiya Basti, Araria - BSPCB",2025-11-18 17:00:00,26.146529,87.454184,0,24.0,34.0,30.0
India,Bihar,Aurangabad,"Gurdeo Nagar, Aurangabad - BSPCB",2025-11-18 17:00:00,24.75746,84.366208,4,53.0,174.0,105.0
India,Bihar,Aurangabad,"Gurdeo Nagar, Aurangabad - BSPCB",2025-11-18 17:00:00,24.75746,84.366208,6,10.0,19.0,15.0
India,Bihar,Buxar,"Charitra Van, Buxar - BSPCB",2025-11-18 17:00:00,25.56752,83.966379,3,4.0,88.0,70.0
India,Bihar,Chhapra,"Darshan Nagar, Chhapra - BSPCB",2025-11-18 17:00:00,25.7808257,84.7446768,0,2.0,13.0,3.0
India,Bihar,Gaya,"Kareemganj, Gaya - BSPCB",2025-11-18 17:00:00,24.792403,84.992416,1,4.0,6.0,5.0
India,Bihar,Gaya,"SFTI Kusdihra, Gaya - BSPCB",2025-11-18 17:00:00,24.762518,84.982348,5,58.0,73.0,66.0
India,Bihar,Bhagalpur,"DM Office_Kachari Chowk, Bhagalpur - BSPCB",2025-11-18 17:00:00,25.251013,86.989001,4,58.0,73.0,66.0
India,Bihar,Manguraha,"Forest Rest House, Manguraha - BSPCB",2025-11-18 17:00:00,27.308328,84.531742,4,39.0,129.0,68.0
India,Bihar,Bhagalpur,"Mayaganj, Bhagalpur - BSPCB",2025-11-18 17:00:00,25.265194,87.012947,2,6.0,8.0,7.0
India,Bihar,Munger,"Town Hall, Munger - BSPCB",2025-11-18 17:00:00,25.376776,86.471523,5,30.0,293.0,141.0
India,Bihar,Munger,"Town Hall, Munger - BSPCB",2025-11-18 17:00:00,25.376776,86.471523,6,15.0,20.0,18.0
India,Bihar,Muzaffarpur,"Buddha Colony, Muzaffarpur - BSPCB",2025-11-18 17:00:00,26.11442,85.39813,4,55.0,110.0,91.0
India,Bihar,Patna,"DRM Office Danapur, Patna - BSPCB",2025-11-18 17:00:00,25.586562,85.043586,4,77.0,322.0,151.0
India,Bihar,Patna,"Govt. High School Shikarpur, Patna - BSPCB",2025-11-18 17:00:00,25.592539,85.227158,6,9.0,12.0,10.0
India,Bihar,Patna,"Govt. High School Shikarpur, Patna - BSPCB",2025-11-18 17:00:00,25.592539,85.227158,0,52.0,126.0,68.0
India,Bihar,Saharsa,"Police Line, Saharsa - BSPCB",2025-11-18 17:00:00,25.892357,86.590325,1,4.0,4.0,4.0
India,Bihar,Saharsa,"Police Line, Saharsa - BSPCB",2025-11-18 17:00:00,25.892357,86.590325,3,2.0,33.0,6.0
India,Bihar,Samastipur,"DM Office_Kasipur, Samastipur - BSPCB",2025-11-18 17:00:00,25.859655,85.77944,2,7.0,9.0,8.0
India,Bihar,Muzaffarpur,"MIT-Daudpur Kothi, Muzaffarpur - BSPCB",2025-11-18 17:00:00,26.1403345,85.3650192,1,1.0,1.0,1.0
India,Bihar,Muzaffarpur,"Muzaffarpur Collectorate, Muzaffarpur - BSPCB",2025-11-18 17:00:00,26.1209,85.3647,0,8.0,28.0,27.0
India,Bihar,Purnia,"Mariam Nagar, Purnia - BSPCB",2025-11-18 17:00:00,25.366336,87.117468,6,16.0,16.0,16.0
India,Bihar,Purnia,"Mariam Nagar, Purnia - BSPCB",2025-11-18 17:00:00,25.366336,87.117468,3,18.0,30.0,26.0
India,Bihar,Patna,"IGSC Planetarium Complex, Patna - BSPCB",2025-11-18 17:00:00,25.610369,85.132568,6,18.0,30.0,26.0
India,Bihar,Muzaffarpur,"Buddha Colony, Muzaffarpur - BSPCB",2025-11-18 17:00:00,26.11442,85.39813,6,3.0,5.0,4.0
India,Bihar,Patna,"Samanpura, Patna - BSPCB",2025-11-18 17:00:00,25.596727,85.085624,3,1.0,147.0,46.0
India,Bihar,Rajgir,"Dangi Tola, Rajgir - BSPCB",2025-11-18 17:00:00,25.0328,85.41948,1,6.0,10.0,7.0
India,Chhattisgarh,Raipur,"Krishak Nagar, Raipur - CECB",2025-11-18 17:00:00,21.237755,81.705301,4,33.0,65.0,49.0
India,Chhattisgarh,Raipur,"Krishak Nagar, Raipur - CECB",2025-11-18 17:00:00,21.237755,81.705301,2,17.0,26.0,23.0
India,Chhattisgarh,Raipur,"Krishak Nagar, Raipur - CECB",2025-11-18 17:00:00,21.237755,81.705301,1,2.0,2.0,2.0
India,Chhattisgarh,Raipur,"Krishak Nagar, Raipur - CECB",2025-11-18 17:00:00,21.237755,81.705301,3,12.0,12.0,12.0
India,Chhattisgarh,Raipur,"Siltara Phase-II, Raipur - CECB",2025-11-18 17:00:00,21.371751,81.664929,6,4.0,9.0,6.0
India,Chhattisgarh,Raipur,"Siltara Phase-II, Raipur - CECB",2025-11-18 17:00:00,21.371751,81.664929,0,34.0,36.0,35.0
India,Chhattisgarh,Tumidih,"OP Jindal Industrial Park, Tumidih - CECB",2025-11-18 17:00:00,22.06631475,83.33820077,4,51.0,274.0,104.0
India,Bihar,Sasaram,"Dada Peer, Sasaram - BSPCB",2025-11-18 17:00:00,24.952822,84.002396,0,47.0,56.0,52.0
India,Bihar,Siwan,"Chitragupta Nagar, Siwan - BSPCB",2025-11-18 17:00:00,26.2271665,84.3570427,1,1.0,1.0,1.0
India,Bihar,Siwan,"Chitragupta Nagar, Siwan - BSPCB",2025-11-18 17:00:00,26.2271665,84.3570427,0,74.0,123.0,94.0
India,Bihar,Siwan,"Chitragupta Nagar, Siwan - BSPCB",2025-11-18 17:00:00,26.2271665,84.3570427,3,5.0,14.0,12.0
India,Chandigarh,Chandigarh,"Sector 22, Chandigarh - CPCC",2025-11-18 17:00:00,30.735567,76.775714,5,42.0,287.0,92.0
India,Chandigarh,Chandigarh,"Sector-25, Chandigarh - CPCC",2025-11-18 17:00:00,30.751462,76.762879,2,14.0,53.0,27.0
India,Chhattisgarh,Milupara,"Govt. Higher Secondary School, Milupara - CECB",2025-11-18 17:00:00,22.1910172,83.5197009,6,11.0,14.0,13.0
India,Chhattisgarh,Milupara,"Govt. Higher Secondary School, Milupara - CECB",2025-11-18 17:00:00,22.1910172,83.5197009,0,6.0,22.0,14.0
India,Chhattisgarh,Raipur,"AIIMS, Raipur - CECB",2025-11-18 17:00:00,21.258815,81.578979,2,57.0,75.0,65.0
India,Chhattisgarh,Raipur,"AIIMS, Raipur - CECB",2025-11-18 17:00:00,21.258815,81.578979,6,4.0,11.0,8.0
India,Chhattisgarh,Raipur,"AIIMS, Raipur - CECB",2025-11-18 17:00:00,21.258815,81.578979,3,6.0,10.0,7.0
India,Chhattisgarh,Raipur,"Bhatagaon New ISBT, Raipur - CECB",2025-11-18 17:00:00,21.219665,81.630094,4,32.0,111.0,79.0
India,Chhattisgarh,Raipur,"Bhatagaon New ISBT, Raipur - CECB",2025-11-18 17:00:00,21.219665,81.630094,6,6.0,23.0,10.0
India,Delhi,Delhi,"Alipur, Delhi - DPCC",2025-11-18 17:00:00,28.815329,77.15301,2,40.0,146.0,93.0
India,Delhi,Delhi,"Alipur, Delhi - DPCC",2025-11-18 17:00:00,28.815329,77.15301,6,7.0,24.0,14.0
India,Delhi,Delhi,"Alipur, Delhi - DPCC",2025-11-18 17:00:00,28.815329,77.15301,3,7.0,90.0,60.0
India,Delhi,Delhi,"Anand Vihar, Delhi - DPCC",2025-11-18 17:00:00,28.647622,77.315809,2,112.0,181.0,140.0
India,Delhi,Delhi,"Anand Vihar, Delhi - DPCC",2025-11-18 17:00:00,28.647622,77.315809,1,11.0,18.0,15.0
India,Delhi,Delhi,"Anand Vihar, Delhi - DPCC",2025-11-18 17:00:00,28.647622,77.315809,6,48.0,79.0,59.0
India,Chhattisgarh,Bilaspur,"Mangala, Bilaspur - NTPC",2025-11-18 17:00:00,22.08815,82.13737,5,60.0,188.0,94.0
India,Chhattisgarh,Bilaspur,"Mangala, Bilaspur - NTPC",2025-11-18 17:00:00,22.08815,82.13737,2,15.0,34.0,18.0
India,Chhattisgarh,Chhal,"Nawapara SECL Colony, Chhal - CECB",2025-11-18 17:00:00,22.118125,83.140608,5,52.0,158.0,76.0
India,Chhattisgarh,Korba,"Rampur, Korba - CECB",2025-11-18 17:00:00,22.368195,82.746431,5,37.0,58.0,49.0
India,Delhi,Delhi,"Chandni Chowk, Delhi - IITM",2025-11-18 17:00:00,28.656756,77.227234,1,17.0,84.0,42.0
India,Delhi,Delhi,"Chandni Chowk, Delhi - IITM",2025-11-18 17:00:00,28.656756,77.227234,3,3.0,107.0,66.0
India,Delhi,Delhi,"DTU, Delhi - CPCB",2025-11-18 17:00:00,28.7500499,77.1112615,1,4.0,14.0,10.0
India,Delhi,Delhi,"DTU, Delhi - CPCB",2025-11-18 17:00:00,28.7500499,77.1112615,6,33.0,40.0,36.0
India,Delhi,Delhi,"Aya Nagar, Delhi - IMD",2025-11-18 17:00:00,28.4706914,77.1099364,4,172.0,458.0,336.0
India,Delhi,Delhi,"Bawana, Delhi - DPCC",2025-11-18 17:00:00,28.7762,77.051074,5,301.0,500.0,449.0
India,Delhi,Delhi,"CRRI Mathura Road, Delhi - IMD",2025-11-18 17:00:00,28.5512005,77.2735737,5,230.0,414.0,365.0
India,Chhattisgarh,Korba,"Rampur, Korba - CECB",2025-11-18 17:00:00,22.368195,82.746431,3,3.0,8.0,5.0
India,Chhattisgarh,Kunjemura,"OP Jindal School, Kunjemura - CECB",2025-11-18 17:00:00,22.12665,83.483212,6,1.0,16.0,8.0
India,Chhattisgarh,Kunjemura,"OP Jindal School, Kunjemura - CECB",2025-11-18 17:00:00,22.12665,83.483212,3,5.0,71.0,51.0
India,Chandigarh,Chandigarh,"Sector-25, Chandigarh - CPCC",2025-11-18 17:00:00,30.751462,76.762879,3,1.0,62.0,44.0
India,Delhi,Delhi,"Rohini, Delhi - DPCC",2025-11-18 17:00:00,28.732528,77.11992,1,13.0,25.0,19.0
India,Delhi,Delhi,"Shadipur, Delhi - CPCB",2025-11-18 17:00:00,28.6514781,77.1473105,5,200.0,329.0,249.0
India,Delhi,Delhi,"Shadipur, Delhi - CPCB",2025-11-18 17:00:00,28.6514781,77.1473105,4,154.0,500.0,336.0
India,Delhi,Delhi,"Shadipur, Delhi - CPCB",2025-11-18 17:00:00,28.6514781,77.1473105,1,10.0,22.0,15.0
India,Delhi,Delhi,"Shadipur, Delhi - CPCB",2025-11-18 17:00:00,28.6514781,77.1473105,6,1.0,48.0,20.0
India,Delhi,Delhi,"Shadipur, Delhi - CPCB",2025-11-18 17:00:00,28.6514781,77.1473105,0,44.0,152.0,67.0
India,Delhi,Delhi,"Sirifort, Delhi - CPCB",2025-11-18 17:00:00,28.5504249,77.2159377,5,26.0,429.0,360.0
India,Delhi,Delhi,"Sirifort, Delhi - CPCB",2025-11-18 17:00:00,28.5504249,77.2159377,4,244.0,412.0,331.0
India,Delhi,Delhi,"Sonia Vihar, Delhi - DPCC",2025-11-18 17:00:00,28.710508,77.249485,5,277.0,500.0,390.0
India,Delhi,Delhi,"Dwarka-Sector 8, Delhi - DPCC ",2025-11-18 17:00:00,28.5710274,77.0719006,4,213.0,430.0,341.0
India,Delhi,Delhi,"Dwarka-Sector 8, Delhi - DPCC ",2025-11-18 17:00:00,28.5710274,77.0719006,6,22.0,71.0,38.0
India,Delhi,Delhi,"IGI Airport (T3), Delhi - IMD",2025-11-18 17:00:00,28.5627763,77.1180053,5,168.0,369.0,316.0
India,Delhi,Delhi,"IHBAS, Dilshad Garden, Delhi - CPCB",2025-11-18 17:00:00,28.6811736,77.3025234,4,199.0,424.0,337.0
India,Delhi,Delhi,"IHBAS, Dilshad Garden, Delhi - CPCB",2025-11-18 17:00:00,28.6811736,77.3025234,1,4.0,6.0,5.0
India,Delhi,Delhi,"Punjabi Bagh, Delhi - DPCC",2025-11-18 17:00:00,28.674045,77.131023,2,36.0,89.0,63.0
India,Delhi,Delhi,"Punjabi Bagh, Delhi - DPCC",2025-11-18 17:00:00,28.674045,77.131023,1,4.0,5.0,5.0
India,Delhi,Delhi,"Pusa, Delhi - DPCC",2025-11-18 17:00:00,28.639652,77.146275,5,277.0,492.0,350.0
India,Delhi,Delhi,"Pusa, Delhi - DPCC",2025-11-18 17:00:00,28.639652,77.146275,4,174.0,487.0,284.0
India,Delhi,Delhi,"Pusa, Delhi - IMD",2025-11-18 17:00:00,28.63611,77.173332,0,1.0,155.0,34.0
India,Delhi,Delhi,"Pusa, Delhi - IMD",2025-11-18 17:00:00,28.63611,77.173332,3,13.0,49.0,34.0
India,Delhi,Delhi,"Nehru Nagar, Delhi - DPCC",2025-11-18 17:00:00,28.56789,77.250515,0,109.0,183.0,115.0
India,Delhi,Delhi,"Nehru Nagar, Delhi - DPCC",2025-11-18 17:00:00,28.56789,77.250515,3,3.0,294.0,142.0
India,Delhi,Delhi,"North Campus, DU, Delhi - IMD",2025-11-18 17:00:00,28.6573814,77.1585447,2,71.0,279.0,139.0
India,Delhi,Delhi,"North Campus, DU, Delhi - IMD",2025-11-18 17:00:00,28.6573814,77.1585447,3,16.0,325.0,209.0
India,Delhi,Delhi,"Okhla Phase-2, Delhi - DPCC",2025-11-18 17:00:00,28.530785,77.271255,0,68.0,137.0,84.0
India,Delhi,Delhi,"Lodhi Road, Delhi - IMD",2025-11-18 17:00:00,28.5918245,77.2273074,0,48.0,109.0,52.0
India,Delhi,Delhi,"Major Dhyan Chand National Stadium, Delhi - DPCC",2025-11-18 17:00:00,28.611281,77.237738,4,171.0,432.0,269.0
India,Delhi,Delhi,"Major Dhyan Chand National Stadium, Delhi - DPCC",2025-11-18 17:00:00,28.611281,77.237738,6,14.0,39.0,27.0
India,Delhi,Delhi,"Mandir Marg, Delhi - DPCC",2025-11-18 17:00:00,28.636429,77.201067,4,143.0,431.0,246.0
India,Delhi,Delhi,"Najafgarh, Delhi - DPCC",2025-11-18 17:00:00,28.570173,76.933762,2,117.0,149.0,133.0
India,Delhi,Delhi,"Najafgarh, Delhi - DPCC",2025-11-18 17:00:00,28.570173,76.933762,1,8.0,10.0,9.0
India,Delhi,Delhi,"Najafgarh, Delhi - DPCC",2025-11-18 17:00:00,28.570173,76.933762,6,18.0,38.0,24.0
India,Delhi,Delhi,"Narela, Delhi - DPCC",2025-11-18 17:00:00,28.822836,77.101981,5,262.0,500.0,412.0
India,Delhi,Delhi,"Narela, Delhi - DPCC",2025-11-18 17:00:00,28.822836,77.101981,4,187.0,478.0,374.0
India,Delhi,Delhi,"Jahangirpuri, Delhi - DPCC",2025-11-18 17:00:00,28.73282,77.170633,2,102.0,168.0,138.0
India,Delhi,Delhi,"Jawaharlal Nehru Stadium, Delhi - DPCC",2025-11-18 17:00:00,28.58028,77.233829,2,54.0,158.0,105.0
India,Delhi,Delhi,"Jawaharlal Nehru Stadium, Delhi - DPCC",2025-11-18 17:00:00,28.58028,77.233829,1,4.0,6.0,5.0
India,Delhi,Delhi,"Jawaharlal Nehru Stadium, Delhi - DPCC",2025-11-18 17:00:00,28.58028,77.233829,6,17.0,54.0,27.0
India,Delhi,Delhi,"Vivek Vihar, Delhi - DPCC",2025-11-18 17:00:00,28.672342,77.31526,2,41.0,171.0,95.0
India,Delhi,Delhi,"Wazirpur, Delhi - DPCC",2025-11-18 17:00:00,28.699793,77.165453,4,226.0,500.0,429.0
India,Delhi,Delhi,"Wazirpur, Delhi - DPCC",2025-11-18 17:00:00,28.699793,77.165453,1,9.0,15.0,13.0
India,Delhi,Delhi,"NSIT Dwarka, Delhi - CPCB",2025-11-18 17:00:00,28.60909,77.0325413,5,167.0,337.0,292.0
India,Delhi,Delhi,"NSIT Dwarka, Delhi - CPCB",2025-11-18 17:00:00,28.60909,77.0325413,2,54.0,113.0,76.0
India,Haryana,Bhiwani,"H.B. Colony, Bhiwani - HSPCB",2025-11-18 17:00:00,28.806223,76.141105,0,10.0,14.0,12.0
India,Haryana,Charkhi Dadri,"Mini Secretariat, Charkhi Dadri - HSPCB",2025-11-18 17:00:00,28.593883,76.270653,5,186.0,449.0,310.0
India,Haryana,Charkhi Dadri,"Mini Secretariat, Charkhi Dadri - HSPCB",2025-11-18 17:00:00,28.593883,76.270653,2,9.0,24.0,15.0
India,Haryana,Dharuhera,"Municipal Corporation Office, Dharuhera -  HSPCB",2025-11-18 17:00:00,28.2068,76.7997,5,134.0,403.0,264.0
India,Haryana,Dharuhera,"Municipal Corporation Office, Dharuhera -  HSPCB",2025-11-18 17:00:00,28.2068,76.7997,4,139.0,451.0,241.0
India,Gujarat,Ahmedabad,"SAC ISRO Satellite, Ahmedabad - IITM",2025-11-18 17:00:00,23.023389,72.515201,6,3.0,52.0,12.0
India,Gujarat,Ahmedabad,"SAC ISRO Satellite, Ahmedabad - IITM",2025-11-18 17:00:00,23.023389,72.515201,3,3.0,67.0,53.0
India,Gujarat,Ahmedabad,"SVPI Airport Hansol, Ahmedabad - IITM",2025-11-18 17:00:00,23.076793,72.627874,4,126.0,362.0,190.0
India,Gujarat,Ahmedabad,"SVPI Airport Hansol, Ahmedabad - IITM",2025-11-18 17:00:00,23.076793,72.627874,6,7.0,15.0,9.0
India,Gujarat,Ankleshwar,"GIDC, Ankleshwar - GPCB",2025-11-18 17:00:00,21.613267,73.010555,1,7.0,15.0,9.0
India,Haryana,Ambala,"Patti Mehar, Ambala - HSPCB",2025-11-18 17:00:00,30.379589,76.778328,0,98.0,100.0,99.0
India,Haryana,Bahadurgarh,"Arya Nagar, Bahadurgarh - HSPCB",2025-11-18 17:00:00,28.6701,76.9254,1,12.0,13.0,13.0
India,Haryana,Ballabgarh,"Nathu Colony, Ballabgarh - HSPCB",2025-11-18 17:00:00,28.3419248,77.319699,2,20.0,20.0,20.0
India,Haryana,Ballabgarh,"Nathu Colony, Ballabgarh - HSPCB",2025-11-18 17:00:00,28.3419248,77.319699,6,7.0,12.0,10.0
India,Haryana,Ballabgarh,"Nathu Colony, Ballabgarh - HSPCB",2025-11-18 17:00:00,28.3419248,77.319699,0,15.0,148.0,43.0
India,Haryana,Gurugram,"Teri Gram, Gurugram - HSPCB",2025-11-18 17:00:00,28.4275,77.1465,6,15.0,148.0,43.0
India,Haryana,Gurugram,"Vikas Sadan, Gurugram - HSPCB",2025-11-18 17:00:00,28.4501238,77.0263051,5,89.0,332.0,220.0
India,Haryana,Gurugram,"Vikas Sadan, Gurugram - HSPCB",2025-11-18 17:00:00,28.4501238,77.0263051,2,9.0,45.0,27.0
India,Haryana,Gurugram,"Vikas Sadan, Gurugram - HSPCB",2025-11-18 17:00:00,28.4501238,77.0263051,3,7.0,49.0,38.0
India,Haryana,Hisar,"Urban Estate-II, Hisar - HSPCB",2025-11-18 17:00:00,29.14056,75.744941,6,9.0,13.0,11.0
India,Gujarat,Surat,"Science Center, Surat - SMC",2025-11-18 17:00:00,21.170046,72.795405,0,38.0,42.0,39.0
India,Gujarat,Vatva,"Phase-4 GIDC, Vatva - GPCB",2025-11-18 17:00:00,22.969611,72.6435,4,62.0,359.0,112.0
India,Gujarat,Vatva,"Phase-4 GIDC, Vatva - GPCB",2025-11-18 17:00:00,22.969611,72.6435,0,10.0,25.0,15.0
India,Haryana,Ambala,"Patti Mehar, Ambala - HSPCB",2025-11-18 17:00:00,30.379589,76.778328,5,83.0,412.0,228.0
India,Gujarat,Ahmedabad,"Chandkheda, Ahmedabad - IITM",2025-11-18 17:00:00,23.107969,72.574648,6,1.0,14.0,4.0
India,Gujarat,Ahmedabad,"Gyaspur, Ahmedabad - IITM",2025-11-18 17:00:00,22.977134,72.553024,4,131.0,190.0,154.0
India,Gujarat,Ahmedabad,"Gyaspur, Ahmedabad - IITM",2025-11-18 17:00:00,22.977134,72.553024,6,13.0,28.0,24.0
India,Gujarat,Ahmedabad,"Maninagar, Ahmedabad - GPCB",2025-11-18 17:00:00,23.002657,72.591912,4,56.0,293.0,110.0
India,Haryana,Faridabad,"Sector 30, Faridabad - HSPCB",2025-11-18 17:00:00,28.4417,77.3217,3,17.0,19.0,18.0
India,Haryana,Fatehabad,"Huda Sector, Fatehabad - HSPCB",2025-11-18 17:00:00,29.503664,75.467934,5,62.0,414.0,238.0
India,Haryana,Gurugram,"NISE Gwal Pahari, Gurugram - IMD",2025-11-18 17:00:00,28.422681,77.148944,2,16.0,67.0,26.0
India,Gujarat,Ahmedabad,"Rakhial, Ahmedabad - IITM",2025-11-18 17:00:00,23.016834,72.625775,3,2.0,96.0,75.0
India,Gujarat,Ahmedabad,"SAC ISRO Bopal, Ahmedabad - IITM",2025-11-18 17:00:00,23.041137,72.456691,3,2.0,70.0,46.0
India,Gujarat,Gandhinagar,"GIFT City, Gandhinagar - IITM",2025-11-18 17:00:00,23.163798,72.677768,5,88.0,242.0,176.0
India,Karnataka,Bengaluru,"BTM Layout, Bengaluru - CPCB",2025-11-18 17:00:00,12.9135218,77.5950804,0,38.0,57.0,51.0
India,Karnataka,Bengaluru,"BTM Layout, Bengaluru - CPCB",2025-11-18 17:00:00,12.9135218,77.5950804,3,23.0,24.0,23.0
India,Karnataka,Bengaluru,"BWSSB Kadabesanahalli, Bengaluru - CPCB",2025-11-18 17:00:00,12.9352049,77.6814488,5,57.0,61.0,60.0
India,Karnataka,Bengaluru,"BWSSB Kadabesanahalli, Bengaluru - CPCB",2025-11-18 17:00:00,12.9352049,77.6814488,2,23.0,25.0,25.0
India,Karnataka,Bengaluru,"BWSSB Kadabesanahalli, Bengaluru - CPCB",2025-11-18 17:00:00,12.9352049,77.6814488,6,2.0,3.0,3.0
India,Karnataka,Bengaluru,"City Railway Station, Bengaluru - KSPCB",2025-11-18 17:00:00,12.9756843,77.5660749,2,41.0,45.0,43.0
India,Karnataka,Bengaluru,"Hombegowda Nagar, Bengaluru - KSPCB",2025-11-18 17:00:00,12.938539,77.5901,5,31.0,68.0,53.0
India,Karnataka,Bengaluru,"Hombegowda Nagar, Bengaluru - KSPCB",2025-11-18 17:00:00,12.938539,77.5901,2,10.0,30.0,20.0
India,Karnataka,Bengaluru,"Hombegowda Nagar, Bengaluru - KSPCB",2025-11-18 17:00:00,12.938539,77.5901,3,28.0,48.0,37.0
India,Haryana,Panipat,"Sector-18, Panipat - HSPCB",2025-11-18 17:00:00,29.432304,76.972765,2,31.0,32.0,31.0
India,Haryana,Panipat,"Sector-18, Panipat - HSPCB",2025-11-18 17:00:00,29.432304,76.972765,3,30.0,30.0,30.0
India,Haryana,Rohtak,"MD University, Rohtak - HSPCB",2025-11-18 17:00:00,28.52123,76.37138,4,102.0,500.0,181.0
India,Haryana,Rohtak,"MD University, Rohtak - HSPCB",2025-11-18 17:00:00,28.52123,76.37138,2,1.0,30.0,11.0
India,Haryana,Sonipat,"Murthal, Sonipat - HSPCB",2025-11-18 17:00:00,29.0272,77.0621,5,199.0,450.0,344.0
India,Haryana,Sonipat,"Murthal, Sonipat - HSPCB",2025-11-18 17:00:00,29.0272,77.0621,1,8.0,20.0,16.0
India,Haryana,Kurukshetra,"Sector-7, Kurukshetra - HSPCB",2025-11-18 17:00:00,29.966942,76.875879,6,2.0,12.0,7.0
India,Haryana,Kurukshetra,"Sector-7, Kurukshetra - HSPCB",2025-11-18 17:00:00,29.966942,76.875879,3,6.0,82.0,57.0
India,Haryana,Mandikhera,"General Hospital, Mandikhera - HSPCB",2025-11-18 17:00:00,27.9002,76.9938,5,50.0,422.0,224.0
India,Haryana,Mandikhera,"General Hospital, Mandikhera - HSPCB",2025-11-18 17:00:00,27.9002,76.9938,2,20.0,24.0,22.0
India,Haryana,Manesar,"Sector-2 IMT, Manesar - HSPCB",2025-11-18 17:00:00,28.360699,76.93609,5,99.0,470.0,326.0
India,Karnataka,Bengaluru,"Jayanagar 5th Block, Bengaluru - KSPCB",2025-11-18 17:00:00,12.920984,77.584908,4,99.0,470.0,326.0
India,Karnataka,Bengaluru,"Jigani, Bengaluru - KSPCB",2025-11-18 17:00:00,12.7816279,77.6299145,1,3.0,3.0,3.0
India,Karnataka,Bengaluru,"Jigani, Bengaluru - KSPCB",2025-11-18 17:00:00,12.7816279,77.6299145,3,20.0,21.0,20.0
India,Karnataka,Bengaluru,"Kasturi Nagar, Bengaluru - KSPCB",2025-11-18 17:00:00,13.003872,77.664217,5,57.0,59.0,58.0
India,Karnataka,Bengaluru,"Kasturi Nagar, Bengaluru - KSPCB",2025-11-18 17:00:00,13.003872,77.664217,0,43.0,57.0,50.0
India,Haryana,Sonipat,"Murthal, Sonipat - HSPCB",2025-11-18 17:00:00,29.0272,77.0621,6,7.0,10.0,8.0
India,Haryana,Yamuna Nagar,"Gobind Pura, Yamuna Nagar - HSPCB",2025-11-18 17:00:00,30.1480566,77.2893471,2,7.0,10.0,8.0
India,Himachal Pradesh,Baddi,"HIMUDA Complex Phase-1, Baddi - HPPCB",2025-11-18 17:00:00,30.943887,76.801991,1,6.0,9.0,7.0
India,Haryana,Jind,"Police Lines, Jind - HSPCB",2025-11-18 17:00:00,29.307814,76.337619,5,6.0,9.0,7.0
India,Haryana,Jind,"Police Lines, Jind - HSPCB",2025-11-18 17:00:00,29.307814,76.337619,2,6.0,9.0,7.0
India,Haryana,Jind,"Police Lines, Jind - HSPCB",2025-11-18 17:00:00,29.307814,76.337619,3,17.0,37.0,26.0
India,Haryana,Karnal,"Sector-12, Karnal - HSPCB",2025-11-18 17:00:00,29.6953,77.0027,6,13.0,16.0,15.0
India,Haryana,Karnal,"Sector-12, Karnal - HSPCB",2025-11-18 17:00:00,29.6953,77.0027,3,26.0,26.0,26.0
India,Karnataka,Belgaum,"Ramteerth Nagar, Belgaum - KSPCB",2025-11-18 17:00:00,15.888653,74.541751,1,8.0,11.0,9.0
India,Karnataka,Belgaum,"Ramteerth Nagar, Belgaum - KSPCB",2025-11-18 17:00:00,15.888653,74.541751,3,19.0,20.0,19.0
India,Karnataka,Bengaluru,"BTM Layout, Bengaluru - CPCB",2025-11-18 17:00:00,12.9135218,77.5950804,4,61.0,68.0,64.0
India,Haryana,Palwal,"Shyam Nagar, Palwal - HSPCB",2025-11-18 17:00:00,28.1485564,77.3320667,0,28.0,28.0,28.0
India,Haryana,Panchgaon,"Amity University, Panchgaon - IITM",2025-11-18 17:00:00,28.3153,76.9143,6,1.0,23.0,7.0
India,Haryana,Palwal,"Shyam Nagar, Palwal - HSPCB",2025-11-18 17:00:00,28.1485564,77.3320667,5,69.0,181.0,116.0
India,Haryana,Palwal,"Shyam Nagar, Palwal - HSPCB",2025-11-18 17:00:00,28.1485564,77.3320667,2,23.0,24.0,24.0
India,Karnataka,Bengaluru,"Silk Board, Bengaluru - KSPCB",2025-11-18 17:00:00,12.917348,77.622813,4,115.0,206.0,145.0
India,Karnataka,Bengaluru,"Silk Board, Bengaluru - KSPCB",2025-11-18 17:00:00,12.917348,77.622813,2,12.0,17.0,14.0
India,Karnataka,Bengaluru,"Silk Board, Bengaluru - KSPCB",2025-11-18 17:00:00,12.917348,77.622813,1,2.0,2.0,2.0
India,Karnataka,Bengaluru,"Silk Board, Bengaluru - KSPCB",2025-11-18 17:00:00,12.917348,77.622813,0,16.0,52.0,50.0
India,Karnataka,Chamarajanagar,"Urban, Chamarajanagar - KSPCB",2025-11-18 17:00:00,11.55358,76.55521,4,29.0,54.0,38.0
India,Karnataka,Chamarajanagar,"Urban, Chamarajanagar - KSPCB",2025-11-18 17:00:00,11.55358,76.55521,6,2.0,6.0,4.0
India,Karnataka,Chamarajanagar,"Urban, Chamarajanagar - KSPCB",2025-11-18 17:00:00,11.55358,76.55521,3,14.0,35.0,26.0
India,Karnataka,Chikkamagaluru,"Kalyana Nagara, Chikkamagaluru - KSPCB",2025-11-18 17:00:00,13.328028,75.797056,2,19.0,24.0,20.0
India,Karnataka,Chikkamagaluru,"Kalyana Nagara, Chikkamagaluru - KSPCB",2025-11-18 17:00:00,13.328028,75.797056,3,31.0,44.0,34.0
India,Karnataka,Davanagere,"Devaraj Urs Badavane, Davanagere - KSPCB",2025-11-18 17:00:00,14.4758,75.9052,5,31.0,44.0,34.0
India,Karnataka,Davanagere,"Devaraj Urs Badavane, Davanagere - KSPCB",2025-11-18 17:00:00,14.4758,75.9052,1,31.0,44.0,34.0
India,Karnataka,Dharwad,"Kalabhavan, Dharwad - KSPCB",2025-11-18 17:00:00,15.459706,75.008381,2,26.0,28.0,26.0
India,Karnataka,Dharwad,"Kalabhavan, Dharwad - KSPCB",2025-11-18 17:00:00,15.459706,75.008381,0,32.0,76.0,58.0
India,Karnataka,Dharwad,"Kalabhavan, Dharwad - KSPCB",2025-11-18 17:00:00,15.459706,75.008381,3,21.0,24.0,24.0
India,Karnataka,Gadag,"Panchal Nagar, Gadag - KSPCB",2025-11-18 17:00:00,15.411456,75.638133,5,41.0,92.0,62.0
India,Karnataka,Gadag,"Panchal Nagar, Gadag - KSPCB",2025-11-18 17:00:00,15.411456,75.638133,4,41.0,238.0,75.0
India,Karnataka,Shivamogga,"Vinoba Nagara, Shivamogga - KSPCB",2025-11-18 17:00:00,13.94,75.555917,2,14.0,18.0,16.0
India,Karnataka,Shivamogga,"Vinoba Nagara, Shivamogga - KSPCB",2025-11-18 17:00:00,13.94,75.555917,3,14.0,74.0,62.0
India,Karnataka,Tumakuru,"Thimmalapura, Tumakuru - KSPCB",2025-11-18 17:00:00,13.377516,77.099072,0,14.0,74.0,62.0
India,Karnataka,Tumakuru,"Thimmalapura, Tumakuru - KSPCB",2025-11-18 17:00:00,13.377516,77.099072,3,14.0,74.0,62.0
India,Karnataka,Udupi,"Brahmagiri, Udupi - KSPCB",2025-11-18 17:00:00,13.34194444,74.74694444,5,72.0,125.0,90.0
India,Karnataka,Udupi,"Brahmagiri, Udupi - KSPCB",2025-11-18 17:00:00,13.34194444,74.74694444,4,86.0,123.0,103.0
India,Karnataka,Hubballi,"Lingaraj Nagar, Hubballi - KSPCB",2025-11-18 17:00:00,15.3714823,75.1160168,3,15.0,22.0,19.0
India,Karnataka,Kalaburagi,"Mahatma Basaveswar Colony, Kalaburgi - KSPCB",2025-11-18 17:00:00,17.336318,76.847397,2,10.0,18.0,13.0
India,Karnataka,Kalaburagi,"Mahatma Basaveswar Colony, Kalaburgi - KSPCB",2025-11-18 17:00:00,17.336318,76.847397,1,3.0,4.0,3.0
India,Karnataka,Koppal,"Diwator Nagar, Koppal - KSPCB",2025-11-18 17:00:00,15.34763,76.181767,1,7.0,7.0,7.0
India,Karnataka,Bengaluru,"Peenya, Bengaluru - CPCB",2025-11-18 17:00:00,13.0270199,77.494094,1,6.0,7.0,6.0
India,Karnataka,Bengaluru,"Peenya, Bengaluru - CPCB",2025-11-18 17:00:00,13.0270199,77.494094,6,4.0,17.0,8.0
India,Karnataka,Bengaluru,"RVCE-Mailasandra, Bengaluru - KSPCB",2025-11-18 17:00:00,12.921418,77.502466,2,29.0,30.0,29.0
India,Karnataka,Bengaluru,"Shivapura_Peenya, Bengaluru - KSPCB",2025-11-18 17:00:00,13.0246342,77.5080115,4,29.0,30.0,29.0
India,Karnataka,Madikeri,"Stuart Hill, Madikeri - KSPCB",2025-11-18 17:00:00,12.415911,75.73505,4,14.0,32.0,25.0
India,Karnataka,Mangalore,"Kadri, Mangalore - KSPCB",2025-11-18 17:00:00,12.88925,74.853,4,56.0,109.0,80.0
India,Karnataka,Mysuru,"Hebbal 1st Stage, Mysuru - KSPCB",2025-11-18 17:00:00,12.21041,76.37376,4,70.0,104.0,82.0
India,Karnataka,Vijayapura,"Ibrahimpur, Vijayapura - KSPCB",2025-11-18 17:00:00,16.802639,75.722694,1,1.0,2.0,1.0
India,Karnataka,Yadgir,"Collector Office, Yadgir - KSPCB",2025-11-18 17:00:00,16.7602,77.1428,1,2.0,3.0,2.0
India,Kerala,Eloor,"Udyogamandal, Eloor - Kerala PCB",2025-11-18 17:00:00,10.073232,76.302765,6,1.0,1.0,1.0
India,Kerala,Kollam,"Polayathode, Kollam - Kerala PCB",2025-11-18 17:00:00,8.8787,76.6073,4,59.0,67.0,65.0
India,Kerala,Thiruvananthapuram,"Kariavattom, Thiruvananthapuram - Kerala PCB",2025-11-18 17:00:00,8.5637,76.8865,4,41.0,68.0,60.0
India,Kerala,Kannur,"Thavakkara, Kannur - Kerala PCB",2025-11-18 17:00:00,11.875,75.3732,4,55.0,56.0,55.0
India,Madhya Pradesh,Indore,"Chhoti Gwaltoli, Indore - MPPCB",2025-11-18 17:00:00,22.431,75.5213,5,63.0,353.0,174.0
India,Madhya Pradesh,Indore,"Maguda Nagar, Indore - IMC",2025-11-18 17:00:00,22.7524,75.8872,1,63.0,353.0,174.0
India,Madhya Pradesh,Indore,"Regional Park, Indore - IMC",2025-11-18 17:00:00,22.678,75.8559,4,35.0,128.0,92.0
India,Madhya Pradesh,Indore,"Regional Park, Indore - IMC",2025-11-18 17:00:00,22.678,75.8559,0,18.0,49.0,30.0
India,Madhya Pradesh,Indore,"Residency Area, Indore - IMC",2025-11-18 17:00:00,22.7084,75.8815,5,42.0,315.0,106.0
India,Madhya Pradesh,Indore,"Residency Area, Indore - IMC",2025-11-18 17:00:00,22.7084,75.8815,2,6.0,19.0,13.0
India,Madhya Pradesh,Mandideep,"Sector-D Industrial Area, Mandideep - MPPCB",2025-11-18 17:00:00,23.10844,77.511428,1,1.0,9.0,7.0
India,Madhya Pradesh,Pithampur,"Sector-2 Industrial Area, Pithampur - MPPCB",2025-11-18 17:00:00,22.624758,75.675238,6,1.0,9.0,7.0
India,Madhya Pradesh,Sagar,"Civil Lines, Sagar - MPPCB",2025-11-18 17:00:00,23.838586,78.759431,2,13.0,64.0,24.0
India,Madhya Pradesh,Sagar,"Civil Lines, Sagar - MPPCB",2025-11-18 17:00:00,23.838586,78.759431,0,41.0,92.0,46.0
India,Madhya Pradesh,Jabalpur,"Suhagi, Jabalpur - JMC",2025-11-18 17:00:00,23.218135,79.95777,5,75.0,308.0,164.0
India,Madhya Pradesh,Jabalpur,"Suhagi, Jabalpur - JMC",2025-11-18 17:00:00,23.218135,79.95777,2,24.0,165.0,55.0
India,Madhya Pradesh,Katni,"Gole Bazar, Katni - MPPCB",2025-11-18 17:00:00,23.50016,80.23284,5,68.0,349.0,210.0
India,Madhya Pradesh,Katni,"Gole Bazar, Katni - MPPCB",2025-11-18 17:00:00,23.50016,80.23284,6,26.0,116.0,44.0
India,Madhya Pradesh,Bhopal,"Idgah Hills, Bhopal - MPPCB",2025-11-18 17:00:00,23.264759,77.381568,6,9.0,13.0,11.0
India,Madhya Pradesh,Bhopal,"Idgah Hills, Bhopal - MPPCB",2025-11-18 17:00:00,23.264759,77.381568,0,52.0,102.0,63.0
India,Madhya Pradesh,Bhopal,"Paryavaran Parisar, Bhopal - MPPCB",2025-11-18 17:00:00,23.210494,77.425409,5,88.0,357.0,197.0
India,Madhya Pradesh,Bhopal,"Paryavaran Parisar, Bhopal - MPPCB",2025-11-18 17:00:00,23.210494,77.425409,4,117.0,417.0,208.0
India,Madhya Pradesh,Maihar,"Sahilara, Maihar - KJS Cements",2025-11-18 17:00:00,24.2613009,80.7231783,6,16.0,17.0,16.0
India,Madhya Pradesh,Mandideep,"Sector-D Industrial Area, Mandideep - MPPCB",2025-11-18 17:00:00,23.10844,77.511428,4,77.0,442.0,240.0
India,Madhya Pradesh,Jabalpur,"Govindh Bhavan Colony, Jabalpur - JMC",2025-11-18 17:00:00,23.163174,79.973061,1,1.0,2.0,1.0
India,Madhya Pradesh,Jabalpur,"Govindh Bhavan Colony, Jabalpur - JMC",2025-11-18 17:00:00,23.163174,79.973061,6,14.0,16.0,15.0
India,Madhya Pradesh,Jabalpur,"Marhatal, Jabalpur - MPPCB",2025-11-18 17:00:00,23.168606,79.932247,6,8.0,22.0,15.0
India,Madhya Pradesh,Damoh,"Shrivastav Colony, Damoh - MPPCB",2025-11-18 17:00:00,23.81748678,79.446246,0,21.0,24.0,23.0
India,Madhya Pradesh,Dewas,"Bhopal Chauraha, Dewas - MPPCB",2025-11-18 17:00:00,22.9682591,76.064118,3,23.0,26.0,24.0
India,Madhya Pradesh,Gwalior,"City Center, Gwalior - MPPCB",2025-11-18 17:00:00,26.203442,78.193251,6,10.0,19.0,14.0
India,Madhya Pradesh,Indore,"Airport Area, Indore - IMC",2025-11-18 17:00:00,22.7289,75.8076,6,21.0,23.0,21.0
India,Madhya Pradesh,Bhopal,"Paryavaran Parisar, Bhopal - MPPCB",2025-11-18 17:00:00,23.210494,77.425409,3,13.0,82.0,78.0
India,Madhya Pradesh,Bhopal,"T T Nagar, Bhopal - MPPCB",2025-11-18 17:00:00,23.233584,77.400574,2,45.0,122.0,67.0
India,Maharashtra,Kalyan,"Pimpleshwar Mandir, Kalyan - MPCB",2025-11-18 17:00:00,19.192056,72.9585188,0,44.0,46.0,45.0
India,Maharashtra,Kolhapur,"Shivaji University, Kolhapur - MPCB",2025-11-18 17:00:00,16.6870449,74.2505872,5,44.0,46.0,45.0
India,Maharashtra,Kolhapur,"Shivaji University, Kolhapur - MPCB",2025-11-18 17:00:00,16.6870449,74.2505872,0,16.0,74.0,22.0
India,Maharashtra,Kolhapur,"Sinchan Bhavan, Kolhapur - MPCB",2025-11-18 17:00:00,16.7143745,74.2426398,1,4.0,28.0,10.0
India,Maharashtra,Kolhapur,"Sinchan Bhavan, Kolhapur - MPCB",2025-11-18 17:00:00,16.7143745,74.2426398,0,19.0,100.0,46.0
India,Maharashtra,Kolhapur,"Sinchan Bhavan, Kolhapur - MPCB",2025-11-18 17:00:00,16.7143745,74.2426398,3,3.0,50.0,39.0
India,Maharashtra,Latur,"Sawe Wadi, Latur - MPCB",2025-11-18 17:00:00,18.39963,76.57452,5,72.0,143.0,103.0
India,Maharashtra,Jalgaon,"Prabhat Colony, Jalgaon - MPCB",2025-11-18 17:00:00,21.001264,75.565602,3,5.0,116.0,87.0
India,Maharashtra,Jalna,"Old MIDC, Jalna - MPCB",2025-11-18 17:00:00,19.854616,75.905894,4,76.0,137.0,97.0
India,Maharashtra,Kalyan,"Khadakpada, Kalyan - MPCB",2025-11-18 17:00:00,19.25292,73.142019,4,80.0,145.0,106.0
India,Maharashtra,Kalyan,"Pimpleshwar Mandir, Kalyan - MPCB",2025-11-18 17:00:00,19.192056,72.9585188,5,80.0,145.0,106.0
India,Maharashtra,Kalyan,"Pimpleshwar Mandir, Kalyan - MPCB",2025-11-18 17:00:00,19.192056,72.9585188,4,38.0,226.0,141.0
India,Maharashtra,Kalyan,"Pimpleshwar Mandir, Kalyan - MPCB",2025-11-18 17:00:00,19.192056,72.9585188,2,2.0,25.0,12.0
India,Maharashtra,Kalyan,"Pimpleshwar Mandir, Kalyan - MPCB",2025-11-18 17:00:00,19.192056,72.9585188,6,5.0,33.0,11.0
India,Madhya Pradesh,Sagar,"Deen Dayal Nagar, Sagar - MPPCB",2025-11-18 17:00:00,23.8640158,78.80289321,6,5.0,10.0,7.0
India,Madhya Pradesh,Satna,"Bandhavgar Colony, Satna - Birla Cement",2025-11-18 17:00:00,24.58434363,80.8549414,0,26.0,71.0,32.0
India,Maharashtra,Ahmednagar,"Tarakpur, Ahmednagar - MPCB",2025-11-18 17:00:00,19.10122,74.73339,0,22.0,110.0,36.0
India,Maharashtra,Akola,"Ramdaspeth, Akola - MPCB",2025-11-18 17:00:00,20.719516,77.000253,5,34.0,100.0,66.0
India,Maharashtra,Latur,"Sawe Wadi, Latur - MPCB",2025-11-18 17:00:00,18.39963,76.57452,1,4.0,16.0,8.0
India,Maharashtra,Latur,"Sawe Wadi, Latur - MPCB",2025-11-18 17:00:00,18.39963,76.57452,3,35.0,133.0,86.0
India,Maharashtra,Mahad,"Kamble Tarf Birwadi, Mahad - MPCB",2025-11-18 17:00:00,18.1023399,73.4783687,5,38.0,209.0,71.0
India,Maharashtra,Mahad,"Kamble Tarf Birwadi, Mahad - MPCB",2025-11-18 17:00:00,18.1023399,73.4783687,3,15.0,76.0,46.0
India,Maharashtra,Malegaon,"Mahesh Nagar, Malegaon - MPCB",2025-11-18 17:00:00,20.555712,74.529236,5,68.0,221.0,156.0
India,Maharashtra,Chandrapur,"MIDC Khutala, Chandrapur - MPCB",2025-11-18 17:00:00,19.9775302,79.2337086,1,2.0,11.0,6.0
India,Maharashtra,Chandrapur,"MIDC Khutala, Chandrapur - MPCB",2025-11-18 17:00:00,19.9775302,79.2337086,6,8.0,9.0,9.0
India,Maharashtra,Chandrapur,"MIDC Khutala, Chandrapur - MPCB",2025-11-18 17:00:00,19.9775302,79.2337086,0,34.0,42.0,39.0
India,Maharashtra,Dhule,"Deopur, Dhule - MPCB",2025-11-18 17:00:00,20.918946,74.776388,6,7.0,16.0,11.0
India,Maharashtra,Jalgaon,"Prabhat Colony, Jalgaon - MPCB",2025-11-18 17:00:00,21.001264,75.565602,1,2.0,3.0,3.0
India,Maharashtra,Boisar,"Khaira, Boisar - MPCB",2025-11-18 17:00:00,19.786089,72.757971,6,10.0,25.0,12.0
India,Maharashtra,Chandrapur,"Chauhan Colony, Chandrapur - MPCB",2025-11-18 17:00:00,19.9629,79.298714,6,30.0,30.0,30.0
India,Maharashtra,Chandrapur,"MIDC Khutala, Chandrapur - MPCB",2025-11-18 17:00:00,19.9775302,79.2337086,5,30.0,30.0,30.0
India,Maharashtra,Aurangabad,"MIDC Chilkalthana, Aurangabad - MPCB",2025-11-18 17:00:00,19.87562,75.38731,5,8.0,112.0,81.0
India,Maharashtra,Aurangabad,"MIDC Chilkalthana, Aurangabad - MPCB",2025-11-18 17:00:00,19.87562,75.38731,1,1.0,3.0,2.0
India,Maharashtra,Aurangabad,"More Chowk Waluj, Aurangabad - MPCB",2025-11-18 17:00:00,19.8389439,75.244448,1,10.0,11.0,10.0
India,Maharashtra,Badlapur,"Katrap, Badlapur - MPCB",2025-11-18 17:00:00,19.16485,73.23409,3,11.0,129.0,73.0
India,Maharashtra,Belapur,"CBD Belapur, Belapur - MPCB",2025-11-18 17:00:00,19.0243902,73.0406721,1,4.0,4.0,4.0
India,Maharashtra,Amravati,"Shivneri Colony, Amravati - MPCB",2025-11-18 17:00:00,20.9402359,77.7895248,4,101.0,144.0,119.0
India,Maharashtra,Amravati,"Shivneri Colony, Amravati - MPCB",2025-11-18 17:00:00,20.9402359,77.7895248,6,13.0,17.0,14.0
India,Maharashtra,Mumbai,"Deonar, Mumbai - IITM",2025-11-18 17:00:00,19.04946,72.923,3,1.0,46.0,36.0
India,Maharashtra,Mumbai,"Ghatkopar, Mumbai - BMC",2025-11-18 17:00:00,19.083694,72.920967,2,28.0,97.0,46.0
India,Maharashtra,Mumbai,"Ghatkopar, Mumbai - BMC",2025-11-18 17:00:00,19.083694,72.920967,6,7.0,12.0,9.0
India,Maharashtra,Mumbai,"Kandivali East, Mumbai - MPCB",2025-11-18 17:00:00,19.2058,72.8682,6,24.0,33.0,30.0
India,Maharashtra,Mumbai,"Kandivali East, Mumbai - MPCB",2025-11-18 17:00:00,19.2058,72.8682,0,8.0,26.0,21.0
India,Maharashtra,Mumbai,"Kandivali West, Mumbai - BMC",2025-11-18 17:00:00,19.215859,72.831718,1,1.0,3.0,2.0
India,Maharashtra,Mumbai,"Kandivali West, Mumbai - BMC",2025-11-18 17:00:00,19.215859,72.831718,6,6.0,14.0,10.0
India,Maharashtra,Mumbai,"Chakala-Andheri East, Mumbai - IITM",2025-11-18 17:00:00,19.11074,72.86084,4,116.0,178.0,144.0
India,Maharashtra,Mumbai,"Chakala-Andheri East, Mumbai - IITM",2025-11-18 17:00:00,19.11074,72.86084,2,28.0,130.0,73.0
India,Maharashtra,Mumbai,"Chembur, Mumbai - MPCB",2025-11-18 17:00:00,19.0364585,72.8954371,6,4.0,20.0,10.0
India,Maharashtra,Mumbai,"Chembur, Mumbai - MPCB",2025-11-18 17:00:00,19.0364585,72.8954371,0,42.0,71.0,52.0
India,Maharashtra,Mumbai,"Chhatrapati Shivaji Intl. Airport (T2), Mumbai - MPCB",2025-11-18 17:00:00,19.10078,72.87462,5,58.0,185.0,86.0
India,Maharashtra,Mumbai,"Chhatrapati Shivaji Intl. Airport (T2), Mumbai - MPCB",2025-11-18 17:00:00,19.10078,72.87462,4,99.0,196.0,129.0
India,Maharashtra,Malegaon,"Mahesh Nagar, Malegaon - MPCB",2025-11-18 17:00:00,20.555712,74.529236,1,1.0,10.0,3.0
India,Maharashtra,Mira-Bhayandar,"Bhayandar West, Mira-Bhayandar - MPCB",2025-11-18 17:00:00,19.296481,72.840923,1,2.0,9.0,6.0
India,Maharashtra,Mira-Bhayandar,"Bhayandar West, Mira-Bhayandar - MPCB",2025-11-18 17:00:00,19.296481,72.840923,0,13.0,63.0,28.0
India,Maharashtra,Mumbai,"Bandra Kurla Complex, Mumbai - MPCB",2025-11-18 17:00:00,19.065931,72.862131,5,60.0,167.0,111.0
India,Maharashtra,Mumbai,"Bandra Kurla Complex, Mumbai - MPCB",2025-11-18 17:00:00,19.065931,72.862131,2,31.0,91.0,63.0
India,Maharashtra,Mumbai,"Kherwadi_Bandra East, Mumbai - MPCB",2025-11-18 17:00:00,19.0632143,72.8456324,5,78.0,144.0,104.0
India,Maharashtra,Mumbai,"Kherwadi_Bandra East, Mumbai - MPCB",2025-11-18 17:00:00,19.0632143,72.8456324,1,8.0,16.0,12.0
India,Maharashtra,Mumbai,"Kherwadi_Bandra East, Mumbai - MPCB",2025-11-18 17:00:00,19.0632143,72.8456324,3,1.0,106.0,57.0
India,Maharashtra,Mumbai,"Khindipada-Bhandup West, Mumbai - IITM",2025-11-18 17:00:00,19.1653323,72.922099,4,75.0,140.0,113.0
India,Maharashtra,Mumbai,"Khindipada-Bhandup West, Mumbai - IITM",2025-11-18 17:00:00,19.1653323,72.922099,1,1.0,3.0,2.0
India,Maharashtra,Mumbai,"Kurla, Mumbai - MPCB",2025-11-18 17:00:00,19.0863,72.8888,0,10.0,18.0,12.0
India,Maharashtra,Mumbai,"Malad West, Mumbai - IITM",2025-11-18 17:00:00,19.19709,72.82204,3,4.0,300.0,168.0
India,Maharashtra,Mumbai,"Mazgaon, Mumbai - IITM",2025-11-18 17:00:00,18.96702,72.84214,2,27.0,143.0,74.0
India,Maharashtra,Mumbai,"Mindspace-Malad West, Mumbai - MPCB",2025-11-18 17:00:00,19.1878657,72.8304069,4,121.0,186.0,143.0
India,Maharashtra,Mumbai,"Borivali East, Mumbai - IITM",2025-11-18 17:00:00,19.23241,72.86895,5,96.0,250.0,158.0
India,Maharashtra,Mumbai,"Borivali East, Mumbai - IITM",2025-11-18 17:00:00,19.23241,72.86895,2,31.0,119.0,61.0
India,Maharashtra,Mumbai,"Borivali East, Mumbai - IITM",2025-11-18 17:00:00,19.23241,72.86895,0,10.0,73.0,20.0
India,Maharashtra,Mumbai,"Byculla, Mumbai - BMC",2025-11-18 17:00:00,18.9767,72.838,1,9.0,28.0,16.0
India,Maharashtra,Mumbai,"Sewri, Mumbai - BMC",2025-11-18 17:00:00,19.000084,72.85673,2,1.0,17.0,6.0
India,Maharashtra,Mumbai,"Shivaji Nagar, Mumbai - BMC",2025-11-18 17:00:00,19.060498,72.923356,4,130.0,190.0,155.0
India,Maharashtra,Mumbai,"Siddharth Nagar-Worli, Mumbai - IITM",2025-11-18 17:00:00,19.000083,72.813993,2,48.0,138.0,86.0
India,Maharashtra,Mumbai,"Colaba, Mumbai - MPCB",2025-11-18 17:00:00,18.91,72.82,3,11.0,11.0,11.0
India,Maharashtra,Mumbai,"Deonar, Mumbai - IITM",2025-11-18 17:00:00,19.04946,72.923,1,7.0,12.0,9.0
India,Maharashtra,Mumbai,"Deonar, Mumbai - IITM",2025-11-18 17:00:00,19.04946,72.923,6,3.0,11.0,6.0
India,Maharashtra,Mumbai,"Mulund West, Mumbai - MPCB",2025-11-18 17:00:00,19.175,72.9419,2,3.0,11.0,6.0
India,Maharashtra,Mumbai,"Navy Nagar-Colaba, Mumbai - IITM",2025-11-18 17:00:00,18.897756,72.81332,4,115.0,176.0,140.0
India,Maharashtra,Nagpur,"Ambazari, Nagpur - MPCB",2025-11-18 17:00:00,21.121801,79.04952,4,104.0,134.0,118.0
India,Maharashtra,Nagpur,"Ambazari, Nagpur - MPCB",2025-11-18 17:00:00,21.121801,79.04952,1,4.0,14.0,6.0
India,Maharashtra,Nagpur,"Mahal, Nagpur - MPCB",2025-11-18 17:00:00,21.14472,79.107595,4,99.0,177.0,122.0
India,Maharashtra,Nagpur,"Mahal, Nagpur - MPCB",2025-11-18 17:00:00,21.14472,79.107595,1,3.0,7.0,4.0
India,Maharashtra,Nagpur,"Opp GPO Civil Lines, Nagpur - MPCB",2025-11-18 17:00:00,21.152875,79.0517531,5,101.0,246.0,176.0
India,Maharashtra,Nagpur,"Opp GPO Civil Lines, Nagpur - MPCB",2025-11-18 17:00:00,21.152875,79.0517531,3,2.0,88.0,68.0
India,Maharashtra,Nagpur,"Ram Nagar, Nagpur - MPCB",2025-11-18 17:00:00,21.143383,79.048912,5,93.0,241.0,184.0
India,Maharashtra,Nagpur,"Ram Nagar, Nagpur - MPCB",2025-11-18 17:00:00,21.143383,79.048912,0,22.0,94.0,28.0
India,Maharashtra,Nanded,"Sneh Nagar, Nanded - MPCB",2025-11-18 17:00:00,19.173852,77.296291,2,12.0,39.0,22.0
India,Maharashtra,Nashik,"Gangapur Road, Nashik - MPCB",2025-11-18 17:00:00,20.0073285,73.7762427,1,3.0,4.0,3.0
India,Maharashtra,Nashik,"Gangapur Road, Nashik - MPCB",2025-11-18 17:00:00,20.0073285,73.7762427,6,7.0,17.0,12.0
India,Maharashtra,Nashik,"Gangapur Road, Nashik - MPCB",2025-11-18 17:00:00,20.0073285,73.7762427,3,9.0,13.0,13.0
India,Maharashtra,Nashik,"Hirawadi, Nashik - MPCB",2025-11-18 17:00:00,20.021503,73.813844,1,1.0,5.0,3.0
India,Maharashtra,Navi Mumbai,"Kopripada-Vashi, Navi Mumbai - MPCB",2025-11-18 17:00:00,19.090337,73.014232,3,1.0,70.0,55.0
India,Maharashtra,Navi Mumbai,"Mahape, Navi Mumbai - MPCB",2025-11-18 17:00:00,19.1135051,73.008978,5,11.0,23.0,18.0
India,Maharashtra,Navi Mumbai,"Mahape, Navi Mumbai - MPCB",2025-11-18 17:00:00,19.1135051,73.008978,4,80.0,155.0,122.0
India,Maharashtra,Navi Mumbai,"Nerul, Navi Mumbai - MPCB",2025-11-18 17:00:00,19.008751,73.01662,2,33.0,36.0,35.0
India,Maharashtra,Nashik,"Hirawadi, Nashik - MPCB",2025-11-18 17:00:00,20.021503,73.813844,3,32.0,92.0,82.0
India,Maharashtra,Nashik,"MIDC Ambad, Nashik - MPCB",2025-11-18 17:00:00,19.95022,73.73148,1,7.0,10.0,8.0
India,Maharashtra,Nashik,"MIDC Ambad, Nashik - MPCB",2025-11-18 17:00:00,19.95022,73.73148,3,38.0,96.0,80.0
India,Maharashtra,Nashik,"Pandav Nagari, Nashik - MPCB",2025-11-18 17:00:00,19.9591346,73.7788008,2,8.0,40.0,14.0
India,Maharashtra,Pimpri-Chinchwad,"Park Street Wakad, Pimpri Chinchwad - MPCB",2025-11-18 17:00:00,18.59051,73.77946,5,94.0,325.0,247.0
India,Maharashtra,Pimpri-Chinchwad,"Park Street Wakad, Pimpri Chinchwad - MPCB",2025-11-18 17:00:00,18.59051,73.77946,1,1.0,4.0,3.0
India,Maharashtra,Pimpri-Chinchwad,"Thergaon, Pimpri Chinchwad - MPCB",2025-11-18 17:00:00,18.616318,73.765797,4,120.0,169.0,146.0
India,Maharashtra,Mumbai,"Siddharth Nagar-Worli, Mumbai - IITM",2025-11-18 17:00:00,19.000083,72.813993,3,23.0,301.0,204.0
India,Maharashtra,Mumbai,"Sion, Mumbai - MPCB",2025-11-18 17:00:00,19.047,72.8746,0,7.0,16.0,9.0
India,Maharashtra,Mumbai,"Worli, Mumbai - MPCB",2025-11-18 17:00:00,18.9936162,72.8128113,3,20.0,20.0,20.0
India,Maharashtra,Navi Mumbai,"Sector-2E Kalamboli, Navi Mumbai - MPCB",2025-11-18 17:00:00,19.02579,73.10297,6,2.0,10.0,4.0
India,Maharashtra,Navi Mumbai,"Tondare-Taloja, Navi Mumbai - MPCB",2025-11-18 17:00:00,19.063,73.1209,1,7.0,12.0,10.0
India,Maharashtra,Navi Mumbai,"Sanpada, Navi Mumbai - MPCB",2025-11-18 17:00:00,19.0575752,73.0151367,6,8.0,18.0,14.0
India,Maharashtra,Navi Mumbai,"Sanpada, Navi Mumbai - MPCB",2025-11-18 17:00:00,19.0575752,73.0151367,3,15.0,15.0,15.0
India,Maharashtra,Pimpri-Chinchwad,"Gavalinagar, Pimpri Chinchwad - MPCB",2025-11-18 17:00:00,18.63673,73.82487,1,8.0,34.0,13.0
India,Maharashtra,Pune,"Savitribai Phule Pune University, Pune - MPCB",2025-11-18 17:00:00,18.547056,73.826908,5,28.0,88.0,58.0
India,Maharashtra,Pune,"Savitribai Phule Pune University, Pune - MPCB",2025-11-18 17:00:00,18.547056,73.826908,2,1.0,39.0,19.0
India,Maharashtra,Pune,"Transport Nagar-Nigdi, Pune - IITM",2025-11-18 17:00:00,18.664282,73.763966,2,37.0,169.0,80.0
India,Maharashtra,Pune,"Transport Nagar-Nigdi, Pune - IITM",2025-11-18 17:00:00,18.664282,73.763966,3,10.0,81.0,72.0
India,Maharashtra,Sangli,"Vijay Nagar, Sangli - MPCB",2025-11-18 17:00:00,16.5038,74.3623,1,1.0,4.0,3.0
India,Maharashtra,Sangli,"Vijay Nagar, Sangli - MPCB",2025-11-18 17:00:00,16.5038,74.3623,0,34.0,44.0,37.0
India,Maharashtra,Sangli,"Vijay Nagar, Sangli - MPCB",2025-11-18 17:00:00,16.5038,74.3623,3,13.0,66.0,57.0
India,Odisha,Byasanagar,"Ferro Chrome Colony, Byasanagar - OSPCB",2025-11-18 17:00:00,20.94185,86.1151,3,18.0,154.0,130.0
India,Odisha,Cuttack,"CDA Area, Cuttack - OSPCB",2025-11-18 17:00:00,20.48891,85.84768,5,113.0,365.0,256.0
India,Odisha,Cuttack,"CDA Area, Cuttack - OSPCB",2025-11-18 17:00:00,20.48891,85.84768,4,124.0,355.0,198.0
India,Odisha,Cuttack,"CDA Area, Cuttack - OSPCB",2025-11-18 17:00:00,20.48891,85.84768,1,3.0,6.0,4.0
India,Odisha,Keonjhar,"Jagamohanpur, Keonjhar - OSPCB",2025-11-18 17:00:00,21.6439,85.599355,1,4.0,29.0,13.0
India,Odisha,Nayagarh,"Dabuna, Nayagarh - OSPCB",2025-11-18 17:00:00,21.847279,85.416905,5,38.0,61.0,51.0
India,Maharashtra,Solapur,"Dnyaneshwar Nagar, Solapur - MPCB",2025-11-18 17:00:00,17.6336264,75.9132495,6,2.0,31.0,10.0
India,Maharashtra,Solapur,"Ratandeep Housing Society, Solapur - MPCB",2025-11-18 17:00:00,17.65439,75.90649,2,22.0,123.0,51.0
India,Maharashtra,Solapur,"Ratandeep Housing Society, Solapur - MPCB",2025-11-18 17:00:00,17.65439,75.90649,0,26.0,102.0,35.0
India,Maharashtra,Thane,"Kasarvadavali, Thane - MPCB",2025-11-18 17:00:00,19.26777,72.97182,2,12.0,93.0,40.0
India,Maharashtra,Thane,"Kasarvadavali, Thane - MPCB",2025-11-18 17:00:00,19.26777,72.97182,1,1.0,10.0,4.0
India,Maharashtra,Thane,"Upvan Fort, Thane - MPCB",2025-11-18 17:00:00,19.222279,72.957979,5,47.0,151.0,86.0
India,Maharashtra,Pimpri-Chinchwad,"Thergaon, Pimpri Chinchwad - MPCB",2025-11-18 17:00:00,18.616318,73.765797,1,3.0,4.0,4.0
India,Maharashtra,Pimpri-Chinchwad,"Thergaon, Pimpri Chinchwad - MPCB",2025-11-18 17:00:00,18.616318,73.765797,3,1.0,76.0,67.0
India,Maharashtra,Pune,"Bhumkar Nagar, Pune - IITM",2025-11-18 17:00:00,18.60577,73.749976,4,106.0,333.0,153.0
India,Maharashtra,Pune,"Bhumkar Nagar, Pune - IITM",2025-11-18 17:00:00,18.60577,73.749976,2,21.0,78.0,44.0
India,Maharashtra,Pune,"Bhumkar Nagar, Pune - IITM",2025-11-18 17:00:00,18.60577,73.749976,0,33.0,125.0,55.0
India,Maharashtra,Pune,"Bhumkar Nagar, Pune - IITM",2025-11-18 17:00:00,18.60577,73.749976,3,10.0,74.0,44.0
India,Maharashtra,Pune,"Hadapsar, Pune - IITM",2025-11-18 17:00:00,18.501793,73.927532,4,120.0,294.0,166.0
India,Nagaland,Kohima,"PWD Junction, Kohima - NPCB",2025-11-18 17:00:00,25.6635413,94.0989878,0,4.0,15.0,6.0
India,Nagaland,Kohima,"PWD Junction, Kohima - NPCB",2025-11-18 17:00:00,25.6635413,94.0989878,3,7.0,38.0,15.0
India,Odisha,Angul,"Hakimapada, Angul - OSPCB",2025-11-18 17:00:00,20.832874,85.104082,6,9.0,37.0,17.0
India,Odisha,Balasore,"Kalidaspur, Balasore - OSPCB",2025-11-18 17:00:00,21.51161,86.89088,6,7.0,16.0,10.0
India,Odisha,Barbil,"Forest Office, Barbil - OSPCB",2025-11-18 17:00:00,22.1166054,85.3945546,5,77.0,368.0,158.0
India,Odisha,Bhubaneswar,"Patia, Bhubaneswar - OSPCB",2025-11-18 17:00:00,20.34652,85.8163,1,5.0,8.0,6.0
India,Odisha,Brajrajnagar,"GM Office, Brajrajnagar - OSPCB",2025-11-18 17:00:00,21.8004996,83.8396977,2,4.0,55.0,20.0
India,Odisha,Byasanagar,"Ferro Chrome Colony, Byasanagar - OSPCB",2025-11-18 17:00:00,20.94185,86.1151,1,2.0,3.0,2.0
India,Odisha,Barbil,"Forest Office, Barbil - OSPCB",2025-11-18 17:00:00,22.1166054,85.3945546,6,6.0,28.0,10.0
India,Odisha,Baripada,"Meher Colony, Baripada - OSPCB",2025-11-18 17:00:00,21.941841,86.728318,1,2.0,5.0,2.0
India,Odisha,Baripada,"Meher Colony, Baripada - OSPCB",2025-11-18 17:00:00,21.941841,86.728318,0,24.0,57.0,35.0
India,Maharashtra,Thane,"Upvan Fort, Thane - MPCB",2025-11-18 17:00:00,19.222279,72.957979,4,75.0,114.0,95.0
India,Maharashtra,Virar,"Bolinj, Virar - MPCB",2025-11-18 17:00:00,19.445821,72.7988231,2,10.0,82.0,25.0
India,Maharashtra,Virar,"Bolinj, Virar - MPCB",2025-11-18 17:00:00,19.445821,72.7988231,6,8.0,15.0,11.0
India,Maharashtra,Pune,"Panchawati_Pashan, Pune - IITM",2025-11-18 17:00:00,18.536457,73.805454,3,1.0,8.0,6.0
India,Maharashtra,Pune,"Revenue Colony-Shivajinagar, Pune - IITM",2025-11-18 17:00:00,18.530085,73.849598,3,1.0,74.0,43.0
India,Odisha,Rourkela,"Sector-2, Rourkela - OSPCB",2025-11-18 17:00:00,22.245,84.88111111,4,1.0,74.0,43.0
India,Odisha,Talcher,"Talcher Coalfields,Talcher - OSPCB",2025-11-18 17:00:00,20.9360711,85.1707021,5,1.0,350.0,188.0
India,Odisha,Talcher,"Talcher Coalfields,Talcher - OSPCB",2025-11-18 17:00:00,20.9360711,85.1707021,2,59.0,105.0,85.0
India,Odisha,Tensa,"Barsua Iron Ore Mines, Tensa - OSPCB",2025-11-18 17:00:00,21.869985,85.167016,2,59.0,105.0,85.0
India,Odisha,Tensa,"Barsua Iron Ore Mines, Tensa - OSPCB",2025-11-18 17:00:00,21.869985,85.167016,3,8.0,38.0,29.0
India,Rajasthan,Alwar,"Moti Doongri, Alwar - RSPCB",2025-11-18 17:00:00,27.554793,76.611536,0,19.0,96.0,54.0
India,Rajasthan,Banswara,"Rati Talai, Banswara - RSPCB",2025-11-18 17:00:00,23.55519,74.44001,4,97.0,195.0,135.0
India,Rajasthan,Baran,"Bamboliya, Baran - RSPCB",2025-11-18 17:00:00,25.106006,76.469948,1,7.0,10.0,9.0
India,Rajasthan,Baran,"Bamboliya, Baran - RSPCB",2025-11-18 17:00:00,25.106006,76.469948,6,10.0,22.0,13.0
India,Rajasthan,Baran,"Bamboliya, Baran - RSPCB",2025-11-18 17:00:00,25.106006,76.469948,3,4.0,212.0,188.0
India,Rajasthan,Barmer,"Railway Colony, Barmer - RSPCB",2025-11-18 17:00:00,25.747299,71.393989,6,8.0,44.0,15.0
India,Rajasthan,Barmer,"Railway Colony, Barmer - RSPCB",2025-11-18 17:00:00,25.747299,71.393989,0,9.0,108.0,17.0
India,Rajasthan,Bharatpur,"Krishna Nagar, Bharatpur - RSPCB",2025-11-18 17:00:00,27.215415,77.50873,4,133.0,271.0,166.0
India,Rajasthan,Bhilwara,"Pratap Nagar, Bhilwara - RSPCB",2025-11-18 17:00:00,25.339605,74.618883,4,93.0,281.0,157.0
India,Punjab,Rupnagar,"Ratanpura, Rupnagar - Ambuja Cements",2025-11-18 17:00:00,31.0325454,76.5623046,6,8.0,16.0,13.0
India,Rajasthan,Ajmer,"Civil Lines,  Ajmer - RSPCB",2025-11-18 17:00:00,26.470859,74.646594,3,41.0,302.0,119.0
India,Rajasthan,Alwar,"Moti Doongri, Alwar - RSPCB",2025-11-18 17:00:00,27.554793,76.611536,5,66.0,131.0,83.0
India,Punjab,Khanna,"Kalal Majra, Khanna - PPCB",2025-11-18 17:00:00,30.736056,76.209694,2,25.0,30.0,28.0
India,Punjab,Khanna,"Kalal Majra, Khanna - PPCB",2025-11-18 17:00:00,30.736056,76.209694,1,7.0,7.0,7.0
India,Punjab,Mandi Gobindgarh,"RIMT University, Mandi Gobindgarh - PPCB",2025-11-18 17:00:00,30.649961,76.331442,6,4.0,17.0,10.0
India,Odisha,Nayagarh,"Dabuna, Nayagarh - OSPCB",2025-11-18 17:00:00,21.847279,85.416905,1,4.0,17.0,10.0
India,Odisha,Rairangpur,"Divisional Forest Office, Rairangpur - OSPCB",2025-11-18 17:00:00,22.265816,86.174829,3,17.0,35.0,31.0
India,Punjab,Mandi Gobindgarh,"RIMT University, Mandi Gobindgarh - PPCB",2025-11-18 17:00:00,30.649961,76.331442,3,32.0,35.0,34.0
India,Rajasthan,Bhiwadi,"RIICO Ind. Area III, Bhiwadi - RSPCB",2025-11-18 17:00:00,28.194909,76.862296,5,299.0,473.0,367.0
India,Punjab,Bathinda,"Hardev Nagar, Bathinda - PPCB",2025-11-18 17:00:00,30.233011,74.907758,5,24.0,211.0,109.0
India,Rajasthan,Jaipur,"RIICO Sitapura, Jaipur - RSPCB",2025-11-18 17:00:00,26.786682,75.827928,1,4.0,48.0,15.0
India,Rajasthan,Jaipur,"Sector-2 Murlipura, Jaipur - RSPCB",2025-11-18 17:00:00,26.960669,75.771817,2,19.0,144.0,72.0
India,Rajasthan,Jaipur,"Sector-2 Murlipura, Jaipur - RSPCB",2025-11-18 17:00:00,26.960669,75.771817,6,19.0,144.0,72.0
India,Rajasthan,Jaipur,"Sector-2 Murlipura, Jaipur - RSPCB",2025-11-18 17:00:00,26.960669,75.771817,3,4.0,102.0,77.0
India,Rajasthan,Jaipur,"Shastri Nagar, Jaipur - RSPCB",2025-11-18 17:00:00,26.9502929,75.730943,4,81.0,178.0,132.0
India,Rajasthan,Jaipur,"Shastri Nagar, Jaipur - RSPCB",2025-11-18 17:00:00,26.9502929,75.730943,1,7.0,23.0,15.0
India,Rajasthan,Jaipur,"Shastri Nagar, Jaipur - RSPCB",2025-11-18 17:00:00,26.9502929,75.730943,6,7.0,62.0,25.0
India,Rajasthan,Jaipur,"Shastri Nagar, Jaipur - RSPCB",2025-11-18 17:00:00,26.9502929,75.730943,3,11.0,46.0,32.0
India,Rajasthan,Nagaur,"Karni Colony, Nagaur - RSPCB",2025-11-18 17:00:00,27.213494,73.734444,6,4.0,20.0,7.0
India,Rajasthan,Pali,"Indira Colony Vistar, Pali - RSPCB",2025-11-18 17:00:00,25.771061,73.340227,1,6.0,13.0,9.0
India,Rajasthan,Pratapgarh,"Pragati Nagar, Pratapgarh - RSPCB",2025-11-18 17:00:00,24.041198,74.780702,4,80.0,154.0,108.0
India,Rajasthan,Pratapgarh,"Pragati Nagar, Pratapgarh - RSPCB",2025-11-18 17:00:00,24.041198,74.780702,2,14.0,51.0,25.0
India,Rajasthan,Rajsamand,"Dhoinda, Rajsamand - RSPCB",2025-11-18 17:00:00,25.03636,73.883502,5,40.0,233.0,88.0
India,Rajasthan,Jhunjhunu,"Indra Nagar, Jhunjhunu - RSPCB",2025-11-18 17:00:00,28.108988,75.386577,1,1.0,17.0,9.0
India,Rajasthan,Jhunjhunu,"Indra Nagar, Jhunjhunu - RSPCB",2025-11-18 17:00:00,28.108988,75.386577,0,26.0,119.0,42.0
India,Rajasthan,Jodhpur,"Digari Kalan, Jodhpur - RSPCB",2025-11-18 17:00:00,26.29581,73.082283,0,15.0,112.0,24.0
India,Rajasthan,Jodhpur,"Jhalamand, Jodhpur - RSPCB",2025-11-18 17:00:00,26.215415,73.070156,2,8.0,91.0,36.0
India,Rajasthan,Jodhpur,"Jhalamand, Jodhpur - RSPCB",2025-11-18 17:00:00,26.215415,73.070156,1,5.0,17.0,11.0
India,Rajasthan,Jodhpur,"Jhalamand, Jodhpur - RSPCB",2025-11-18 17:00:00,26.215415,73.070156,6,4.0,7.0,5.0
India,Rajasthan,Jaipur,"Adarsh Nagar, Jaipur - RSPCB",2025-11-18 17:00:00,26.902909,75.836858,5,82.0,315.0,179.0
India,Rajasthan,Jaipur,"Adarsh Nagar, Jaipur - RSPCB",2025-11-18 17:00:00,26.902909,75.836858,2,29.0,133.0,74.0
India,Rajasthan,Jaipur,"Adarsh Nagar, Jaipur - RSPCB",2025-11-18 17:00:00,26.902909,75.836858,1,10.0,44.0,21.0
India,Rajasthan,Jaipur,"Mansarovar Sector-12, Jaipur - RSPCB",2025-11-18 17:00:00,26.843698,75.766894,2,15.0,174.0,75.0
India,Rajasthan,Jaipur,"Police Commissionerate, Jaipur - RSPCB",2025-11-18 17:00:00,26.9164092,75.7994901,2,16.0,151.0,95.0
India,Rajasthan,Jodhpur,"Mandor, Jodhpur - RSPCB",2025-11-18 17:00:00,26.358805,73.047444,3,6.0,119.0,103.0
India,Rajasthan,Jodhpur,"Samrat Ashok Udhyan, Jodhpur - RSPCB",2025-11-18 17:00:00,26.253384,72.976571,1,5.0,12.0,8.0
India,Rajasthan,Jodhpur,"Samrat Ashok Udhyan, Jodhpur - RSPCB",2025-11-18 17:00:00,26.253384,72.976571,0,36.0,113.0,45.0
India,Rajasthan,Karauli,"Satyawati Vihar, Karauli - RSPCB",2025-11-18 17:00:00,26.506177,77.025989,4,70.0,341.0,135.0
India,Rajasthan,Karauli,"Satyawati Vihar, Karauli - RSPCB",2025-11-18 17:00:00,26.506177,77.025989,1,7.0,15.0,11.0
India,Rajasthan,Jaisalmer,"Sadar Bazar, Jaisalmer - RSPCB",2025-11-18 17:00:00,26.912329,70.909168,3,1.0,107.0,82.0
India,Rajasthan,Jalore,"Mudtra Sili, Jalore - RSPCB",2025-11-18 17:00:00,25.344694,72.626208,5,50.0,309.0,110.0
India,Rajasthan,Jalore,"Mudtra Sili, Jalore - RSPCB",2025-11-18 17:00:00,25.344694,72.626208,4,68.0,240.0,137.0
India,Rajasthan,Jhalawar,"Rajlaxmi Nagar, Jhalawar - RSPCB",2025-11-18 17:00:00,24.588397,76.172782,1,3.0,6.0,5.0
India,Rajasthan,Bundi,"New Colony, Bundi - RSPCB",2025-11-18 17:00:00,25.435774,75.644272,2,11.0,49.0,21.0
India,Rajasthan,Bundi,"New Colony, Bundi - RSPCB",2025-11-18 17:00:00,25.435774,75.644272,3,46.0,200.0,155.0
India,Rajasthan,Churu,"Subash Chowk, Churu - RSPCB",2025-11-18 17:00:00,28.296139,74.961696,1,9.0,14.0,11.0
India,Rajasthan,Churu,"Subash Chowk, Churu - RSPCB",2025-11-18 17:00:00,28.296139,74.961696,6,2.0,11.0,6.0
India,Rajasthan,Churu,"Subash Chowk, Churu - RSPCB",2025-11-18 17:00:00,28.296139,74.961696,3,5.0,191.0,160.0
India,Rajasthan,Kota,"Dhanmandi, Kota - RSPCB",2025-11-18 17:00:00,25.16409,75.858137,4,113.0,234.0,155.0
India,Rajasthan,Kota,"Nayapura, Kota - RSPCB",2025-11-18 17:00:00,25.196024,75.855668,4,109.0,188.0,143.0
India,Rajasthan,Kota,"Shrinath Puram, Kota - RSPCB",2025-11-18 17:00:00,25.14389,75.821256,4,93.0,186.0,136.0
India,Rajasthan,Kota,"Shrinath Puram, Kota - RSPCB",2025-11-18 17:00:00,25.14389,75.821256,0,39.0,108.0,52.0
India,Rajasthan,Dausa,"Khatikan Mohalla, Dausa - RSPCB",2025-11-18 17:00:00,26.895552,76.334753,1,7.0,18.0,10.0
India,TamilNadu,Thoothukudi,"Meelavittan, Thoothukudi - TNPCB",2025-11-18 17:00:00,8.816428,78.099039,2,8.0,110.0,16.0
India,TamilNadu,Tiruchirappalli,"St Joseph College, Tiruchirappalli - TNPCB",2025-11-18 17:00:00,10.830158,78.691849,5,8.0,110.0,16.0
India,TamilNadu,Tiruchirappalli,"St Joseph College, Tiruchirappalli - TNPCB",2025-11-18 17:00:00,10.830158,78.691849,4,8.0,110.0,16.0
India,TamilNadu,Tiruchirappalli,"St Joseph College, Tiruchirappalli - TNPCB",2025-11-18 17:00:00,10.830158,78.691849,1,8.0,110.0,16.0
India,TamilNadu,Tirupur,"Kumaran College, Tirupur - TNPCB",2025-11-18 17:00:00,11.0973603,77.3228673,6,8.0,110.0,16.0
India,TamilNadu,Virudhunagar,"Collectorate Office, Virudhunagar - TNPCB",2025-11-18 17:00:00,9.559382,77.948828,5,8.0,110.0,16.0
India,TamilNadu,Virudhunagar,"Collectorate Office, Virudhunagar - TNPCB",2025-11-18 17:00:00,9.559382,77.948828,6,8.0,110.0,16.0
India,Telangana,Hyderabad,"Bollaram Industrial Area, Hyderabad - TSPCB",2025-11-18 17:00:00,17.540891,78.358528,5,99.0,162.0,136.0
India,Telangana,Hyderabad,"Bollaram Industrial Area, Hyderabad - TSPCB",2025-11-18 17:00:00,17.540891,78.358528,1,1.0,7.0,4.0
India,TamilNadu,Chennai,"Velachery Res. Area, Chennai - CPCB",2025-11-18 17:00:00,13.0052189,80.2398125,0,35.0,43.0,40.0
India,TamilNadu,Chennai,"Velachery Res. Area, Chennai - CPCB",2025-11-18 17:00:00,13.0052189,80.2398125,3,4.0,8.0,7.0
India,TamilNadu,Coimbatore,"PSG College of Arts and Science, Coimbatore - TNPCB",2025-11-18 17:00:00,11.0328,77.0349,3,3.0,7.0,6.0
India,TamilNadu,Coimbatore,"SIDCO Kurichi, Coimbatore - TNPCB",2025-11-18 17:00:00,10.942451,76.978996,2,7.0,43.0,20.0
India,TamilNadu,Cuddalore,"Kudikadu, Cuddalore - TNPCB",2025-11-18 17:00:00,11.6829898,79.7532099,5,7.0,43.0,20.0
India,TamilNadu,Cuddalore,"Kudikadu, Cuddalore - TNPCB",2025-11-18 17:00:00,11.6829898,79.7532099,1,7.0,43.0,20.0
India,TamilNadu,Cuddalore,"Kudikadu, Cuddalore - TNPCB",2025-11-18 17:00:00,11.6829898,79.7532099,6,7.0,43.0,20.0
India,TamilNadu,Cuddalore,"Semmandalam, Cuddalore - TNPCB",2025-11-18 17:00:00,11.7637683,79.7499835,5,7.0,43.0,20.0
India,TamilNadu,Cuddalore,"Semmandalam, Cuddalore - TNPCB",2025-11-18 17:00:00,11.7637683,79.7499835,2,7.0,43.0,20.0
India,TamilNadu,Nagapattinam,"Velippalayam, Nagapattinam - TNPCB",2025-11-18 17:00:00,10.798548,79.838212,3,1.0,1.0,1.0
India,TamilNadu,Perundurai,"SIPCOT Industrial Park, Perundurai - TNPCB",2025-11-18 17:00:00,11.258242,77.552761,5,26.0,90.0,64.0
India,TamilNadu,Pudukottai,"SIPCOT Nathampannai, Pudukottai - TNPCB",2025-11-18 17:00:00,10.423417,78.784889,2,26.0,90.0,64.0
India,TamilNadu,Pudukottai,"SIPCOT Nathampannai, Pudukottai - TNPCB",2025-11-18 17:00:00,10.423417,78.784889,6,26.0,90.0,64.0
India,TamilNadu,Ramanathapuram,"Chalai Bazaar, Ramanathapuram - TNPCB",2025-11-18 17:00:00,9.36399,78.831977,4,26.0,90.0,64.0
India,TamilNadu,Salem,"Sona College of Technology, Salem - TNPCB",2025-11-18 17:00:00,11.679111,78.125052,5,26.0,90.0,64.0
India,TamilNadu,Chennai,"Kodungaiyur, Chennai - TNPCB",2025-11-18 17:00:00,13.1278,80.2642,0,8.0,81.0,38.0
India,TamilNadu,Chennai,"Manali Village, Chennai - TNPCB",2025-11-18 17:00:00,13.1662,80.2584,1,1.0,2.0,2.0
India,TamilNadu,Chennai,"Manali, Chennai - CPCB",2025-11-18 17:00:00,13.164544,80.26285,0,11.0,50.0,32.0
India,TamilNadu,Chennai,"Perungudi, Chennai - TNPCB",2025-11-18 17:00:00,12.9533,80.2357,0,46.0,104.0,66.0
India,TamilNadu,Chennai,"Perungudi, Chennai - TNPCB",2025-11-18 17:00:00,12.9533,80.2357,3,5.0,46.0,15.0
India,TamilNadu,Chennai,"Velachery Res. Area, Chennai - CPCB",2025-11-18 17:00:00,13.0052189,80.2398125,5,22.0,62.0,38.0
India,TamilNadu,Chennai,"Velachery Res. Area, Chennai - CPCB",2025-11-18 17:00:00,13.0052189,80.2398125,4,64.0,120.0,92.0
India,TamilNadu,Dindigul,"Mendonsa Colony, Dindigul - TNPCB",2025-11-18 17:00:00,10.358535,77.984321,6,64.0,120.0,92.0
India,TamilNadu,Gummidipoondi,"Anthoni Pillai Nagar, Gummidipoondi - TNPCB",2025-11-18 17:00:00,13.4127,80.1081,4,78.0,203.0,124.0
India,TamilNadu,Madurai,"Uchapatti, Madurai - TNPCB",2025-11-18 17:00:00,9.865935,78.022669,1,4.0,4.0,4.0
India,TamilNadu,Nagapattinam,"Velippalayam, Nagapattinam - TNPCB",2025-11-18 17:00:00,10.798548,79.838212,5,4.0,4.0,4.0
India,Rajasthan,Udaipur,"Ashok Nagar, Udaipur - RSPCB",2025-11-18 17:00:00,24.5886166,73.6321397,6,1.0,14.0,9.0
India,TamilNadu,Chennai,"Alandur Bus Depot, Chennai - CPCB",2025-11-18 17:00:00,12.9099161,80.1076538,3,10.0,15.0,14.0
India,TamilNadu,Chennai,"Arumbakkam, Chennai - TNPCB",2025-11-18 17:00:00,13.0664,80.2112,5,12.0,165.0,84.0
India,TamilNadu,Chennai,"Kodungaiyur, Chennai - TNPCB",2025-11-18 17:00:00,13.1278,80.2642,5,12.0,172.0,91.0
India,Rajasthan,Sirohi,"Vedhaynath Colony, Sirohi - RSPCB",2025-11-18 17:00:00,24.885261,72.857549,1,1.0,4.0,2.0
India,Rajasthan,Sri Ganganagar,"Old City, Sri Ganganagar - RSPCB",2025-11-18 17:00:00,29.931624,73.864511,6,2.0,20.0,8.0
India,Rajasthan,Tonk,"Shastri Nagar, Tonk - RSPCB",2025-11-18 17:00:00,26.159933,75.780517,3,2.0,68.0,51.0
India,Rajasthan,Sawai Madhopur,"Sahu Nagar, Sawai Madhopur - RSPCB",2025-11-18 17:00:00,26.031443,76.359327,1,7.0,9.0,8.0
India,Rajasthan,Sawai Madhopur,"Sahu Nagar, Sawai Madhopur - RSPCB",2025-11-18 17:00:00,26.031443,76.359327,0,18.0,110.0,40.0
India,Rajasthan,Sikar,"Radhakishan Pura, Sikar - RSPCB",2025-11-18 17:00:00,27.608912,75.153302,4,114.0,483.0,232.0
India,Rajasthan,Rajsamand,"Dhoinda, Rajsamand - RSPCB",2025-11-18 17:00:00,25.03636,73.883502,1,9.0,31.0,14.0
India,Uttar_Pradesh,Ghaziabad,"Loni, Ghaziabad - UPPCB",2025-11-18 17:00:00,28.757294,77.278792,3,5.0,74.0,43.0
India,Uttar_Pradesh,Ghaziabad,"Sanjay Nagar, Ghaziabad - UPPCB",2025-11-18 17:00:00,28.685382,77.453839,4,244.0,467.0,388.0
India,Uttar_Pradesh,Ghaziabad,"Sanjay Nagar, Ghaziabad - UPPCB",2025-11-18 17:00:00,28.685382,77.453839,6,7.0,41.0,19.0
India,Uttar_Pradesh,Ghaziabad,"Sanjay Nagar, Ghaziabad - UPPCB",2025-11-18 17:00:00,28.685382,77.453839,0,42.0,142.0,65.0
India,Uttar_Pradesh,Ghaziabad,"Vasundhara, Ghaziabad - UPPCB",2025-11-18 17:00:00,28.6603346,77.3572563,4,251.0,500.0,447.0
India,Uttar_Pradesh,Ghaziabad,"Vasundhara, Ghaziabad - UPPCB",2025-11-18 17:00:00,28.6603346,77.3572563,1,11.0,25.0,19.0
India,Uttar_Pradesh,Ghaziabad,"Vasundhara, Ghaziabad - UPPCB",2025-11-18 17:00:00,28.6603346,77.3572563,3,12.0,184.0,109.0
India,Uttar_Pradesh,Gorakhpur,"Madan Mohan Malaviya University of Technology, Gorakhpur - UPPCB",2025-11-18 17:00:00,26.730136,83.433859,1,1.0,1.0,1.0
India,Uttar_Pradesh,Bulandshahr,"Yamunapuram, Bulandshahr - UPPCB",2025-11-18 17:00:00,28.406963,77.849831,3,2.0,145.0,100.0
India,Uttar_Pradesh,Firozabad,"Nagla Bhau, Firozabad - UPPCB",2025-11-18 17:00:00,27.168897,78.37696,4,41.0,160.0,98.0
India,Uttar_Pradesh,Firozabad,"Nagla Bhau, Firozabad - UPPCB",2025-11-18 17:00:00,27.168897,78.37696,1,2.0,2.0,2.0
India,Uttar_Pradesh,Firozabad,"Vibhab Nagar, Firozabad - UPPCB",2025-11-18 17:00:00,27.1594,78.3953,5,2.0,2.0,2.0
India,Uttar_Pradesh,Firozabad,"Vibhab Nagar, Firozabad - UPPCB",2025-11-18 17:00:00,27.1594,78.3953,0,9.0,38.0,26.0
India,Uttar_Pradesh,Ghaziabad,"Indirapuram, Ghaziabad - UPPCB",2025-11-18 17:00:00,28.646233,77.358075,5,290.0,442.0,387.0
India,Uttar_Pradesh,Agra,"Shahjahan Garden, Agra - UPPCB",2025-11-18 17:00:00,27.169338,78.03582,5,42.0,131.0,91.0
India,Uttar_Pradesh,Agra,"Shahjahan Garden, Agra - UPPCB",2025-11-18 17:00:00,27.169338,78.03582,4,117.0,218.0,175.0
India,Uttar_Pradesh,Agra,"Shahjahan Garden, Agra - UPPCB",2025-11-18 17:00:00,27.169338,78.03582,6,11.0,25.0,18.0
India,Uttar_Pradesh,Agra,"Shahjahan Garden, Agra - UPPCB",2025-11-18 17:00:00,27.169338,78.03582,3,1.0,36.0,19.0
India,Uttar_Pradesh,Agra,"Shastripuram, Agra - UPPCB",2025-11-18 17:00:00,27.19862,77.92066,1,3.0,3.0,3.0
India,Uttar_Pradesh,Baghpat,"Sardar Patel Inter College, Baghpat - UPPCB",2025-11-18 17:00:00,28.964949,77.278761,4,151.0,445.0,321.0
India,Telangana,Hyderabad,"IDA Pashamylaram, Hyderabad - TSPCB",2025-11-18 17:00:00,17.5316895,78.218939,1,2.0,7.0,4.0
India,Telangana,Hyderabad,"IDA Pashamylaram, Hyderabad - TSPCB",2025-11-18 17:00:00,17.5316895,78.218939,6,4.0,13.0,7.0
India,Telangana,Hyderabad,"Kokapet, Hyderabad - TSPCB",2025-11-18 17:00:00,17.393559,78.339194,2,15.0,17.0,16.0
India,Telangana,Hyderabad,"Kokapet, Hyderabad - TSPCB",2025-11-18 17:00:00,17.393559,78.339194,1,2.0,3.0,3.0
India,Telangana,Hyderabad,"Kokapet, Hyderabad - TSPCB",2025-11-18 17:00:00,17.393559,78.339194,0,32.0,36.0,34.0
India,Telangana,Hyderabad,"Kokapet, Hyderabad - TSPCB",2025-11-18 17:00:00,17.393559,78.339194,3,24.0,29.0,27.0
India,Telangana,Hyderabad,"Nacharam_TSIIC IALA, Hyderabad - TSPCB",2025-11-18 17:00:00,17.429398,78.569354,0,44.0,66.0,54.0
India,Telangana,Hyderabad,"New Malakpet, Hyderabad - TSPCB",2025-11-18 17:00:00,17.37206,78.50864,1,2.0,3.0,2.0
India,Telangana,Hyderabad,"New Malakpet, Hyderabad - TSPCB",2025-11-18 17:00:00,17.37206,78.50864,0,28.0,42.0,38.0
India,Telangana,Hyderabad,"Sanathnagar, Hyderabad - TSPCB",2025-11-18 17:00:00,17.4559458,78.4332152,2,25.0,30.0,27.0
India,Telangana,Hyderabad,"Sanathnagar, Hyderabad - TSPCB",2025-11-18 17:00:00,17.4559458,78.4332152,0,4.0,14.0,8.0
India,Telangana,Hyderabad,"Sanathnagar, Hyderabad - TSPCB",2025-11-18 17:00:00,17.4559458,78.4332152,3,12.0,16.0,14.0
India,Telangana,Hyderabad,"Somajiguda, Hyderabad - TSPCB",2025-11-18 17:00:00,17.417094,78.457437,1,3.0,5.0,4.0
India,Telangana,Hyderabad,"Somajiguda, Hyderabad - TSPCB",2025-11-18 17:00:00,17.417094,78.457437,6,11.0,17.0,14.0
India,Telangana,Hyderabad,"Somajiguda, Hyderabad - TSPCB",2025-11-18 17:00:00,17.417094,78.457437,3,25.0,92.0,71.0
India,Telangana,Hyderabad,"Zoo Park, Hyderabad - TSPCB",2025-11-18 17:00:00,17.349694,78.451437,5,142.0,182.0,166.0
India,Uttar_Pradesh,Agra,"Manoharpur, Agra - UPPCB",2025-11-18 17:00:00,27.23711,78.01936,5,72.0,225.0,150.0
India,Telangana,Hyderabad,"Central University, Hyderabad - TSPCB",2025-11-18 17:00:00,17.460103,78.334361,5,72.0,225.0,150.0
India,Telangana,Hyderabad,"Central University, Hyderabad - TSPCB",2025-11-18 17:00:00,17.460103,78.334361,1,72.0,225.0,150.0
India,Telangana,Hyderabad,"Central University, Hyderabad - TSPCB",2025-11-18 17:00:00,17.460103,78.334361,0,16.0,26.0,21.0
India,Telangana,Hyderabad,"ECIL Kapra, Hyderabad - TSPCB",2025-11-18 17:00:00,17.470431,78.566959,6,11.0,21.0,18.0
India,Telangana,Hyderabad,"ICRISAT Patancheru, Hyderabad - TSPCB",2025-11-18 17:00:00,17.5184,78.278777,3,6.0,96.0,80.0
India,Uttar_Pradesh,Bareilly,"Civil Lines, Bareilly - UPPCB",2025-11-18 17:00:00,28.359581,79.414455,2,2.0,3.0,2.0
India,Uttar_Pradesh,Bulandshahr,"Yamunapuram, Bulandshahr - UPPCB",2025-11-18 17:00:00,28.406963,77.849831,5,190.0,405.0,335.0
India,Uttar_Pradesh,Bulandshahr,"Yamunapuram, Bulandshahr - UPPCB",2025-11-18 17:00:00,28.406963,77.849831,4,152.0,402.0,261.0
India,Uttar_Pradesh,Agra,"Rohta, Agra - UPPCB",2025-11-18 17:00:00,27.106972,78.000111,4,108.0,329.0,186.0
India,Uttar_Pradesh,Agra,"Rohta, Agra - UPPCB",2025-11-18 17:00:00,27.106972,78.000111,6,19.0,44.0,31.0
India,Uttar_Pradesh,Agra,"Sanjay Palace, Agra - UPPCB",2025-11-18 17:00:00,27.19865833,78.00598056,2,7.0,38.0,16.0
India,Uttar_Pradesh,Meerut,"Ganga Nagar, Meerut - UPPCB",2025-11-18 17:00:00,28.999264,77.7590354,4,171.0,496.0,342.0
India,Uttar_Pradesh,Meerut,"Ganga Nagar, Meerut - UPPCB",2025-11-18 17:00:00,28.999264,77.7590354,1,2.0,7.0,5.0
India,Uttar_Pradesh,Meerut,"Ganga Nagar, Meerut - UPPCB",2025-11-18 17:00:00,28.999264,77.7590354,0,12.0,122.0,46.0
India,Uttar_Pradesh,Meerut,"Jai Bhim Nagar, Meerut - UPPCB",2025-11-18 17:00:00,28.9535882,77.7622941,4,165.0,500.0,368.0
India,Uttar_Pradesh,Meerut,"Jai Bhim Nagar, Meerut - UPPCB",2025-11-18 17:00:00,28.9535882,77.7622941,1,23.0,44.0,32.0
India,Uttar_Pradesh,Meerut,"Jai Bhim Nagar, Meerut - UPPCB",2025-11-18 17:00:00,28.9535882,77.7622941,0,31.0,142.0,60.0
India,Uttar_Pradesh,Meerut,"Pallavpuram Phase 2, Meerut - UPPCB",2025-11-18 17:00:00,29.06351,77.709723,6,12.0,51.0,22.0
India,Uttar_Pradesh,Meerut,"Pallavpuram Phase 2, Meerut - UPPCB",2025-11-18 17:00:00,29.06351,77.709723,3,1.0,185.0,108.0
India,Uttar_Pradesh,Moradabad,"Transport Nagar, Moradabad - UPPCB",2025-11-18 17:00:00,28.802625,78.753728,3,25.0,57.0,43.0
India,Uttar_Pradesh,Muzaffarnagar,"New Mandi, Muzaffarnagar - UPPCB",2025-11-18 17:00:00,29.4723508,77.7194031,5,124.0,465.0,309.0
India,Uttar_Pradesh,Noida,"Sector - 125, Noida - UPPCB",2025-11-18 17:00:00,28.5447608,77.3231257,5,326.0,441.0,379.0
India,Uttar_Pradesh,Noida,"Sector - 62, Noida - IMD",2025-11-18 17:00:00,28.6245479,77.3577104,5,227.0,446.0,358.0
India,Uttar_Pradesh,Noida,"Sector - 62, Noida - IMD",2025-11-18 17:00:00,28.6245479,77.3577104,4,167.0,442.0,322.0
India,Uttar_Pradesh,Noida,"Sector - 62, Noida - IMD",2025-11-18 17:00:00,28.6245479,77.3577104,0,28.0,138.0,64.0
India,Uttar_Pradesh,Khurja,"Kalindi Kunj, Khurja - UPPCB",2025-11-18 17:00:00,28.2348927,77.8683002,2,6.0,7.0,7.0
India,Uttar_Pradesh,Khurja,"Kalindi Kunj, Khurja - UPPCB",2025-11-18 17:00:00,28.2348927,77.8683002,1,1.0,1.0,1.0
India,Uttar_Pradesh,Khurja,"Kalindi Kunj, Khurja - UPPCB",2025-11-18 17:00:00,28.2348927,77.8683002,3,103.0,318.0,303.0
India,Uttar_Pradesh,Lucknow,"B R Ambedkar University, Lucknow - UPPCB",2025-11-18 17:00:00,26.766433,80.927299,6,24.0,26.0,25.0
India,Uttar_Pradesh,Lucknow,"Gomti Nagar, Lucknow - UPPCB",2025-11-18 17:00:00,26.86812,81.005119,0,32.0,39.0,38.0
India,Uttar_Pradesh,Lucknow,"Kendriya Vidyalaya, Lucknow - CPCB",2025-11-18 17:00:00,26.906111,80.948222,1,12.0,17.0,15.0
India,Uttar_Pradesh,Moradabad,"Jigar Colony, Moradabad - UPPCB",2025-11-18 17:00:00,28.856664,78.772638,2,23.0,25.0,25.0
India,Uttar_Pradesh,Moradabad,"Jigar Colony, Moradabad - UPPCB",2025-11-18 17:00:00,28.856664,78.772638,3,17.0,24.0,21.0
India,Uttar_Pradesh,Moradabad,"Kashiram Nagar, Moradabad - UPPCB",2025-11-18 17:00:00,28.849399,78.742362,5,33.0,171.0,81.0
India,Uttar_Pradesh,Moradabad,"Kashiram Nagar, Moradabad - UPPCB",2025-11-18 17:00:00,28.849399,78.742362,4,51.0,157.0,102.0
India,Uttar_Pradesh,Moradabad,"Kashiram Nagar, Moradabad - UPPCB",2025-11-18 17:00:00,28.849399,78.742362,2,25.0,25.0,25.0
India,Uttar_Pradesh,Moradabad,"Kashiram Nagar, Moradabad - UPPCB",2025-11-18 17:00:00,28.849399,78.742362,6,5.0,101.0,64.0
India,Uttar_Pradesh,Moradabad,"Transport Nagar, Moradabad - UPPCB",2025-11-18 17:00:00,28.802625,78.753728,2,29.0,30.0,30.0
India,Uttar_Pradesh,Greater Noida,"Knowledge Park - III, Greater Noida - UPPCB",2025-11-18 17:00:00,28.47272,77.482,6,25.0,53.0,34.0
India,Uttar_Pradesh,Greater Noida,"Knowledge Park - III, Greater Noida - UPPCB",2025-11-18 17:00:00,28.47272,77.482,0,21.0,142.0,58.0
India,Uttar_Pradesh,Greater Noida,"Knowledge Park - III, Greater Noida - UPPCB",2025-11-18 17:00:00,28.47272,77.482,3,2.0,215.0,109.0
India,Uttar_Pradesh,Greater Noida,"Knowledge Park - V, Greater Noida - UPPCB",2025-11-18 17:00:00,28.557054,77.453663,4,402.0,500.0,480.0
India,Uttar_Pradesh,Jhansi,"Shivaji Nagar, Jhansi - UPPCB",2025-11-18 17:00:00,25.4547,78.6039,5,44.0,244.0,104.0
India,Uttar_Pradesh,Jhansi,"Shivaji Nagar, Jhansi - UPPCB",2025-11-18 17:00:00,25.4547,78.6039,1,4.0,4.0,4.0
India,Uttar_Pradesh,Kanpur,"FTI Kidwai Nagar, Kanpur - UPPCB",2025-11-18 17:00:00,26.428282,80.327067,5,18.0,192.0,76.0
India,Uttar_Pradesh,Kanpur,"NSI Kalyanpur, Kanpur - UPPCB",2025-11-18 17:00:00,26.509954,80.249612,2,22.0,22.0,22.0
India,Uttar_Pradesh,Kanpur,"Nehru Nagar, Kanpur - UPPCB",2025-11-18 17:00:00,26.4703136,80.3229863,0,30.0,64.0,36.0
India,Uttar_Pradesh,Kanpur,"Nehru Nagar, Kanpur - UPPCB",2025-11-18 17:00:00,26.4703136,80.3229863,3,6.0,43.0,30.0
India,Uttar_Pradesh,Lucknow,"Kendriya Vidyalaya, Lucknow - CPCB",2025-11-18 17:00:00,26.906111,80.948222,3,10.0,79.0,55.0
India,Uttar_Pradesh,Lucknow,"Lalbagh, Lucknow - CPCB",2025-11-18 17:00:00,26.8458805,80.9365541,6,3.0,35.0,12.0
India,Uttar_Pradesh,Lucknow,"Talkatora District Industries Center, Lucknow - CPCB",2025-11-18 17:00:00,26.83399722,80.8917361,6,1.0,46.0,6.0
India,Uttar_Pradesh,Noida,"Sector-1, Noida - UPPCB",2025-11-18 17:00:00,28.5898,77.3101,1,14.0,27.0,22.0
India,Uttar_Pradesh,Noida,"Sector-116, Noida - UPPCB",2025-11-18 17:00:00,28.56923,77.393848,5,316.0,500.0,428.0
India,Uttar_Pradesh,Prayagraj,"Jhunsi, Prayagraj - UPPCB",2025-11-18 17:00:00,25.425602,81.917152,3,14.0,47.0,26.0
India,Uttar_Pradesh,Moradabad,"Buddhi Vihar, Moradabad - UPPCB",2025-11-18 17:00:00,28.83526,78.7446,6,79.0,88.0,85.0
India,West_Bengal,Howrah,"Botanical Garden, Howrah - WBPCB",2025-11-18 17:00:00,22.554954,88.292568,6,8.0,11.0,10.0
India,West_Bengal,Howrah,"Botanical Garden, Howrah - WBPCB",2025-11-18 17:00:00,22.554954,88.292568,3,5.0,43.0,31.0
India,West_Bengal,Howrah,"Dasnagar, Howrah - WBPCB",2025-11-18 17:00:00,22.6025571,88.3105664,4,50.0,154.0,110.0
India,West_Bengal,Howrah,"Dasnagar, Howrah - WBPCB",2025-11-18 17:00:00,22.6025571,88.3105664,2,12.0,85.0,40.0
India,West_Bengal,Howrah,"Dasnagar, Howrah - WBPCB",2025-11-18 17:00:00,22.6025571,88.3105664,1,1.0,4.0,2.0
India,West_Bengal,Howrah,"Dasnagar, Howrah - WBPCB",2025-11-18 17:00:00,22.6025571,88.3105664,0,28.0,103.0,35.0
India,West_Bengal,Howrah,"Ghusuri, Howrah - WBPCB",2025-11-18 17:00:00,22.611968,88.347422,3,8.0,24.0,17.0
India,West_Bengal,Howrah,"Padmapukur, Howrah - WBPCB",2025-11-18 17:00:00,22.5687319,88.2797276,3,3.0,92.0,66.0
India,West_Bengal,Asansol,"Evelyn Lodge, Asansol - WBPCB",2025-11-18 17:00:00,23.697936,86.944395,2,7.0,37.0,18.0
India,West_Bengal,Asansol,"Evelyn Lodge, Asansol - WBPCB",2025-11-18 17:00:00,23.697936,86.944395,0,9.0,43.0,19.0
India,West_Bengal,Asansol,"Mahabir Colliery, Asansol - WBPCB",2025-11-18 17:00:00,23.618183,87.105718,1,1.0,1.0,1.0
India,West_Bengal,Asansol,"Trivenidevi Bhalotia College, Asansol - WBPCB",2025-11-18 17:00:00,23.616515,87.119133,5,37.0,268.0,104.0
India,West_Bengal,Asansol,"Trivenidevi Bhalotia College, Asansol - WBPCB",2025-11-18 17:00:00,23.616515,87.119133,4,43.0,158.0,99.0
India,West_Bengal,Asansol,"Trivenidevi Bhalotia College, Asansol - WBPCB",2025-11-18 17:00:00,23.616515,87.119133,2,10.0,48.0,23.0
India,West_Bengal,Asansol,"Trivenidevi Bhalotia College, Asansol - WBPCB",2025-11-18 17:00:00,23.616515,87.119133,0,16.0,64.0,36.0
India,West_Bengal,Asansol,"Trivenidevi Bhalotia College, Asansol - WBPCB",2025-11-18 17:00:00,23.616515,87.119133,3,32.0,63.0,49.0
India,West_Bengal,Kolkata,"Jadavpur, Kolkata - WBPCB",2025-11-18 17:00:00,22.49929,88.36917,3,9.0,47.0,28.0
India,West_Bengal,Kolkata,"Rabindra Bharati University, Kolkata - WBPCB",2025-11-18 17:00:00,22.627847,88.380669,1,12.0,13.0,12.0
India,West_Bengal,Kolkata,"Rabindra Sarobar, Kolkata - WBPCB",2025-11-18 17:00:00,22.51106,88.35142,5,37.0,142.0,82.0
India,West_Bengal,Kolkata,"Rabindra Sarobar, Kolkata - WBPCB",2025-11-18 17:00:00,22.51106,88.35142,4,64.0,116.0,94.0
India,West_Bengal,Kolkata,"Rabindra Sarobar, Kolkata - WBPCB",2025-11-18 17:00:00,22.51106,88.35142,6,5.0,23.0,10.0
India,West_Bengal,Kolkata,"Rabindra Sarobar, Kolkata - WBPCB",2025-11-18 17:00:00,22.51106,88.35142,3,2.0,114.0,86.0
India,West_Bengal,Kolkata,"Victoria, Kolkata - WBPCB",2025-11-18 17:00:00,22.5448082,88.3403691,1,4.0,5.0,4.0
India,West_Bengal,Durgapur,"Mahishkapur Road_B-Zone, Durgapur - WBPCB",2025-11-18 17:00:00,23.567923,87.306843,4,48.0,146.0,109.0
India,West_Bengal,Durgapur,"Mahishkapur Road_B-Zone, Durgapur - WBPCB",2025-11-18 17:00:00,23.567923,87.306843,2,9.0,60.0,25.0
India,West_Bengal,Durgapur,"PCBL Residential Complex, Durgapur - WBPCB",2025-11-18 17:00:00,23.508764,87.35444,5,22.0,138.0,86.0
India,West_Bengal,Durgapur,"Womens College_City Center, Durgapur - WBPCB (Formerly known as Sidhu Kanhu Indoor Stadium)",2025-11-18 17:00:00,23.549395,87.300496,5,36.0,141.0,81.0
India,Uttar_Pradesh,Varanasi,"Maldahiya, Varanasi - UPPCB",2025-11-18 17:00:00,25.32393,82.99687,4,43.0,160.0,110.0
India,Uttar_Pradesh,Varanasi,"Maldahiya, Varanasi - UPPCB",2025-11-18 17:00:00,25.32393,82.99687,0,20.0,109.0,29.0
India,Uttar_Pradesh,Vrindavan,"Omex Eternity, Vrindavan - UPPCB",2025-11-18 17:00:00,27.571409,77.655757,2,12.0,12.0,12.0
India,Uttarakhand,Dehradun,"Doon University, Dehradun - UKPCB",2025-11-18 17:00:00,30.269444,78.044167,2,1.0,5.0,2.0
India,Uttar_Pradesh,Prayagraj,"Nagar Nigam, Prayagraj - UPPCB",2025-11-18 17:00:00,25.44919916,81.82735986,0,32.0,125.0,53.0
India,Uttar_Pradesh,Prayagraj,"Nagar Nigam, Prayagraj - UPPCB",2025-11-18 17:00:00,25.44919916,81.82735986,3,11.0,12.0,11.0
India,Uttar_Pradesh,Varanasi,"Ardhali Bazar, Varanasi - UPPCB",2025-11-18 17:00:00,25.3505986,82.9083074,5,33.0,190.0,113.0
India,Uttar_Pradesh,Varanasi,"Ardhali Bazar, Varanasi - UPPCB",2025-11-18 17:00:00,25.3505986,82.9083074,2,17.0,125.0,109.0
India,Uttar_Pradesh,Varanasi,"Ardhali Bazar, Varanasi - UPPCB",2025-11-18 17:00:00,25.3505986,82.9083074,0,8.0,16.0,13.0
India,Uttarakhand,Dehradun,"Doon University, Dehradun - UKPCB",2025-11-18 17:00:00,30.269444,78.044167,3,27.0,63.0,54.0
India,West_Bengal,Asansol,"Asansol Court Area, Asansol - WBPCB",2025-11-18 17:00:00,23.685297,86.945968,3,25.0,45.0,41.0
India,West_Bengal,Haldia,"Priyambada Housing Estate, Haldia - WBPCB",2025-11-18 17:00:00,22.06047,88.109737,5,25.0,45.0,41.0
India,West_Bengal,Howrah,"Belur Math, Howrah - WBPCB",2025-11-18 17:00:00,22.629801,88.352017,2,21.0,50.0,32.0
India,West_Bengal,Kolkata,"Fort William, Kolkata - WBPCB",2025-11-18 17:00:00,22.55664,88.342674,0,20.0,90.0,27.0
India,West_Bengal,Kolkata,"Victoria, Kolkata - WBPCB",2025-11-18 17:00:00,22.5448082,88.3403691,0,42.0,98.0,46.0
India,West_Bengal,Siliguri,"Ward-32 Bapupara, Siliguri - WBPCB",2025-11-18 17:00:00,26.6879226,88.4152495,6,12.0,21.0,15.0
India,Andhra_Pradesh,Rajamahendravaram,"Anand Kala Kshetram, Rajamahendravaram - APPCB",2025-11-18 17:00:00,16.9872867,81.7363176,0,16.0,58.0,27.0
India,Andhra_Pradesh,Rajamahendravaram,"Anand Kala Kshetram, Rajamahendravaram - APPCB",2025-11-18 17:00:00,16.9872867,81.7363176,3,21.0,47.0,41.0
India,Andhra_Pradesh,Tirumala,"Toll Gate, Tirumala - APPCB",2025-11-18 17:00:00,13.67,79.35,1,1.0,1.0,1.0
India,Andhra_Pradesh,Tirumala,"Toll Gate, Tirumala - APPCB",2025-11-18 17:00:00,13.67,79.35,0,28.0,54.0,36.0
India,Andhra_Pradesh,Rajamahendravaram,"Anand Kala Kshetram, Rajamahendravaram - APPCB",2025-11-18 17:00:00,16.9872867,81.7363176,4,64.0,165.0,105.0
India,Andhra_Pradesh,Rajamahendravaram,"Anand Kala Kshetram, Rajamahendravaram - APPCB",2025-11-18 17:00:00,16.9872867,81.7363176,6,7.0,30.0,15.0
India,Andhra_Pradesh,Chittoor,"Gangineni Cheruvu, Chittoor - APPCB",2025-11-18 17:00:00,13.20488,79.097889,3,53.0,58.0,55.0
India,Andhra_Pradesh,Amaravati,"Secretariat, Amaravati - APPCB",2025-11-18 17:00:00,16.5150833,80.5181667,3,19.0,54.0,49.0
India,Andhra_Pradesh,Amaravati,"Secretariat, Amaravati - APPCB",2025-11-18 17:00:00,16.5150833,80.5181667,6,5.0,14.0,8.0
India,Andhra_Pradesh,Kadapa,"Yerramukkapalli, Kadapa - APPCB",2025-11-18 17:00:00,14.465052,78.824187,0,31.0,70.0,36.0
India,Andhra_Pradesh,Tirupati,"Vaikuntapuram, Tirupati - APPCB",2025-11-18 17:00:00,13.615387,79.40923,6,9.0,10.0,9.0
India,Andhra_Pradesh,Tirumala,"Toll Gate, Tirumala - APPCB",2025-11-18 17:00:00,13.67,79.35,4,20.0,86.0,61.0
India,Andhra_Pradesh,Visakhapatnam,"GVM Corporation, Visakhapatnam - APPCB",2025-11-18 17:00:00,17.72,83.3,3,69.0,144.0,127.0
India,Arunachal_Pradesh,Naharlagun,"Naharlagun, Naharlagun - APSPCB",2025-11-18 17:00:00,27.103358,93.679645,4,38.0,172.0,83.0
India,Arunachal_Pradesh,Naharlagun,"Naharlagun, Naharlagun - APSPCB",2025-11-18 17:00:00,27.103358,93.679645,2,6.0,7.0,6.0
India,Assam,Nalbari,"Bata Chowk, Nalbari - PCBA",2025-11-18 17:00:00,26.446912,91.439057,2,9.0,20.0,14.0
India,Assam,Silchar,"Tarapur, Silchar - PCBA",2025-11-18 17:00:00,24.82827,92.79525,6,5.0,7.0,6.0
India,Assam,Sivasagar,"Girls College, Sivasagar - PCBA",2025-11-18 17:00:00,26.987634,94.636574,4,25.0,68.0,50.0
India,Bihar,Araria,"Kharahiya Basti, Araria - BSPCB",2025-11-18 17:00:00,26.146529,87.454184,2,1.0,64.0,21.0
India,Bihar,Araria,"Kharahiya Basti, Araria - BSPCB",2025-11-18 17:00:00,26.146529,87.454184,1,9.0,12.0,11.0
India,Bihar,Araria,"Kharahiya Basti, Araria - BSPCB",2025-11-18 17:00:00,26.146529,87.454184,3,10.0,10.0,10.0
India,Bihar,Arrah,"New DM Office, Arrah - BSPCB",2025-11-18 17:00:00,25.5626095,84.663264,2,5.0,9.0,7.0
India,Assam,Guwahati,"Pan Bazaar, Guwahati - PCBA",2025-11-18 17:00:00,26.1875,91.744194,3,17.0,22.0,18.0
India,Assam,Guwahati,"Railway Colony, Guwahati - PCBA",2025-11-18 17:00:00,26.181742,91.78063,4,16.0,159.0,79.0
India,Assam,Nagaon,"Christianpatty, Nagaon - PCBA",2025-11-18 17:00:00,26.349082,92.68449,4,26.0,35.0,32.0
India,Arunachal_Pradesh,Naharlagun,"Naharlagun, Naharlagun - APSPCB",2025-11-18 17:00:00,27.103358,93.679645,6,8.0,9.0,8.0
India,Assam,Byrnihat,"Central Academy for SFS, Byrnihat - PCBA",2025-11-18 17:00:00,26.071318,91.87488,4,73.0,107.0,88.0
India,Andhra_Pradesh,Vijayawada,"HB Colony, Vijayawada - APPCB",2025-11-18 17:00:00,16.536107,80.594233,4,49.0,101.0,72.0
India,Andhra_Pradesh,Vijayawada,"HB Colony, Vijayawada - APPCB",2025-11-18 17:00:00,16.536107,80.594233,3,49.0,101.0,72.0
India,Andhra_Pradesh,Vijayawada,"Rajiv Nagar, Vijayawada - APPCB",2025-11-18 17:00:00,16.554731,80.64911,2,10.0,10.0,10.0
India,Assam,Guwahati,"IITG, Guwahati - PCBA",2025-11-18 17:00:00,26.2028636,91.70046436,0,6.0,22.0,8.0
India,Bihar,Chhapra,"Darshan Nagar, Chhapra - BSPCB",2025-11-18 17:00:00,25.7808257,84.7446768,3,2.0,43.0,10.0
India,Bihar,Gaya,"Collectorate, Gaya - BSPCB",2025-11-18 17:00:00,24.7955,84.9994,2,2.0,43.0,10.0
India,Bihar,Gaya,"Collectorate, Gaya - BSPCB",2025-11-18 17:00:00,24.7955,84.9994,0,2.0,43.0,10.0
India,Bihar,Gaya,"Kareemganj, Gaya - BSPCB",2025-11-18 17:00:00,24.792403,84.992416,5,40.0,273.0,118.0
India,Bihar,Gaya,"Kareemganj, Gaya - BSPCB",2025-11-18 17:00:00,24.792403,84.992416,4,100.0,360.0,197.0
India,Bihar,Gaya,"Kareemganj, Gaya - BSPCB",2025-11-18 17:00:00,24.792403,84.992416,2,3.0,8.0,5.0
India,Bihar,Gaya,"Kareemganj, Gaya - BSPCB",2025-11-18 17:00:00,24.792403,84.992416,6,15.0,16.0,16.0
India,Bihar,Gaya,"Kareemganj, Gaya - BSPCB",2025-11-18 17:00:00,24.792403,84.992416,0,38.0,40.0,40.0
India,Bihar,Gaya,"SFTI Kusdihra, Gaya - BSPCB",2025-11-18 17:00:00,24.762518,84.982348,2,24.0,28.0,25.0
India,Bihar,Arrah,"New DM Office, Arrah - BSPCB",2025-11-18 17:00:00,25.5626095,84.663264,3,5.0,17.0,9.0
India,Bihar,Aurangabad,"Gurdeo Nagar, Aurangabad - BSPCB",2025-11-18 17:00:00,24.75746,84.366208,5,38.0,183.0,70.0
India,Bihar,Aurangabad,"Gurdeo Nagar, Aurangabad - BSPCB",2025-11-18 17:00:00,24.75746,84.366208,1,1.0,2.0,2.0
India,Bihar,Begusarai,"Lohiyanagar, Begusarai - BSPCB",2025-11-18 17:00:00,25.42742023,86.13886079,5,12.0,220.0,76.0
India,Bihar,Begusarai,"Lohiyanagar, Begusarai - BSPCB",2025-11-18 17:00:00,25.42742023,86.13886079,4,14.0,162.0,87.0
India,Bihar,Begusarai,"Lohiyanagar, Begusarai - BSPCB",2025-11-18 17:00:00,25.42742023,86.13886079,2,16.0,23.0,20.0
India,Bihar,Begusarai,"Lohiyanagar, Begusarai - BSPCB",2025-11-18 17:00:00,25.42742023,86.13886079,6,33.0,39.0,37.0
India,Bihar,Katihar,"Mirchaibari, Katihar - BSPCB",2025-11-18 17:00:00,25.560083,87.553265,6,10.0,20.0,15.0
India,Bihar,Kishanganj,"SDM Office_Khagra, Kishanganj - BSPCB",2025-11-18 17:00:00,26.0881305,87.93840336,4,32.0,413.0,117.0
India,Bihar,Kishanganj,"SDM Office_Khagra, Kishanganj - BSPCB",2025-11-18 17:00:00,26.0881305,87.93840336,1,3.0,3.0,3.0
India,Bihar,Kishanganj,"SDM Office_Khagra, Kishanganj - BSPCB",2025-11-18 17:00:00,26.0881305,87.93840336,3,16.0,20.0,17.0
India,Bihar,Manguraha,"Forest Rest House, Manguraha - BSPCB",2025-11-18 17:00:00,27.308328,84.531742,5,33.0,113.0,55.0
India,Bihar,Manguraha,"Forest Rest House, Manguraha - BSPCB",2025-11-18 17:00:00,27.308328,84.531742,2,3.0,12.0,5.0
India,Bihar,Bettiah,"Kamalnath Nagar, Bettiah - BSPCB",2025-11-18 17:00:00,26.80365,84.51954,2,3.0,10.0,8.0
India,Bihar,Bettiah,"Kamalnath Nagar, Bettiah - BSPCB",2025-11-18 17:00:00,26.80365,84.51954,3,21.0,23.0,21.0
India,Bihar,Bhagalpur,"DM Office_Kachari Chowk, Bhagalpur - BSPCB",2025-11-18 17:00:00,25.251013,86.989001,2,21.0,23.0,21.0
India,Bihar,Buxar,"Charitra Van, Buxar - BSPCB",2025-11-18 17:00:00,25.56752,83.966379,5,65.0,223.0,139.0
India,Bihar,Chhapra,"Darshan Nagar, Chhapra - BSPCB",2025-11-18 17:00:00,25.7808257,84.7446768,1,65.0,223.0,139.0
India,Bihar,Chhapra,"Darshan Nagar, Chhapra - BSPCB",2025-11-18 17:00:00,25.7808257,84.7446768,6,65.0,223.0,139.0
India,Bihar,Gaya,"SFTI Kusdihra, Gaya - BSPCB",2025-11-18 17:00:00,24.762518,84.982348,6,8.0,9.0,9.0
India,Bihar,Hajipur,"Industrial Area, Hajipur - BSPCB",2025-11-18 17:00:00,25.697189,85.2459,0,26.0,68.0,35.0
India,Bihar,Muzaffarpur,"Buddha Colony, Muzaffarpur - BSPCB",2025-11-18 17:00:00,26.11442,85.39813,5,72.0,200.0,142.0
India,Bihar,Muzaffarpur,"Buddha Colony, Muzaffarpur - BSPCB",2025-11-18 17:00:00,26.11442,85.39813,1,7.0,13.0,10.0
India,Bihar,Motihari,"Gandak Colony, Motihari - BSPCB",2025-11-18 17:00:00,26.63086,84.90051,1,3.0,3.0,3.0
India,Bihar,Motihari,"Gandak Colony, Motihari - BSPCB",2025-11-18 17:00:00,26.63086,84.90051,0,22.0,38.0,26.0
India,Bihar,Bihar Sharif,"D M Colony, Bihar Sharif - BSPCB",2025-11-18 17:00:00,25.204762,85.51496,6,22.0,38.0,26.0
India,Chandigarh,Chandigarh,"Sector-25, Chandigarh - CPCC",2025-11-18 17:00:00,30.751462,76.762879,6,6.0,12.0,9.0
India,Chandigarh,Chandigarh,"Sector-53, Chandigarh - CPCC",2025-11-18 17:00:00,30.719859,76.738637,4,34.0,156.0,90.0
India,Chandigarh,Chandigarh,"Sector-53, Chandigarh - CPCC",2025-11-18 17:00:00,30.719859,76.738637,2,24.0,174.0,79.0
India,Chhattisgarh,Bhilai,"32Bungalows, Bhilai - CECB",2025-11-18 17:00:00,21.194815,81.31477,4,74.0,116.0,96.0
India,Chhattisgarh,Bhilai,"32Bungalows, Bhilai - CECB",2025-11-18 17:00:00,21.194815,81.31477,2,28.0,113.0,59.0
India,Bihar,Muzaffarpur,"Muzaffarpur Collectorate, Muzaffarpur - BSPCB",2025-11-18 17:00:00,26.1209,85.3647,5,95.0,140.0,115.0
India,Bihar,Patna,"DRM Office Danapur, Patna - BSPCB",2025-11-18 17:00:00,25.586562,85.043586,5,94.0,294.0,174.0
India,Bihar,Patna,"DRM Office Danapur, Patna - BSPCB",2025-11-18 17:00:00,25.586562,85.043586,1,6.0,18.0,10.0
India,Bihar,Patna,"Govt. High School Shikarpur, Patna - BSPCB",2025-11-18 17:00:00,25.592539,85.227158,4,6.0,18.0,10.0
India,Bihar,Patna,"Rajbansi Nagar, Patna - BSPCB",2025-11-18 17:00:00,25.599486,85.113666,2,79.0,275.0,141.0
India,Bihar,Patna,"Rajbansi Nagar, Patna - BSPCB",2025-11-18 17:00:00,25.599486,85.113666,3,5.0,10.0,6.0
India,Bihar,Patna,"Samanpura, Patna - BSPCB",2025-11-18 17:00:00,25.596727,85.085624,2,35.0,49.0,44.0
India,Bihar,Patna,"Samanpura, Patna - BSPCB",2025-11-18 17:00:00,25.596727,85.085624,1,6.0,7.0,6.0
India,Bihar,Patna,"Samanpura, Patna - BSPCB",2025-11-18 17:00:00,25.596727,85.085624,0,4.0,101.0,55.0
India,Bihar,Sasaram,"Dada Peer, Sasaram - BSPCB",2025-11-18 17:00:00,24.952822,84.002396,1,2.0,3.0,3.0
India,Bihar,Siwan,"Chitragupta Nagar, Siwan - BSPCB",2025-11-18 17:00:00,26.2271665,84.3570427,2,1.0,2.0,1.0
India,Chandigarh,Chandigarh,"Sector 22, Chandigarh - CPCC",2025-11-18 17:00:00,30.735567,76.775714,1,3.0,9.0,8.0
India,Chhattisgarh,Chhal,"Nawapara SECL Colony, Chhal - CECB",2025-11-18 17:00:00,22.118125,83.140608,2,8.0,27.0,14.0
India,Chhattisgarh,Chhal,"Nawapara SECL Colony, Chhal - CECB",2025-11-18 17:00:00,22.118125,83.140608,3,6.0,180.0,166.0
India,Chhattisgarh,Kunjemura,"OP Jindal School, Kunjemura - CECB",2025-11-18 17:00:00,22.12665,83.483212,5,1.0,40.0,30.0
India,Bihar,Patna,"Muradpur, Patna - BSPCB",2025-11-18 17:00:00,25.619651,85.147382,5,87.0,193.0,136.0
India,Bihar,Patna,"Muradpur, Patna - BSPCB",2025-11-18 17:00:00,25.619651,85.147382,2,10.0,12.0,11.0
India,Bihar,Patna,"Muradpur, Patna - BSPCB",2025-11-18 17:00:00,25.619651,85.147382,1,4.0,5.0,4.0
India,Bihar,Patna,"Muradpur, Patna - BSPCB",2025-11-18 17:00:00,25.619651,85.147382,6,7.0,10.0,9.0
India,Chhattisgarh,Bhilai,"Civic Center, Bhilai - Bhilai Steel Plant",2025-11-18 17:00:00,21.185571,81.343175,1,3.0,3.0,3.0
India,Chhattisgarh,Bhilai,"Hathkhoj, Bhilai - CECB",2025-11-18 17:00:00,21.224231,81.40835,1,4.0,5.0,4.0
India,Bihar,Samastipur,"DM Office_Kasipur, Samastipur - BSPCB",2025-11-18 17:00:00,25.859655,85.77944,5,25.0,123.0,67.0
India,Bihar,Rajgir,"Dangi Tola, Rajgir - BSPCB",2025-11-18 17:00:00,25.0328,85.41948,2,8.0,10.0,9.0
India,Delhi,Delhi,"Bawana, Delhi - DPCC",2025-11-18 17:00:00,28.7762,77.051074,0,40.0,138.0,62.0
India,Delhi,Delhi,"Burari Crossing, Delhi - IMD",2025-11-18 17:00:00,28.7256504,77.2011573,4,188.0,461.0,373.0
India,Delhi,Delhi,"Burari Crossing, Delhi - IMD",2025-11-18 17:00:00,28.7256504,77.2011573,2,1.0,207.0,89.0
India,Delhi,Delhi,"Burari Crossing, Delhi - IMD",2025-11-18 17:00:00,28.7256504,77.2011573,3,13.0,201.0,102.0
India,Delhi,Delhi,"CRRI Mathura Road, Delhi - IMD",2025-11-18 17:00:00,28.5512005,77.2735737,0,42.0,147.0,72.0
India,Delhi,Delhi,"Chandni Chowk, Delhi - IITM",2025-11-18 17:00:00,28.656756,77.227234,4,205.0,500.0,413.0
India,Delhi,Delhi,"DTU, Delhi - CPCB",2025-11-18 17:00:00,28.7500499,77.1112615,5,230.0,500.0,415.0
India,Delhi,Delhi,"DTU, Delhi - CPCB",2025-11-18 17:00:00,28.7500499,77.1112615,2,50.0,94.0,74.0
India,Delhi,Delhi,"Dr. Karni Singh Shooting Range, Delhi - DPCC",2025-11-18 17:00:00,28.498571,77.26484,4,179.0,418.0,267.0
India,Delhi,Delhi,"Dr. Karni Singh Shooting Range, Delhi - DPCC",2025-11-18 17:00:00,28.498571,77.26484,2,86.0,130.0,104.0
India,Delhi,Delhi,"Dr. Karni Singh Shooting Range, Delhi - DPCC",2025-11-18 17:00:00,28.498571,77.26484,6,20.0,38.0,26.0
India,Delhi,Delhi,"Dwarka-Sector 8, Delhi - DPCC ",2025-11-18 17:00:00,28.5710274,77.0719006,2,61.0,152.0,114.0
India,Delhi,Delhi,"IGI Airport (T3), Delhi - IMD",2025-11-18 17:00:00,28.5627763,77.1180053,2,124.0,308.0,212.0
India,Delhi,Delhi,"IGI Airport (T3), Delhi - IMD",2025-11-18 17:00:00,28.5627763,77.1180053,3,1.0,11.0,3.0
India,Delhi,Delhi,"Lodhi Road, Delhi - IITM",2025-11-18 17:00:00,28.588333,77.221667,4,1.0,11.0,3.0
India,Delhi,Delhi,"Lodhi Road, Delhi - IITM",2025-11-18 17:00:00,28.588333,77.221667,2,1.0,11.0,3.0
India,Delhi,Delhi,"Lodhi Road, Delhi - IITM",2025-11-18 17:00:00,28.588333,77.221667,6,1.0,11.0,3.0
India,Delhi,Delhi,"Lodhi Road, Delhi - IMD",2025-11-18 17:00:00,28.5918245,77.2273074,4,1.0,11.0,3.0
India,Delhi,Delhi,"Lodhi Road, Delhi - IMD",2025-11-18 17:00:00,28.5918245,77.2273074,2,1.0,11.0,3.0
India,Delhi,Delhi,"Lodhi Road, Delhi - IMD",2025-11-18 17:00:00,28.5918245,77.2273074,3,8.0,158.0,124.0
India,Delhi,Delhi,"Major Dhyan Chand National Stadium, Delhi - DPCC",2025-11-18 17:00:00,28.611281,77.237738,5,147.0,416.0,313.0
India,Chhattisgarh,Tumidih,"OP Jindal Industrial Park, Tumidih - CECB",2025-11-18 17:00:00,22.06631475,83.33820077,0,22.0,78.0,27.0
India,Chhattisgarh,Tumidih,"OP Jindal Industrial Park, Tumidih - CECB",2025-11-18 17:00:00,22.06631475,83.33820077,3,4.0,120.0,82.0
India,Delhi,Delhi,"Alipur, Delhi - DPCC",2025-11-18 17:00:00,28.815329,77.15301,4,206.0,495.0,384.0
India,Delhi,Delhi,"Alipur, Delhi - DPCC",2025-11-18 17:00:00,28.815329,77.15301,0,48.0,112.0,72.0
India,Delhi,Delhi,"IHBAS, Dilshad Garden, Delhi - CPCB",2025-11-18 17:00:00,28.6811736,77.3025234,2,50.0,55.0,53.0
India,Delhi,Delhi,"IHBAS, Dilshad Garden, Delhi - CPCB",2025-11-18 17:00:00,28.6811736,77.3025234,6,25.0,53.0,34.0
India,Delhi,Delhi,"ITO, Delhi - CPCB",2025-11-18 17:00:00,28.628624,77.24106,3,9.0,62.0,36.0
India,Delhi,Delhi,"Jawaharlal Nehru Stadium, Delhi - DPCC",2025-11-18 17:00:00,28.58028,77.233829,5,273.0,446.0,363.0
India,Chhattisgarh,Milupara,"Govt. Higher Secondary School, Milupara - CECB",2025-11-18 17:00:00,22.1910172,83.5197009,5,44.0,95.0,68.0
India,Chhattisgarh,Milupara,"Govt. Higher Secondary School, Milupara - CECB",2025-11-18 17:00:00,22.1910172,83.5197009,1,44.0,95.0,68.0
India,Chhattisgarh,Raipur,"AIIMS, Raipur - CECB",2025-11-18 17:00:00,21.258815,81.578979,5,18.0,62.0,38.0
India,Chhattisgarh,Raipur,"AIIMS, Raipur - CECB",2025-11-18 17:00:00,21.258815,81.578979,4,30.0,137.0,79.0
India,Delhi,Delhi,"Mandir Marg, Delhi - DPCC",2025-11-18 17:00:00,28.636429,77.201067,2,25.0,98.0,53.0
India,Delhi,Delhi,"Mundka, Delhi - DPCC",2025-11-18 17:00:00,28.684678,77.076574,5,203.0,477.0,393.0
India,Delhi,Delhi,"Mundka, Delhi - DPCC",2025-11-18 17:00:00,28.684678,77.076574,4,126.0,500.0,293.0
India,Delhi,Delhi,"Mundka, Delhi - DPCC",2025-11-18 17:00:00,28.684678,77.076574,2,65.0,197.0,134.0
India,Chhattisgarh,Raipur,"Bhatagaon New ISBT, Raipur - CECB",2025-11-18 17:00:00,21.219665,81.630094,3,3.0,12.0,8.0
India,Chhattisgarh,Raipur,"Siltara Phase-II, Raipur - CECB",2025-11-18 17:00:00,21.371751,81.664929,4,50.0,157.0,117.0
India,Chhattisgarh,Raipur,"Siltara Phase-II, Raipur - CECB",2025-11-18 17:00:00,21.371751,81.664929,2,8.0,45.0,18.0
India,Delhi,Delhi,"Ashok Vihar, Delhi - DPCC",2025-11-18 17:00:00,28.695381,77.181665,4,191.0,500.0,387.0
India,Delhi,Delhi,"Ashok Vihar, Delhi - DPCC",2025-11-18 17:00:00,28.695381,77.181665,1,1.0,2.0,1.0
India,Delhi,Delhi,"Narela, Delhi - DPCC",2025-11-18 17:00:00,28.822836,77.101981,3,5.0,172.0,106.0
India,Delhi,Delhi,"Nehru Nagar, Delhi - DPCC",2025-11-18 17:00:00,28.56789,77.250515,4,230.0,500.0,369.0
India,Delhi,Delhi,"Nehru Nagar, Delhi - DPCC",2025-11-18 17:00:00,28.56789,77.250515,2,35.0,114.0,69.0
India,Delhi,Delhi,"Nehru Nagar, Delhi - DPCC",2025-11-18 17:00:00,28.56789,77.250515,1,7.0,29.0,13.0
India,Delhi,Delhi,"Nehru Nagar, Delhi - DPCC",2025-11-18 17:00:00,28.56789,77.250515,6,16.0,63.0,41.0
India,Delhi,Delhi,"North Campus, DU, Delhi - IMD",2025-11-18 17:00:00,28.6573814,77.1585447,0,64.0,176.0,102.0
India,Delhi,Delhi,"Okhla Phase-2, Delhi - DPCC",2025-11-18 17:00:00,28.530785,77.271255,3,9.0,302.0,148.0
India,Gujarat,Ankleshwar,"GIDC, Ankleshwar - GPCB",2025-11-18 17:00:00,21.613267,73.010555,2,9.0,302.0,148.0
India,Gujarat,Ankleshwar,"GIDC, Ankleshwar - GPCB",2025-11-18 17:00:00,21.613267,73.010555,0,64.0,86.0,74.0
India,Gujarat,Ankleshwar,"GIDC, Ankleshwar - GPCB",2025-11-18 17:00:00,21.613267,73.010555,3,47.0,75.0,66.0
India,Gujarat,Gandhinagar,"GIFT City, Gandhinagar - IITM",2025-11-18 17:00:00,23.163798,72.677768,1,3.0,12.0,6.0
India,Gujarat,Gandhinagar,"GIFT City, Gandhinagar - IITM",2025-11-18 17:00:00,23.163798,72.677768,0,44.0,80.0,49.0
India,Gujarat,Gandhinagar,"IIPHG Lekawada, Gandhinagar - IITM",2025-11-18 17:00:00,23.243639,72.68994,5,75.0,169.0,114.0
India,Gujarat,Gandhinagar,"IIPHG Lekawada, Gandhinagar - IITM",2025-11-18 17:00:00,23.243639,72.68994,1,2.0,4.0,3.0
India,Delhi,Delhi,"Sirifort, Delhi - CPCB",2025-11-18 17:00:00,28.5504249,77.2159377,0,40.0,173.0,75.0
India,Delhi,Delhi,"Sonia Vihar, Delhi - DPCC",2025-11-18 17:00:00,28.710508,77.249485,2,35.0,127.0,68.0
India,Delhi,Delhi,"Sri Aurobindo Marg, Delhi - DPCC",2025-11-18 17:00:00,28.531346,77.190156,5,147.0,417.0,329.0
India,Delhi,Delhi,"Sri Aurobindo Marg, Delhi - DPCC",2025-11-18 17:00:00,28.531346,77.190156,1,5.0,7.0,6.0
India,Delhi,Delhi,"Sri Aurobindo Marg, Delhi - DPCC",2025-11-18 17:00:00,28.531346,77.190156,3,1.0,181.0,102.0
India,Gujarat,Ahmedabad,"Maninagar, Ahmedabad - GPCB",2025-11-18 17:00:00,23.002657,72.591912,6,29.0,45.0,40.0
India,Gujarat,Ahmedabad,"Raikhad, Ahmedabad - IITM",2025-11-18 17:00:00,23.020509,72.579261,0,4.0,121.0,12.0
India,Gujarat,Ahmedabad,"Rakhial, Ahmedabad - IITM",2025-11-18 17:00:00,23.016834,72.625775,5,104.0,302.0,185.0
India,Gujarat,Ahmedabad,"Rakhial, Ahmedabad - IITM",2025-11-18 17:00:00,23.016834,72.625775,1,2.0,11.0,3.0
India,Gujarat,Ahmedabad,"Rakhial, Ahmedabad - IITM",2025-11-18 17:00:00,23.016834,72.625775,0,18.0,124.0,35.0
India,Gujarat,Ahmedabad,"SAC ISRO Bopal, Ahmedabad - IITM",2025-11-18 17:00:00,23.041137,72.456691,2,18.0,24.0,21.0
India,Gujarat,Ahmedabad,"SAC ISRO Satellite, Ahmedabad - IITM",2025-11-18 17:00:00,23.023389,72.515201,2,23.0,166.0,73.0
India,Gujarat,Ahmedabad,"SVPI Airport Hansol, Ahmedabad - IITM",2025-11-18 17:00:00,23.076793,72.627874,0,18.0,76.0,45.0
India,Delhi,Delhi,"Wazirpur, Delhi - DPCC",2025-11-18 17:00:00,28.699793,77.165453,0,46.0,144.0,70.0
India,Delhi,Delhi,"Wazirpur, Delhi - DPCC",2025-11-18 17:00:00,28.699793,77.165453,3,8.0,193.0,105.0
India,Gujarat,Ahmedabad,"Chandkheda, Ahmedabad - IITM",2025-11-18 17:00:00,23.107969,72.574648,3,3.0,84.0,65.0
India,Delhi,Delhi,"R K Puram, Delhi - DPCC",2025-11-18 17:00:00,28.563262,77.186937,1,4.0,7.0,5.0
India,Delhi,Delhi,"Rohini, Delhi - DPCC",2025-11-18 17:00:00,28.732528,77.11992,2,24.0,116.0,73.0
India,Delhi,Delhi,"Shadipur, Delhi - CPCB",2025-11-18 17:00:00,28.6514781,77.1473105,2,84.0,224.0,140.0
India,Delhi,Delhi,"NSIT Dwarka, Delhi - CPCB",2025-11-18 17:00:00,28.60909,77.0325413,1,2.0,31.0,12.0
India,Delhi,Delhi,"Narela, Delhi - DPCC",2025-11-18 17:00:00,28.822836,77.101981,2,32.0,115.0,76.0
India,Delhi,Delhi,"Narela, Delhi - DPCC",2025-11-18 17:00:00,28.822836,77.101981,1,16.0,19.0,18.0
India,Delhi,Delhi,"Punjabi Bagh, Delhi - DPCC",2025-11-18 17:00:00,28.674045,77.131023,6,20.0,62.0,49.0
India,Delhi,Delhi,"Pusa, Delhi - DPCC",2025-11-18 17:00:00,28.639652,77.146275,6,7.0,26.0,13.0
India,Gujarat,Gandhinagar,"Sector-10, Gandhinagar - GPCB",2025-11-18 17:00:00,23.221714,72.654328,3,6.0,85.0,60.0
India,Gujarat,Surat,"Science Center, Surat - SMC",2025-11-18 17:00:00,21.170046,72.795405,6,27.0,35.0,31.0
India,Gujarat,Vapi,"Phase-1 GIDC, Vapi - GPCB",2025-11-18 17:00:00,20.362421,72.918013,2,27.0,35.0,31.0
India,Gujarat,Vapi,"Phase-1 GIDC, Vapi - GPCB",2025-11-18 17:00:00,20.362421,72.918013,3,2.0,2.0,2.0
India,Gujarat,Vatva,"Phase-4 GIDC, Vatva - GPCB",2025-11-18 17:00:00,22.969611,72.6435,2,24.0,35.0,29.0
India,Gujarat,Vatva,"Phase-4 GIDC, Vatva - GPCB",2025-11-18 17:00:00,22.969611,72.6435,1,4.0,7.0,5.0
India,Haryana,Faridabad,"Sector 11, Faridabad - HSPCB",2025-11-18 17:00:00,28.376058,77.315741,4,106.0,229.0,142.0
India,Haryana,Faridabad,"Sector 11, Faridabad - HSPCB",2025-11-18 17:00:00,28.376058,77.315741,3,1.0,119.0,81.0
India,Haryana,Fatehabad,"Huda Sector, Fatehabad - HSPCB",2025-11-18 17:00:00,29.503664,75.467934,1,13.0,14.0,14.0
India,Haryana,Gurugram,"NISE Gwal Pahari, Gurugram - IMD",2025-11-18 17:00:00,28.422681,77.148944,5,239.0,410.0,326.0
India,Haryana,Gurugram,"NISE Gwal Pahari, Gurugram - IMD",2025-11-18 17:00:00,28.422681,77.148944,0,34.0,102.0,62.0
India,Gujarat,Vatva,"Phase-4 GIDC, Vatva - GPCB",2025-11-18 17:00:00,22.969611,72.6435,3,27.0,58.0,44.0
India,Haryana,Ambala,"Patti Mehar, Ambala - HSPCB",2025-11-18 17:00:00,30.379589,76.778328,1,9.0,11.0,10.0
India,Haryana,Ambala,"Patti Mehar, Ambala - HSPCB",2025-11-18 17:00:00,30.379589,76.778328,6,31.0,32.0,31.0
India,Haryana,Ambala,"Patti Mehar, Ambala - HSPCB",2025-11-18 17:00:00,30.379589,76.778328,3,48.0,52.0,50.0
India,Haryana,Bahadurgarh,"Arya Nagar, Bahadurgarh - HSPCB",2025-11-18 17:00:00,28.6701,76.9254,6,6.0,7.0,7.0
India,Haryana,Palwal,"Shyam Nagar, Palwal - HSPCB",2025-11-18 17:00:00,28.1485564,77.3320667,1,8.0,9.0,9.0
India,Haryana,Palwal,"Shyam Nagar, Palwal - HSPCB",2025-11-18 17:00:00,28.1485564,77.3320667,3,23.0,25.0,24.0
India,Haryana,Panchgaon,"Amity University, Panchgaon - IITM",2025-11-18 17:00:00,28.3153,76.9143,5,52.0,232.0,89.0
India,Haryana,Narnaul,"Shastri Nagar, Narnaul - HSPCB",2025-11-18 17:00:00,28.060249,76.113115,5,134.0,312.0,263.0
India,Haryana,Narnaul,"Shastri Nagar, Narnaul - HSPCB",2025-11-18 17:00:00,28.060249,76.113115,0,18.0,42.0,29.0
India,Haryana,Narnaul,"Shastri Nagar, Narnaul - HSPCB",2025-11-18 17:00:00,28.060249,76.113115,3,16.0,81.0,69.0
India,Haryana,Kurukshetra,"Sector-7, Kurukshetra - HSPCB",2025-11-18 17:00:00,29.966942,76.875879,2,16.0,21.0,18.0
India,Haryana,Manesar,"Sector-2 IMT, Manesar - HSPCB",2025-11-18 17:00:00,28.360699,76.93609,3,7.0,33.0,23.0
India,Haryana,Panchkula,"Sector-6, Panchkula - HSPCB ",2025-11-18 17:00:00,30.7057778,76.85318056,6,8.0,9.0,9.0
India,Haryana,Panchkula,"Sector-6, Panchkula - HSPCB ",2025-11-18 17:00:00,30.7057778,76.85318056,3,14.0,36.0,25.0
India,Haryana,Gurugram,"Vikas Sadan, Gurugram - HSPCB",2025-11-18 17:00:00,28.4501238,77.0263051,6,3.0,8.0,5.0
India,Haryana,Karnal,"Sector-12, Karnal - HSPCB",2025-11-18 17:00:00,29.6953,77.0027,4,69.0,174.0,140.0
India,Karnataka,Bengaluru,"BTM Layout, Bengaluru - CPCB",2025-11-18 17:00:00,12.9135218,77.5950804,5,44.0,81.0,58.0
India,Karnataka,Bengaluru,"BTM Layout, Bengaluru - CPCB",2025-11-18 17:00:00,12.9135218,77.5950804,2,60.0,82.0,68.0
India,Karnataka,Bengaluru,"BTM Layout, Bengaluru - CPCB",2025-11-18 17:00:00,12.9135218,77.5950804,1,4.0,7.0,5.0
India,Karnataka,Bengaluru,"BWSSB Kadabesanahalli, Bengaluru - CPCB",2025-11-18 17:00:00,12.9352049,77.6814488,3,29.0,29.0,29.0
India,Karnataka,Bengaluru,"Hebbal, Bengaluru - KSPCB",2025-11-18 17:00:00,13.029152,77.585901,4,56.0,103.0,81.0
India,Karnataka,Bengaluru,"Hebbal, Bengaluru - KSPCB",2025-11-18 17:00:00,13.029152,77.585901,1,1.0,2.0,1.0
India,Karnataka,Bengaluru,"Hebbal, Bengaluru - KSPCB",2025-11-18 17:00:00,13.029152,77.585901,3,8.0,12.0,9.0
India,Karnataka,Bengaluru,"Hombegowda Nagar, Bengaluru - KSPCB",2025-11-18 17:00:00,12.938539,77.5901,4,56.0,109.0,89.0
India,Karnataka,Koppal,"Diwator Nagar, Koppal - KSPCB",2025-11-18 17:00:00,15.34763,76.181767,0,26.0,34.0,31.0
India,Karnataka,Koppal,"Diwator Nagar, Koppal - KSPCB",2025-11-18 17:00:00,15.34763,76.181767,3,8.0,13.0,9.0
India,Karnataka,Madikeri,"Stuart Hill, Madikeri - KSPCB",2025-11-18 17:00:00,12.415911,75.73505,5,16.0,46.0,34.0
India,Karnataka,Madikeri,"Stuart Hill, Madikeri - KSPCB",2025-11-18 17:00:00,12.415911,75.73505,6,7.0,7.0,7.0
India,Karnataka,Madikeri,"Stuart Hill, Madikeri - KSPCB",2025-11-18 17:00:00,12.415911,75.73505,3,3.0,7.0,5.0
India,Karnataka,Mangalore,"Kadri, Mangalore - KSPCB",2025-11-18 17:00:00,12.88925,74.853,6,15.0,15.0,15.0
India,Karnataka,Mangalore,"Kadri, Mangalore - KSPCB",2025-11-18 17:00:00,12.88925,74.853,3,4.0,43.0,26.0
India,Karnataka,Bengaluru,"Kasturi Nagar, Bengaluru - KSPCB",2025-11-18 17:00:00,13.003872,77.664217,6,10.0,12.0,11.0
India,Karnataka,Bengaluru,"Peenya, Bengaluru - CPCB",2025-11-18 17:00:00,13.0270199,77.494094,5,18.0,64.0,35.0
India,Karnataka,Bengaluru,"Peenya, Bengaluru - CPCB",2025-11-18 17:00:00,13.0270199,77.494094,3,22.0,23.0,22.0
India,Karnataka,Bengaluru,"RVCE-Mailasandra, Bengaluru - KSPCB",2025-11-18 17:00:00,12.921418,77.502466,4,99.0,150.0,123.0
India,Karnataka,Bengaluru,"Sanegurava Halli, Bengaluru - KSPCB",2025-11-18 17:00:00,12.990328,77.5431385,6,7.0,7.0,7.0
India,Karnataka,Chikkamagaluru,"Kalyana Nagara, Chikkamagaluru - KSPCB",2025-11-18 17:00:00,13.328028,75.797056,6,6.0,7.0,6.0
India,Karnataka,Davanagere,"Devaraj Urs Badavane, Davanagere - KSPCB",2025-11-18 17:00:00,14.4758,75.9052,6,6.0,7.0,6.0
India,Karnataka,Dharwad,"Kalabhavan, Dharwad - KSPCB",2025-11-18 17:00:00,15.459706,75.008381,1,5.0,6.0,5.0
India,Karnataka,Gadag,"Panchal Nagar, Gadag - KSPCB",2025-11-18 17:00:00,15.411456,75.638133,1,3.0,50.0,6.0
India,Karnataka,Hubballi,"Lingaraj Nagar, Hubballi - KSPCB",2025-11-18 17:00:00,15.3714823,75.1160168,2,10.0,13.0,11.0
India,Karnataka,Kalaburagi,"Lal Bahadur Shastri Nagar, Kalaburagi - KSPCB",2025-11-18 17:00:00,17.321993,76.822628,2,12.0,12.0,12.0
India,Karnataka,Kalaburagi,"Mahatma Basaveswar Colony, Kalaburgi - KSPCB",2025-11-18 17:00:00,17.336318,76.847397,5,17.0,44.0,28.0
India,Haryana,Sirsa,"F-Block, Sirsa - HSPCB",2025-11-18 17:00:00,29.5364,75.0158,3,51.0,63.0,59.0
India,Haryana,Yamuna Nagar,"Gobind Pura, Yamuna Nagar - HSPCB",2025-11-18 17:00:00,30.1480566,77.2893471,5,51.0,63.0,59.0
India,Jammu_and_Kashmir,Srinagar,"Rajbagh, Srinagar - JKSPCB",2025-11-18 17:00:00,34.066206,74.81982,5,45.0,104.0,81.0
India,Karnataka,Bengaluru,"Hombegowda Nagar, Bengaluru - KSPCB",2025-11-18 17:00:00,12.938539,77.5901,0,14.0,32.0,22.0
India,Karnataka,Bengaluru,"Jigani, Bengaluru - KSPCB",2025-11-18 17:00:00,12.7816279,77.6299145,6,18.0,18.0,18.0
India,Karnataka,Bengaluru,"Kasturi Nagar, Bengaluru - KSPCB",2025-11-18 17:00:00,13.003872,77.664217,4,68.0,70.0,69.0
India,Karnataka,Bengaluru,"Shivapura_Peenya, Bengaluru - KSPCB",2025-11-18 17:00:00,13.0246342,77.5080115,0,48.0,56.0,51.0
India,Karnataka,Chamarajanagar,"Urban, Chamarajanagar - KSPCB",2025-11-18 17:00:00,11.55358,76.55521,5,19.0,43.0,27.0
India,Karnataka,Bagalkot,"Vidayagiri, Bagalkot - KSPCB",2025-11-18 17:00:00,16.172806,75.659694,5,35.0,36.0,35.0
India,Karnataka,Udupi,"Brahmagiri, Udupi - KSPCB",2025-11-18 17:00:00,13.34194444,74.74694444,2,5.0,15.0,10.0
India,Karnataka,Udupi,"Brahmagiri, Udupi - KSPCB",2025-11-18 17:00:00,13.34194444,74.74694444,6,8.0,9.0,8.0
India,Karnataka,Udupi,"Brahmagiri, Udupi - KSPCB",2025-11-18 17:00:00,13.34194444,74.74694444,3,8.0,8.0,8.0
India,Karnataka,Vijayapura,"Ibrahimpur, Vijayapura - KSPCB",2025-11-18 17:00:00,16.802639,75.722694,3,14.0,17.0,16.0
India,Karnataka,Yadgir,"Collector Office, Yadgir - KSPCB",2025-11-18 17:00:00,16.7602,77.1428,4,66.0,124.0,100.0
India,Karnataka,Yadgir,"Collector Office, Yadgir - KSPCB",2025-11-18 17:00:00,16.7602,77.1428,2,16.0,36.0,21.0
India,Kerala,Eloor,"Udyogamandal, Eloor - Kerala PCB",2025-11-18 17:00:00,10.073232,76.302765,5,54.0,86.0,70.0
India,Kerala,Thiruvananthapuram,"Plammoodu, Thiruvananthapuram - Kerala PCB",2025-11-18 17:00:00,8.5149093,76.9435879,1,3.0,12.0,5.0
India,Kerala,Thiruvananthapuram,"Plammoodu, Thiruvananthapuram - Kerala PCB",2025-11-18 17:00:00,8.5149093,76.9435879,0,10.0,40.0,23.0
India,Kerala,Thrissur,"Corporation Ground, Thrissur - Kerala PCB",2025-11-18 17:00:00,10.5324,76.2159,4,47.0,56.0,52.0
India,Kerala,Thrissur,"Corporation Ground, Thrissur - Kerala PCB",2025-11-18 17:00:00,10.5324,76.2159,2,6.0,7.0,7.0
India,Kerala,Thrissur,"Corporation Ground, Thrissur - Kerala PCB",2025-11-18 17:00:00,10.5324,76.2159,0,4.0,6.0,6.0
India,Madhya Pradesh,Bhopal,"Idgah Hills, Bhopal - MPPCB",2025-11-18 17:00:00,23.264759,77.381568,5,82.0,358.0,216.0
India,Madhya Pradesh,Indore,"Residency Area, Indore - IMC",2025-11-18 17:00:00,22.7084,75.8815,0,16.0,30.0,17.0
India,Madhya Pradesh,Jabalpur,"Govindh Bhavan Colony, Jabalpur - JMC",2025-11-18 17:00:00,23.163174,79.973061,4,78.0,129.0,105.0
India,Madhya Pradesh,Jabalpur,"Gupteshwar, Jabalpur - JMC",2025-11-18 17:00:00,23.142888,79.916147,2,21.0,142.0,53.0
India,Madhya Pradesh,Jabalpur,"Gupteshwar, Jabalpur - JMC",2025-11-18 17:00:00,23.142888,79.916147,1,10.0,15.0,12.0
India,Madhya Pradesh,Jabalpur,"Gupteshwar, Jabalpur - JMC",2025-11-18 17:00:00,23.142888,79.916147,3,1.0,113.0,85.0
India,Madhya Pradesh,Indore,"Chhoti Gwaltoli, Indore - MPPCB",2025-11-18 17:00:00,22.431,75.5213,4,76.0,289.0,144.0
India,Madhya Pradesh,Indore,"Chhoti Gwaltoli, Indore - MPPCB",2025-11-18 17:00:00,22.431,75.5213,6,7.0,29.0,13.0
India,Madhya Pradesh,Indore,"Maguda Nagar, Indore - IMC",2025-11-18 17:00:00,22.7524,75.8872,4,36.0,169.0,74.0
India,Madhya Pradesh,Indore,"Maguda Nagar, Indore - IMC",2025-11-18 17:00:00,22.7524,75.8872,0,27.0,60.0,30.0
India,Madhya Pradesh,Indore,"Maguda Nagar, Indore - IMC",2025-11-18 17:00:00,22.7524,75.8872,3,8.0,26.0,14.0
India,Madhya Pradesh,Indore,"Regional Park, Indore - IMC",2025-11-18 17:00:00,22.678,75.8559,1,8.0,26.0,14.0
India,Karnataka,Mysuru,"Hebbal 1st Stage, Mysuru - KSPCB",2025-11-18 17:00:00,12.21041,76.37376,3,17.0,73.0,51.0
India,Karnataka,Shivamogga,"Vinoba Nagara, Shivamogga - KSPCB",2025-11-18 17:00:00,13.94,75.555917,1,3.0,4.0,4.0
India,Karnataka,Shivamogga,"Vinoba Nagara, Shivamogga - KSPCB",2025-11-18 17:00:00,13.94,75.555917,6,2.0,5.0,4.0
India,Karnataka,Tumakuru,"Thimmalapura, Tumakuru - KSPCB",2025-11-18 17:00:00,13.377516,77.099072,1,2.0,5.0,4.0
India,Madhya Pradesh,Bhopal,"T T Nagar, Bhopal - MPPCB",2025-11-18 17:00:00,23.233584,77.400574,0,61.0,131.0,69.0
India,Madhya Pradesh,Bhopal,"T T Nagar, Bhopal - MPPCB",2025-11-18 17:00:00,23.233584,77.400574,3,5.0,172.0,139.0
India,Madhya Pradesh,Damoh,"Shrivastav Colony, Damoh - MPPCB",2025-11-18 17:00:00,23.81748678,79.446246,4,24.0,86.0,43.0
India,Madhya Pradesh,Jabalpur,"Marhatal, Jabalpur - MPPCB",2025-11-18 17:00:00,23.168606,79.932247,2,25.0,179.0,80.0
India,Madhya Pradesh,Katni,"Gole Bazar, Katni - MPPCB",2025-11-18 17:00:00,23.50016,80.23284,0,29.0,138.0,37.0
India,Madhya Pradesh,Katni,"Gole Bazar, Katni - MPPCB",2025-11-18 17:00:00,23.50016,80.23284,3,12.0,171.0,151.0
India,Kerala,Kannur,"Thavakkara, Kannur - Kerala PCB",2025-11-18 17:00:00,11.875,75.3732,6,5.0,6.0,6.0
India,Kerala,Kannur,"Thavakkara, Kannur - Kerala PCB",2025-11-18 17:00:00,11.875,75.3732,0,16.0,17.0,16.0
India,Kerala,Kollam,"Polayathode, Kollam - Kerala PCB",2025-11-18 17:00:00,8.8787,76.6073,6,2.0,3.0,3.0
India,Madhya Pradesh,Gwalior,"City Center, Gwalior - MPPCB",2025-11-18 17:00:00,26.203442,78.193251,5,98.0,342.0,208.0
India,Madhya Pradesh,Gwalior,"Deen Dayal Nagar, Gwalior - MPPCB",2025-11-18 17:00:00,26.259242,78.216432,0,20.0,136.0,37.0
India,Maharashtra,Amravati,"Shri Shivaji Science College, Amravati - MPCB",2025-11-18 17:00:00,20.939198,77.765701,2,9.0,104.0,34.0
India,Maharashtra,Amravati,"Shri Shivaji Science College, Amravati - MPCB",2025-11-18 17:00:00,20.939198,77.765701,6,4.0,32.0,8.0
India,Maharashtra,Amravati,"Shri Shivaji Science College, Amravati - MPCB",2025-11-18 17:00:00,20.939198,77.765701,0,28.0,110.0,34.0
India,Maharashtra,Amravati,"Shri Shivaji Science College, Amravati - MPCB",2025-11-18 17:00:00,20.939198,77.765701,3,2.0,96.0,87.0
India,Maharashtra,Aurangabad,"MIDC Chilkalthana, Aurangabad - MPCB",2025-11-18 17:00:00,19.87562,75.38731,4,28.0,139.0,105.0
India,Maharashtra,Aurangabad,"MIDC Chilkalthana, Aurangabad - MPCB",2025-11-18 17:00:00,19.87562,75.38731,0,34.0,68.0,45.0
India,Maharashtra,Aurangabad,"MIDC Chilkalthana, Aurangabad - MPCB",2025-11-18 17:00:00,19.87562,75.38731,3,1.0,81.0,61.0
India,Maharashtra,Aurangabad,"Rachnakar Colony, Aurangabad - MPCB",2025-11-18 17:00:00,19.863756,75.321188,5,53.0,177.0,91.0
India,Maharashtra,Jalgaon,"Prabhat Colony, Jalgaon - MPCB",2025-11-18 17:00:00,21.001264,75.565602,4,70.0,234.0,118.0
India,Maharashtra,Jalgaon,"Prabhat Colony, Jalgaon - MPCB",2025-11-18 17:00:00,21.001264,75.565602,6,10.0,25.0,14.0
India,Maharashtra,Jalna,"Old MIDC, Jalna - MPCB",2025-11-18 17:00:00,19.854616,75.905894,3,7.0,57.0,50.0
India,Maharashtra,Kalyan,"Khadakpada, Kalyan - MPCB",2025-11-18 17:00:00,19.25292,73.142019,0,65.0,101.0,67.0
India,Maharashtra,Kalyan,"Khadakpada, Kalyan - MPCB",2025-11-18 17:00:00,19.25292,73.142019,3,8.0,9.0,9.0
India,Maharashtra,Aurangabad,"Rachnakar Colony, Aurangabad - MPCB",2025-11-18 17:00:00,19.863756,75.321188,3,8.0,81.0,65.0
India,Maharashtra,Badlapur,"Katrap, Badlapur - MPCB",2025-11-18 17:00:00,19.16485,73.23409,4,94.0,167.0,127.0
India,Maharashtra,Badlapur,"Katrap, Badlapur - MPCB",2025-11-18 17:00:00,19.16485,73.23409,6,8.0,45.0,16.0
India,Maharashtra,Belapur,"CBD Belapur, Belapur - MPCB",2025-11-18 17:00:00,19.0243902,73.0406721,4,42.0,203.0,163.0
India,Madhya Pradesh,Maihar,"Sahilara, Maihar - KJS Cements",2025-11-18 17:00:00,24.2613009,80.7231783,2,38.0,83.0,50.0
India,Madhya Pradesh,Pithampur,"Sector-2 Industrial Area, Pithampur - MPPCB",2025-11-18 17:00:00,22.624758,75.675238,3,28.0,95.0,42.0
India,Madhya Pradesh,Ratlam,"Shasthri Nagar, Ratlam - IPCA Lab",2025-11-18 17:00:00,23.331731,75.045981,5,59.0,212.0,124.0
India,Maharashtra,Kalyan,"Pimpleshwar Mandir, Kalyan - MPCB",2025-11-18 17:00:00,19.192056,72.9585188,3,5.0,94.0,64.0
India,Maharashtra,Kolhapur,"Shivaji University, Kolhapur - MPCB",2025-11-18 17:00:00,16.6870449,74.2505872,3,1.0,54.0,45.0
India,Maharashtra,Kolhapur,"Sinchan Bhavan, Kolhapur - MPCB",2025-11-18 17:00:00,16.7143745,74.2426398,5,23.0,78.0,58.0
India,Maharashtra,Kolhapur,"Sinchan Bhavan, Kolhapur - MPCB",2025-11-18 17:00:00,16.7143745,74.2426398,6,2.0,10.0,5.0
India,Madhya Pradesh,Sagar,"Deen Dayal Nagar, Sagar - MPPCB",2025-11-18 17:00:00,23.8640158,78.80289321,4,61.0,205.0,126.0
India,Madhya Pradesh,Singrauli,"Suryakiran Bhawan NCL, Singrauli - MPPCB",2025-11-18 17:00:00,24.10897,82.64558,5,51.0,167.0,86.0
India,Madhya Pradesh,Singrauli,"Suryakiran Bhawan NCL, Singrauli - MPPCB",2025-11-18 17:00:00,24.10897,82.64558,2,43.0,151.0,83.0
India,Madhya Pradesh,Singrauli,"Suryakiran Bhawan NCL, Singrauli - MPPCB",2025-11-18 17:00:00,24.10897,82.64558,1,11.0,18.0,16.0
India,Maharashtra,Bhiwandi,"Gokul Nagar, Bhiwandi - MPCB",2025-11-18 17:00:00,19.309073,73.057223,5,76.0,238.0,161.0
India,Maharashtra,Bhiwandi,"Gokul Nagar, Bhiwandi - MPCB",2025-11-18 17:00:00,19.309073,73.057223,2,10.0,33.0,24.0
India,Maharashtra,Bhiwandi,"Gokul Nagar, Bhiwandi - MPCB",2025-11-18 17:00:00,19.309073,73.057223,6,3.0,16.0,11.0
India,Maharashtra,Boisar,"Khaira, Boisar - MPCB",2025-11-18 17:00:00,19.786089,72.757971,1,4.0,8.0,5.0
India,Maharashtra,Chandrapur,"Chauhan Colony, Chandrapur - MPCB",2025-11-18 17:00:00,19.9629,79.298714,1,2.0,2.0,2.0
India,Maharashtra,Chandrapur,"MIDC Khutala, Chandrapur - MPCB",2025-11-18 17:00:00,19.9775302,79.2337086,2,5.0,48.0,25.0
India,Maharashtra,Dhule,"Deopur, Dhule - MPCB",2025-11-18 17:00:00,20.918946,74.776388,3,8.0,61.0,35.0
India,Maharashtra,Akola,"Ramdaspeth, Akola - MPCB",2025-11-18 17:00:00,20.719516,77.000253,1,4.0,15.0,8.0
India,Maharashtra,Akola,"Ramdaspeth, Akola - MPCB",2025-11-18 17:00:00,20.719516,77.000253,6,10.0,25.0,15.0
India,Maharashtra,Amravati,"Shivneri Colony, Amravati - MPCB",2025-11-18 17:00:00,20.9402359,77.7895248,5,77.0,145.0,98.0
India,Maharashtra,Mahad,"Kamble Tarf Birwadi, Mahad - MPCB",2025-11-18 17:00:00,18.1023399,73.4783687,0,2.0,33.0,14.0
India,Maharashtra,Malegaon,"Mahesh Nagar, Malegaon - MPCB",2025-11-18 17:00:00,20.555712,74.529236,2,21.0,102.0,44.0
India,Maharashtra,Malegaon,"Mahesh Nagar, Malegaon - MPCB",2025-11-18 17:00:00,20.555712,74.529236,6,1.0,27.0,7.0
India,Maharashtra,Malegaon,"Mahesh Nagar, Malegaon - MPCB",2025-11-18 17:00:00,20.555712,74.529236,3,9.0,55.0,30.0
India,Maharashtra,Mira-Bhayandar,"Bhayandar West, Mira-Bhayandar - MPCB",2025-11-18 17:00:00,19.296481,72.840923,2,18.0,85.0,49.0
India,Maharashtra,Mumbai,"Bandra Kurla Complex, Mumbai - MPCB",2025-11-18 17:00:00,19.065931,72.862131,4,100.0,132.0,118.0
India,Maharashtra,Mumbai,"Bandra Kurla Complex, Mumbai - MPCB",2025-11-18 17:00:00,19.065931,72.862131,1,1.0,22.0,10.0
India,Maharashtra,Mumbai,"Bandra Kurla Complex, Mumbai - MPCB",2025-11-18 17:00:00,19.065931,72.862131,6,3.0,8.0,5.0
India,Maharashtra,Mumbai,"Borivali East, Mumbai - MPCB",2025-11-18 17:00:00,19.2243333,72.8658113,2,3.0,27.0,10.0
India,Maharashtra,Mumbai,"Borivali East, Mumbai - MPCB",2025-11-18 17:00:00,19.2243333,72.8658113,1,1.0,2.0,2.0
India,Maharashtra,Mumbai,"Borivali East, Mumbai - MPCB",2025-11-18 17:00:00,19.2243333,72.8658113,3,3.0,18.0,6.0
India,Maharashtra,Mumbai,"Byculla, Mumbai - BMC",2025-11-18 17:00:00,18.9767,72.838,2,41.0,143.0,83.0
India,Maharashtra,Mumbai,"Byculla, Mumbai - BMC",2025-11-18 17:00:00,18.9767,72.838,0,32.0,90.0,48.0
India,Maharashtra,Mumbai,"Chakala-Andheri East, Mumbai - IITM",2025-11-18 17:00:00,19.11074,72.86084,5,138.0,206.0,176.0
India,Maharashtra,Mumbai,"Chembur, Mumbai - MPCB",2025-11-18 17:00:00,19.0364585,72.8954371,4,93.0,147.0,127.0
India,Maharashtra,Mumbai,"Mindspace-Malad West, Mumbai - MPCB",2025-11-18 17:00:00,19.1878657,72.8304069,1,6.0,34.0,13.0
India,Maharashtra,Mumbai,"Mindspace-Malad West, Mumbai - MPCB",2025-11-18 17:00:00,19.1878657,72.8304069,3,3.0,111.0,82.0
India,Maharashtra,Mumbai,"Mulund West, Mumbai - MPCB",2025-11-18 17:00:00,19.175,72.9419,6,3.0,111.0,82.0
India,Maharashtra,Mumbai,"Navy Nagar-Colaba, Mumbai - IITM",2025-11-18 17:00:00,18.897756,72.81332,2,28.0,173.0,90.0
India,Maharashtra,Mumbai,"Malad West, Mumbai - IITM",2025-11-18 17:00:00,19.19709,72.82204,4,132.0,246.0,170.0
India,Maharashtra,Mumbai,"Malad West, Mumbai - IITM",2025-11-18 17:00:00,19.19709,72.82204,2,24.0,120.0,56.0
India,Maharashtra,Mumbai,"Mazgaon, Mumbai - IITM",2025-11-18 17:00:00,18.96702,72.84214,5,138.0,306.0,234.0
India,Maharashtra,Mumbai,"Mazgaon, Mumbai - IITM",2025-11-18 17:00:00,18.96702,72.84214,1,8.0,15.0,12.0
India,Maharashtra,Mumbai,"Mazgaon, Mumbai - IITM",2025-11-18 17:00:00,18.96702,72.84214,6,12.0,29.0,18.0
India,Maharashtra,Mumbai,"Deonar, Mumbai - IITM",2025-11-18 17:00:00,19.04946,72.923,0,20.0,115.0,34.0
India,Maharashtra,Mumbai,"Kandivali East, Mumbai - MPCB",2025-11-18 17:00:00,19.2058,72.8682,4,100.0,274.0,141.0
India,Maharashtra,Mumbai,"Kandivali East, Mumbai - MPCB",2025-11-18 17:00:00,19.2058,72.8682,2,6.0,13.0,8.0
India,Maharashtra,Mumbai,"Chhatrapati Shivaji Intl. Airport (T2), Mumbai - MPCB",2025-11-18 17:00:00,19.10078,72.87462,1,1.0,1.0,1.0
India,Maharashtra,Mumbai,"Colaba, Mumbai - MPCB",2025-11-18 17:00:00,18.91,72.82,6,1.0,1.0,1.0
India,Maharashtra,Mumbai,"Kherwadi_Bandra East, Mumbai - MPCB",2025-11-18 17:00:00,19.0632143,72.8456324,2,9.0,67.0,41.0
India,Maharashtra,Mumbai,"Khindipada-Bhandup West, Mumbai - IITM",2025-11-18 17:00:00,19.1653323,72.922099,6,6.0,24.0,15.0
India,Maharashtra,Mahad,"Kamble Tarf Birwadi, Mahad - MPCB",2025-11-18 17:00:00,18.1023399,73.4783687,4,47.0,262.0,112.0
India,Maharashtra,Mahad,"Kamble Tarf Birwadi, Mahad - MPCB",2025-11-18 17:00:00,18.1023399,73.4783687,2,9.0,57.0,24.0
India,Maharashtra,Nagpur,"Ram Nagar, Nagpur - MPCB",2025-11-18 17:00:00,21.143383,79.048912,4,131.0,176.0,147.0
India,Maharashtra,Nagpur,"Ram Nagar, Nagpur - MPCB",2025-11-18 17:00:00,21.143383,79.048912,2,15.0,69.0,33.0
India,Maharashtra,Nagpur,"Ram Nagar, Nagpur - MPCB",2025-11-18 17:00:00,21.143383,79.048912,6,17.0,117.0,34.0
India,Maharashtra,Nanded,"Sneh Nagar, Nanded - MPCB",2025-11-18 17:00:00,19.173852,77.296291,5,106.0,294.0,206.0
India,Maharashtra,Nashik,"Gangapur Road, Nashik - MPCB",2025-11-18 17:00:00,20.0073285,73.7762427,2,5.0,7.0,5.0
India,Maharashtra,Nashik,"Gangapur Road, Nashik - MPCB",2025-11-18 17:00:00,20.0073285,73.7762427,0,32.0,34.0,33.0
India,Maharashtra,Nashik,"Hirawadi, Nashik - MPCB",2025-11-18 17:00:00,20.021503,73.813844,5,87.0,188.0,144.0
India,Maharashtra,Nagpur,"Ambazari, Nagpur - MPCB",2025-11-18 17:00:00,21.121801,79.04952,5,74.0,234.0,155.0
India,Maharashtra,Nagpur,"Ambazari, Nagpur - MPCB",2025-11-18 17:00:00,21.121801,79.04952,0,24.0,75.0,29.0
India,Maharashtra,Nagpur,"Mahal, Nagpur - MPCB",2025-11-18 17:00:00,21.14472,79.107595,5,112.0,303.0,191.0
India,Maharashtra,Nagpur,"Opp GPO Civil Lines, Nagpur - MPCB",2025-11-18 17:00:00,21.152875,79.0517531,4,98.0,158.0,129.0
India,Maharashtra,Nagpur,"Opp GPO Civil Lines, Nagpur - MPCB",2025-11-18 17:00:00,21.152875,79.0517531,2,21.0,103.0,47.0
India,Maharashtra,Nagpur,"Opp GPO Civil Lines, Nagpur - MPCB",2025-11-18 17:00:00,21.152875,79.0517531,1,1.0,5.0,3.0
India,Maharashtra,Navi Mumbai,"Sector-2E Kalamboli, Navi Mumbai - MPCB",2025-11-18 17:00:00,19.02579,73.10297,5,80.0,298.0,192.0
India,Maharashtra,Navi Mumbai,"Sector-2E Kalamboli, Navi Mumbai - MPCB",2025-11-18 17:00:00,19.02579,73.10297,4,64.0,233.0,140.0
India,Maharashtra,Navi Mumbai,"Sector-2E Kalamboli, Navi Mumbai - MPCB",2025-11-18 17:00:00,19.02579,73.10297,2,14.0,147.0,48.0
India,Maharashtra,Navi Mumbai,"Sector-2E Kalamboli, Navi Mumbai - MPCB",2025-11-18 17:00:00,19.02579,73.10297,3,1.0,70.0,48.0
India,Maharashtra,Navi Mumbai,"Tondare-Taloja, Navi Mumbai - MPCB",2025-11-18 17:00:00,19.063,73.1209,5,56.0,208.0,121.0
India,Maharashtra,Mumbai,"Shivaji Nagar, Mumbai - BMC",2025-11-18 17:00:00,19.060498,72.923356,0,56.0,208.0,121.0
India,Maharashtra,Mumbai,"Siddharth Nagar-Worli, Mumbai - IITM",2025-11-18 17:00:00,19.000083,72.813993,4,79.0,146.0,119.0
India,Maharashtra,Mumbai,"Siddharth Nagar-Worli, Mumbai - IITM",2025-11-18 17:00:00,19.000083,72.813993,1,3.0,7.0,5.0
India,Maharashtra,Mumbai,"Siddharth Nagar-Worli, Mumbai - IITM",2025-11-18 17:00:00,19.000083,72.813993,0,6.0,57.0,24.0
India,Maharashtra,Mumbai,"Sion, Mumbai - MPCB",2025-11-18 17:00:00,19.047,72.8746,6,10.0,10.0,10.0
India,Maharashtra,Nashik,"Hirawadi, Nashik - MPCB",2025-11-18 17:00:00,20.021503,73.813844,0,38.0,70.0,41.0
India,Maharashtra,Nashik,"MIDC Ambad, Nashik - MPCB",2025-11-18 17:00:00,19.95022,73.73148,5,80.0,127.0,98.0
India,Maharashtra,Navi Mumbai,"Kopripada-Vashi, Navi Mumbai - MPCB",2025-11-18 17:00:00,19.090337,73.014232,4,89.0,196.0,130.0
India,Maharashtra,Navi Mumbai,"Mahape, Navi Mumbai - MPCB",2025-11-18 17:00:00,19.1135051,73.008978,3,6.0,10.0,9.0
India,Maharashtra,Navi Mumbai,"Sanpada, Navi Mumbai - MPCB",2025-11-18 17:00:00,19.0575752,73.0151367,4,78.0,135.0,117.0
India,Maharashtra,Pimpri-Chinchwad,"Savta Mali Nagar, Pimpri-Chinchwad - IITM",2025-11-18 17:00:00,18.614767,73.799516,3,5.0,72.0,63.0
India,Maharashtra,Parbhani,"Masoom Colony, Parbhani - MPCB",2025-11-18 17:00:00,19.265594,76.761463,3,10.0,10.0,10.0
India,Maharashtra,Mumbai,"Powai, Mumbai - MPCB",2025-11-18 17:00:00,19.1375,72.915056,3,9.0,9.0,9.0
India,Maharashtra,Virar,"Bolinj, Virar - MPCB",2025-11-18 17:00:00,19.445821,72.7988231,0,20.0,96.0,30.0
India,Meghalaya,Shillong,"Lumpyngngad, Shillong - Meghalaya PCB",2025-11-18 17:00:00,25.5586,91.8985,0,1.0,7.0,5.0
India,Nagaland,Kohima,"PWD Junction, Kohima - NPCB",2025-11-18 17:00:00,25.6635413,94.0989878,5,21.0,246.0,82.0
India,Odisha,Angul,"Hakimapada, Angul - OSPCB",2025-11-18 17:00:00,20.832874,85.104082,1,6.0,11.0,9.0
India,Odisha,Angul,"Hakimapada, Angul - OSPCB",2025-11-18 17:00:00,20.832874,85.104082,0,36.0,90.0,51.0
India,Odisha,Balasore,"Kalidaspur, Balasore - OSPCB",2025-11-18 17:00:00,21.51161,86.89088,5,65.0,472.0,166.0
India,Odisha,Balasore,"Kalidaspur, Balasore - OSPCB",2025-11-18 17:00:00,21.51161,86.89088,4,77.0,167.0,119.0
India,Maharashtra,Pune,"Katraj Dairy, Pune - MPCB",2025-11-18 17:00:00,18.45445,73.854155,5,77.0,167.0,119.0
India,Maharashtra,Pune,"Katraj Dairy, Pune - MPCB",2025-11-18 17:00:00,18.45445,73.854155,2,77.0,167.0,119.0
India,Maharashtra,Pune,"Katraj Dairy, Pune - MPCB",2025-11-18 17:00:00,18.45445,73.854155,0,28.0,36.0,32.0
India,Maharashtra,Pune,"Katraj Dairy, Pune - MPCB",2025-11-18 17:00:00,18.45445,73.854155,3,124.0,134.0,129.0
India,Maharashtra,Pune,"Mhada Colony, Pune - IITM",2025-11-18 17:00:00,18.57304,73.927715,5,37.0,322.0,190.0
India,Maharashtra,Pune,"Mhada Colony, Pune - IITM",2025-11-18 17:00:00,18.57304,73.927715,0,24.0,97.0,41.0
India,Maharashtra,Pune,"Revenue Colony-Shivajinagar, Pune - IITM",2025-11-18 17:00:00,18.530085,73.849598,5,127.0,316.0,236.0
India,Odisha,Balasore,"Kalidaspur, Balasore - OSPCB",2025-11-18 17:00:00,21.51161,86.89088,0,12.0,94.0,17.0
India,Odisha,Barbil,"Forest Office, Barbil - OSPCB",2025-11-18 17:00:00,22.1166054,85.3945546,2,15.0,62.0,25.0
India,Odisha,Barbil,"Forest Office, Barbil - OSPCB",2025-11-18 17:00:00,22.1166054,85.3945546,1,3.0,4.0,4.0
India,Odisha,Baripada,"Meher Colony, Baripada - OSPCB",2025-11-18 17:00:00,21.941841,86.728318,5,80.0,205.0,124.0
India,Odisha,Baripada,"Meher Colony, Baripada - OSPCB",2025-11-18 17:00:00,21.941841,86.728318,2,14.0,66.0,44.0
India,Odisha,Baripada,"Meher Colony, Baripada - OSPCB",2025-11-18 17:00:00,21.941841,86.728318,3,23.0,77.0,60.0
India,Maharashtra,Sangli,"Vijay Nagar, Sangli - MPCB",2025-11-18 17:00:00,16.5038,74.3623,6,6.0,15.0,9.0
India,Maharashtra,Solapur,"Dnyaneshwar Nagar, Solapur - MPCB",2025-11-18 17:00:00,17.6336264,75.9132495,4,80.0,142.0,109.0
India,Maharashtra,Solapur,"Dnyaneshwar Nagar, Solapur - MPCB",2025-11-18 17:00:00,17.6336264,75.9132495,0,2.0,48.0,8.0
India,Maharashtra,Solapur,"Ratandeep Housing Society, Solapur - MPCB",2025-11-18 17:00:00,17.65439,75.90649,5,95.0,173.0,132.0
India,Maharashtra,Solapur,"Ratandeep Housing Society, Solapur - MPCB",2025-11-18 17:00:00,17.65439,75.90649,3,12.0,99.0,89.0
India,Odisha,Byasanagar,"Ferro Chrome Colony, Byasanagar - OSPCB",2025-11-18 17:00:00,20.94185,86.1151,4,85.0,171.0,114.0
India,Odisha,Cuttack,"CDA Area, Cuttack - OSPCB",2025-11-18 17:00:00,20.48891,85.84768,3,4.0,176.0,121.0
India,Odisha,Keonjhar,"Jagamohanpur, Keonjhar - OSPCB",2025-11-18 17:00:00,21.6439,85.599355,5,76.0,103.0,86.0
India,Odisha,Keonjhar,"Jagamohanpur, Keonjhar - OSPCB",2025-11-18 17:00:00,21.6439,85.599355,2,17.0,73.0,39.0
India,Maharashtra,Pune,"Revenue Colony-Shivajinagar, Pune - IITM",2025-11-18 17:00:00,18.530085,73.849598,6,7.0,39.0,16.0
India,Maharashtra,Pune,"Revenue Colony-Shivajinagar, Pune - IITM",2025-11-18 17:00:00,18.530085,73.849598,0,70.0,133.0,88.0
India,Maharashtra,Pune,"Transport Nagar-Nigdi, Pune - IITM",2025-11-18 17:00:00,18.664282,73.763966,4,116.0,179.0,143.0
India,Maharashtra,Sangli,"Vijay Nagar, Sangli - MPCB",2025-11-18 17:00:00,16.5038,74.3623,4,144.0,220.0,177.0
India,Odisha,Bhubaneswar,"Patia, Bhubaneswar - OSPCB",2025-11-18 17:00:00,20.34652,85.8163,5,97.0,332.0,192.0
India,Odisha,Bhubaneswar,"Patia, Bhubaneswar - OSPCB",2025-11-18 17:00:00,20.34652,85.8163,2,14.0,100.0,40.0
India,Odisha,Bhubaneswar,"Patia, Bhubaneswar - OSPCB",2025-11-18 17:00:00,20.34652,85.8163,0,17.0,109.0,38.0
India,Odisha,Bhubaneswar,"Patia, Bhubaneswar - OSPCB",2025-11-18 17:00:00,20.34652,85.8163,3,3.0,157.0,114.0
India,Odisha,Brajrajnagar,"GM Office, Brajrajnagar - OSPCB",2025-11-18 17:00:00,21.8004996,83.8396977,3,25.0,30.0,27.0
India,Maharashtra,Thane,"Upvan Fort, Thane - MPCB",2025-11-18 17:00:00,19.222279,72.957979,2,21.0,75.0,37.0
India,Maharashtra,Ulhasnagar,"Sidhi Vinayak Nagar, Ulhasnagar - MPCB",2025-11-18 17:00:00,19.235581,73.159121,2,12.0,34.0,24.0
India,Maharashtra,Pimpri-Chinchwad,"Thergaon, Pimpri Chinchwad - MPCB",2025-11-18 17:00:00,18.616318,73.765797,2,22.0,76.0,38.0
India,Maharashtra,Pimpri-Chinchwad,"Thergaon, Pimpri Chinchwad - MPCB",2025-11-18 17:00:00,18.616318,73.765797,0,38.0,112.0,45.0
India,Odisha,Keonjhar,"Jagamohanpur, Keonjhar - OSPCB",2025-11-18 17:00:00,21.6439,85.599355,3,17.0,19.0,18.0
India,Odisha,Nayagarh,"Dabuna, Nayagarh - OSPCB",2025-11-18 17:00:00,21.847279,85.416905,2,17.0,19.0,18.0
India,Odisha,Rairangpur,"Divisional Forest Office, Rairangpur - OSPCB",2025-11-18 17:00:00,22.265816,86.174829,2,8.0,8.0,8.0
India,Odisha,Rairangpur,"Divisional Forest Office, Rairangpur - OSPCB",2025-11-18 17:00:00,22.265816,86.174829,1,1.0,1.0,1.0
India,Odisha,Rourkela,"Fertilizer Township, Rourkela - OSPCB",2025-11-18 17:00:00,22.18972222,84.86277778,6,8.0,13.0,9.0
India,Rajasthan,Bhilwara,"Pratap Nagar, Bhilwara - RSPCB",2025-11-18 17:00:00,25.339605,74.618883,1,8.0,13.0,9.0
India,Rajasthan,Bhiwadi,"RIICO Ind. Area III, Bhiwadi - RSPCB",2025-11-18 17:00:00,28.194909,76.862296,6,1.0,14.0,9.0
India,Rajasthan,Bhiwadi,"Vasundhara Nagar_UIT, Bhiwadi - RSPCB",2025-11-18 17:00:00,28.207266,76.829265,3,2.0,303.0,149.0
India,Rajasthan,Bikaner,"MM Ground, Bikaner - RSPCB",2025-11-18 17:00:00,28.018792,73.292658,5,41.0,304.0,122.0
India,Rajasthan,Bikaner,"MM Ground, Bikaner - RSPCB",2025-11-18 17:00:00,28.018792,73.292658,2,27.0,167.0,87.0
India,Odisha,Rourkela,"Raghunathpali, Rourkela - OSPCB",2025-11-18 17:00:00,22.220833,84.809444,0,31.0,100.0,36.0
India,Odisha,Rourkela,"Sector-2, Rourkela - OSPCB",2025-11-18 17:00:00,22.245,84.88111111,5,31.0,100.0,36.0
India,Odisha,Talcher,"Talcher Coalfields,Talcher - OSPCB",2025-11-18 17:00:00,20.9360711,85.1707021,3,9.0,22.0,18.0
India,Odisha,Tensa,"Barsua Iron Ore Mines, Tensa - OSPCB",2025-11-18 17:00:00,21.869985,85.167016,5,9.0,22.0,18.0
India,Odisha,Tensa,"Barsua Iron Ore Mines, Tensa - OSPCB",2025-11-18 17:00:00,21.869985,85.167016,0,42.0,57.0,51.0
India,Puducherry,Puducherry,"Jawahar Nagar, Puducherry - PPCC",2025-11-18 17:00:00,11.9309,79.8027,0,20.0,53.0,40.0
India,Punjab,Amritsar,"Golden Temple, Amritsar - PPCB",2025-11-18 17:00:00,31.62,74.876512,5,87.0,303.0,162.0
India,Punjab,Amritsar,"Golden Temple, Amritsar - PPCB",2025-11-18 17:00:00,31.62,74.876512,2,8.0,38.0,16.0
India,Punjab,Amritsar,"Golden Temple, Amritsar - PPCB",2025-11-18 17:00:00,31.62,74.876512,1,5.0,7.0,6.0
India,Rajasthan,Barmer,"Railway Colony, Barmer - RSPCB",2025-11-18 17:00:00,25.747299,71.393989,2,9.0,120.0,40.0
India,Rajasthan,Barmer,"Railway Colony, Barmer - RSPCB",2025-11-18 17:00:00,25.747299,71.393989,3,7.0,95.0,85.0
India,Rajasthan,Bhilwara,"Pratap Nagar, Bhilwara - RSPCB",2025-11-18 17:00:00,25.339605,74.618883,5,78.0,305.0,174.0
India,Punjab,Jalandhar,"Civil Line, Jalandhar - PPCB",2025-11-18 17:00:00,31.321907,75.578914,1,6.0,6.0,6.0
India,Punjab,Khanna,"Kalal Majra, Khanna - PPCB",2025-11-18 17:00:00,30.736056,76.209694,3,24.0,26.0,25.0
India,Rajasthan,Banswara,"Rati Talai, Banswara - RSPCB",2025-11-18 17:00:00,23.55519,74.44001,2,15.0,135.0,45.0
India,Rajasthan,Baran,"Bamboliya, Baran - RSPCB",2025-11-18 17:00:00,25.106006,76.469948,2,15.0,78.0,37.0
India,Punjab,Rupnagar,"Ratanpura, Rupnagar - Ambuja Cements",2025-11-18 17:00:00,31.0325454,76.5623046,4,9.0,55.0,34.0
India,Punjab,Patiala,"Model Town, Patiala - PPCB",2025-11-18 17:00:00,30.349388,76.366642,5,55.0,182.0,115.0
India,Rajasthan,Kota,"Shrinath Puram, Kota - RSPCB",2025-11-18 17:00:00,25.14389,75.821256,3,6.0,25.0,19.0
India,Rajasthan,Nagaur,"Karni Colony, Nagaur - RSPCB",2025-11-18 17:00:00,27.213494,73.734444,2,15.0,116.0,53.0
India,Rajasthan,Pali,"Indira Colony Vistar, Pali - RSPCB",2025-11-18 17:00:00,25.771061,73.340227,4,118.0,500.0,182.0
India,Rajasthan,Pali,"Indira Colony Vistar, Pali - RSPCB",2025-11-18 17:00:00,25.771061,73.340227,6,9.0,14.0,12.0
India,Rajasthan,Pratapgarh,"Pragati Nagar, Pratapgarh - RSPCB",2025-11-18 17:00:00,24.041198,74.780702,1,5.0,9.0,7.0
India,Rajasthan,Jhunjhunu,"Indra Nagar, Jhunjhunu - RSPCB",2025-11-18 17:00:00,28.108988,75.386577,2,17.0,160.0,68.0
India,Rajasthan,Jodhpur,"Collectorate, Jodhpur - RSPCB",2025-11-18 17:00:00,26.268249,73.0193853,4,102.0,452.0,267.0
India,Rajasthan,Jodhpur,"Collectorate, Jodhpur - RSPCB",2025-11-18 17:00:00,26.268249,73.0193853,1,6.0,77.0,27.0
India,Rajasthan,Jodhpur,"Collectorate, Jodhpur - RSPCB",2025-11-18 17:00:00,26.268249,73.0193853,6,9.0,16.0,14.0
India,Rajasthan,Jodhpur,"Collectorate, Jodhpur - RSPCB",2025-11-18 17:00:00,26.268249,73.0193853,0,5.0,173.0,23.0
India,Rajasthan,Jodhpur,"Digari Kalan, Jodhpur - RSPCB",2025-11-18 17:00:00,26.29581,73.082283,5,35.0,260.0,97.0
India,Rajasthan,Hanumangarh,"Housing Board, Hanumangarh - RSPCB",2025-11-18 17:00:00,29.61075,74.283608,2,13.0,65.0,36.0
India,Rajasthan,Hanumangarh,"Housing Board, Hanumangarh - RSPCB",2025-11-18 17:00:00,29.61075,74.283608,6,4.0,14.0,8.0
India,Rajasthan,Hanumangarh,"Housing Board, Hanumangarh - RSPCB",2025-11-18 17:00:00,29.61075,74.283608,0,28.0,139.0,43.0
India,Rajasthan,Jaipur,"Adarsh Nagar, Jaipur - RSPCB",2025-11-18 17:00:00,26.902909,75.836858,6,10.0,34.0,22.0
India,Rajasthan,Jaipur,"Mansarovar Sector-12, Jaipur - RSPCB",2025-11-18 17:00:00,26.843698,75.766894,5,68.0,312.0,188.0
India,Rajasthan,Jaipur,"Mansarovar Sector-12, Jaipur - RSPCB",2025-11-18 17:00:00,26.843698,75.766894,6,3.0,52.0,11.0
India,Rajasthan,Kota,"Dhanmandi, Kota - RSPCB",2025-11-18 17:00:00,25.16409,75.858137,5,103.0,348.0,232.0
India,Rajasthan,Kota,"Dhanmandi, Kota - RSPCB",2025-11-18 17:00:00,25.16409,75.858137,2,25.0,143.0,76.0
India,Rajasthan,Kota,"Dhanmandi, Kota - RSPCB",2025-11-18 17:00:00,25.16409,75.858137,6,1.0,103.0,20.0
India,Rajasthan,Kota,"Nayapura, Kota - RSPCB",2025-11-18 17:00:00,25.196024,75.855668,1,10.0,32.0,16.0
India,Rajasthan,Kota,"Nayapura, Kota - RSPCB",2025-11-18 17:00:00,25.196024,75.855668,6,1.0,10.0,5.0
India,Rajasthan,Kota,"Shrinath Puram, Kota - RSPCB",2025-11-18 17:00:00,25.14389,75.821256,1,2.0,8.0,4.0
India,Rajasthan,Jaipur,"Shastri Nagar, Jaipur - RSPCB",2025-11-18 17:00:00,26.9502929,75.730943,0,54.0,103.0,63.0
India,Rajasthan,Jaisalmer,"Sadar Bazar, Jaisalmer - RSPCB",2025-11-18 17:00:00,26.912329,70.909168,1,9.0,16.0,13.0
India,Rajasthan,Jalore,"Mudtra Sili, Jalore - RSPCB",2025-11-18 17:00:00,25.344694,72.626208,0,26.0,114.0,47.0
India,Rajasthan,Jalore,"Mudtra Sili, Jalore - RSPCB",2025-11-18 17:00:00,25.344694,72.626208,3,7.0,145.0,100.0
India,Rajasthan,Bikaner,"MM Ground, Bikaner - RSPCB",2025-11-18 17:00:00,28.018792,73.292658,0,26.0,166.0,52.0
India,Rajasthan,Bundi,"New Colony, Bundi - RSPCB",2025-11-18 17:00:00,25.435774,75.644272,0,26.0,52.0,33.0
India,Rajasthan,Chittorgarh,"Shastri Nagar, Chittorgarh - RSPCB",2025-11-18 17:00:00,24.892047,74.623527,3,1.0,106.0,73.0
India,Rajasthan,Jaipur,"Police Commissionerate, Jaipur - RSPCB",2025-11-18 17:00:00,26.9164092,75.7994901,3,5.0,71.0,64.0
India,Rajasthan,Jaipur,"RIICO Sitapura, Jaipur - RSPCB",2025-11-18 17:00:00,26.786682,75.827928,6,6.0,13.0,8.0
India,Rajasthan,Jaipur,"RIICO Sitapura, Jaipur - RSPCB",2025-11-18 17:00:00,26.786682,75.827928,0,24.0,132.0,43.0
India,Rajasthan,Dholpur,"Raja Ganj, Dholpur - RSPCB",2025-11-18 17:00:00,26.699557,77.898881,5,77.0,280.0,171.0
India,Rajasthan,Dholpur,"Raja Ganj, Dholpur - RSPCB",2025-11-18 17:00:00,26.699557,77.898881,4,75.0,159.0,121.0
India,Rajasthan,Dholpur,"Raja Ganj, Dholpur - RSPCB",2025-11-18 17:00:00,26.699557,77.898881,1,7.0,10.0,8.0
India,Rajasthan,Dholpur,"Raja Ganj, Dholpur - RSPCB",2025-11-18 17:00:00,26.699557,77.898881,0,30.0,116.0,53.0
India,Rajasthan,Jodhpur,"Mandor, Jodhpur - RSPCB",2025-11-18 17:00:00,26.358805,73.047444,4,65.0,237.0,112.0
India,Rajasthan,Jodhpur,"Samrat Ashok Udhyan, Jodhpur - RSPCB",2025-11-18 17:00:00,26.253384,72.976571,6,2.0,18.0,6.0
India,Rajasthan,Jodhpur,"Samrat Ashok Udhyan, Jodhpur - RSPCB",2025-11-18 17:00:00,26.253384,72.976571,3,5.0,193.0,152.0
India,TamilNadu,Ramanathapuram,"Chalai Bazaar, Ramanathapuram - TNPCB",2025-11-18 17:00:00,9.36399,78.831977,3,5.0,193.0,152.0
India,TamilNadu,Thoothukudi,"Meelavittan, Thoothukudi - TNPCB",2025-11-18 17:00:00,8.816428,78.099039,3,1.0,18.0,7.0
India,TamilNadu,Tiruchirappalli,"St Joseph College, Tiruchirappalli - TNPCB",2025-11-18 17:00:00,10.830158,78.691849,6,1.0,18.0,7.0
India,TamilNadu,Tirupur,"Kumaran College, Tirupur - TNPCB",2025-11-18 17:00:00,11.0973603,77.3228673,4,1.0,18.0,7.0
India,TamilNadu,Tirupur,"Kumaran College, Tirupur - TNPCB",2025-11-18 17:00:00,11.0973603,77.3228673,3,3.0,3.0,3.0
India,Telangana,Hyderabad,"Bollaram Industrial Area, Hyderabad - TSPCB",2025-11-18 17:00:00,17.540891,78.358528,4,74.0,119.0,92.0
India,Rajasthan,Udaipur,"Ashok Nagar, Udaipur - RSPCB",2025-11-18 17:00:00,24.5886166,73.6321397,3,2.0,87.0,59.0
India,TamilNadu,Ariyalur,"Keelapalur, Ariyalur - TNPCB",2025-11-18 17:00:00,11.06825,79.07033,4,2.0,87.0,59.0
India,TamilNadu,Ariyalur,"Keelapalur, Ariyalur - TNPCB",2025-11-18 17:00:00,11.06825,79.07033,6,2.0,87.0,59.0
India,TamilNadu,Chennai,"Alandur Bus Depot, Chennai - CPCB",2025-11-18 17:00:00,12.9099161,80.1076538,4,82.0,146.0,108.0
India,TamilNadu,Chennai,"Alandur Bus Depot, Chennai - CPCB",2025-11-18 17:00:00,12.9099161,80.1076538,1,2.0,7.0,3.0
India,TamilNadu,Chennai,"Gandhi Nagar_Ennore, Chennai - TNPCB",2025-11-18 17:00:00,13.218341,80.32027,1,2.0,7.0,3.0
India,TamilNadu,Chennai,"Velachery Res. Area, Chennai - CPCB",2025-11-18 17:00:00,13.0052189,80.2398125,2,13.0,19.0,15.0
India,TamilNadu,Chennai,"Velachery Res. Area, Chennai - CPCB",2025-11-18 17:00:00,13.0052189,80.2398125,1,3.0,4.0,3.0
India,TamilNadu,Coimbatore,"PSG College of Arts and Science, Coimbatore - TNPCB",2025-11-18 17:00:00,11.0328,77.0349,1,3.0,4.0,3.0
India,TamilNadu,Coimbatore,"SIDCO Kurichi, Coimbatore - TNPCB",2025-11-18 17:00:00,10.942451,76.978996,1,1.0,2.0,2.0
India,TamilNadu,Cuddalore,"Kudikadu, Cuddalore - TNPCB",2025-11-18 17:00:00,11.6829898,79.7532099,3,12.0,14.0,13.0
India,TamilNadu,Chennai,"Kodungaiyur, Chennai - TNPCB",2025-11-18 17:00:00,13.1278,80.2642,2,7.0,19.0,14.0
India,TamilNadu,Chennai,"Kodungaiyur, Chennai - TNPCB",2025-11-18 17:00:00,13.1278,80.2642,1,4.0,7.0,5.0
India,TamilNadu,Chennai,"Manali Village, Chennai - TNPCB",2025-11-18 17:00:00,13.1662,80.2584,4,8.0,86.0,52.0
India,TamilNadu,Chennai,"Manali Village, Chennai - TNPCB",2025-11-18 17:00:00,13.1662,80.2584,3,27.0,59.0,31.0
India,TamilNadu,Chennai,"Perungudi, Chennai - TNPCB",2025-11-18 17:00:00,12.9533,80.2357,2,2.0,15.0,7.0
India,TamilNadu,Chennai,"Perungudi, Chennai - TNPCB",2025-11-18 17:00:00,12.9533,80.2357,1,3.0,8.0,5.0
India,TamilNadu,Dindigul,"Mendonsa Colony, Dindigul - TNPCB",2025-11-18 17:00:00,10.358535,77.984321,4,3.0,8.0,5.0
India,TamilNadu,Dindigul,"Mendonsa Colony, Dindigul - TNPCB",2025-11-18 17:00:00,10.358535,77.984321,0,3.0,8.0,5.0
India,TamilNadu,Gummidipoondi,"Anthoni Pillai Nagar, Gummidipoondi - TNPCB",2025-11-18 17:00:00,13.4127,80.1081,2,1.0,21.0,7.0
India,TamilNadu,Madurai,"Uchapatti, Madurai - TNPCB",2025-11-18 17:00:00,9.865935,78.022669,0,9.0,11.0,10.0
India,TamilNadu,Nagapattinam,"Velippalayam, Nagapattinam - TNPCB",2025-11-18 17:00:00,10.798548,79.838212,4,9.0,11.0,10.0
India,TamilNadu,Perundurai,"SIPCOT Industrial Park, Perundurai - TNPCB",2025-11-18 17:00:00,11.258242,77.552761,1,2.0,5.0,3.0
India,TamilNadu,Pudukottai,"SIPCOT Nathampannai, Pudukottai - TNPCB",2025-11-18 17:00:00,10.423417,78.784889,5,2.0,5.0,3.0
India,Rajasthan,Sirohi,"Vedhaynath Colony, Sirohi - RSPCB",2025-11-18 17:00:00,24.885261,72.857549,4,52.0,171.0,96.0
India,Rajasthan,Tonk,"Shastri Nagar, Tonk - RSPCB",2025-11-18 17:00:00,26.159933,75.780517,6,2.0,3.0,2.0
India,Rajasthan,Pratapgarh,"Pragati Nagar, Pratapgarh - RSPCB",2025-11-18 17:00:00,24.041198,74.780702,3,26.0,157.0,153.0
India,Rajasthan,Rajsamand,"Dhoinda, Rajsamand - RSPCB",2025-11-18 17:00:00,25.03636,73.883502,4,53.0,211.0,94.0
India,Rajasthan,Sikar,"Radhakishan Pura, Sikar - RSPCB",2025-11-18 17:00:00,27.608912,75.153302,5,45.0,392.0,224.0
India,Rajasthan,Sikar,"Radhakishan Pura, Sikar - RSPCB",2025-11-18 17:00:00,27.608912,75.153302,1,7.0,21.0,14.0
India,Telangana,Hyderabad,"IDA Pashamylaram, Hyderabad - TSPCB",2025-11-18 17:00:00,17.5316895,78.218939,5,66.0,180.0,126.0
India,Telangana,Hyderabad,"IDA Pashamylaram, Hyderabad - TSPCB",2025-11-18 17:00:00,17.5316895,78.218939,2,13.0,47.0,27.0
India,Telangana,Hyderabad,"Kokapet, Hyderabad - TSPCB",2025-11-18 17:00:00,17.393559,78.339194,5,42.0,55.0,45.0
India,Telangana,Hyderabad,"Kokapet, Hyderabad - TSPCB",2025-11-18 17:00:00,17.393559,78.339194,4,100.0,144.0,115.0
India,Telangana,Hyderabad,"Kokapet, Hyderabad - TSPCB",2025-11-18 17:00:00,17.393559,78.339194,6,12.0,13.0,12.0
India,Telangana,Hyderabad,"Kompally Municipal Office, Hyderabad - TSPCB",2025-11-18 17:00:00,17.544899,78.486949,4,69.0,108.0,95.0
India,Telangana,Hyderabad,"Kompally Municipal Office, Hyderabad - TSPCB",2025-11-18 17:00:00,17.544899,78.486949,1,3.0,6.0,4.0
India,Telangana,Hyderabad,"Kompally Municipal Office, Hyderabad - TSPCB",2025-11-18 17:00:00,17.544899,78.486949,6,9.0,17.0,16.0
India,Telangana,Hyderabad,"Kompally Municipal Office, Hyderabad - TSPCB",2025-11-18 17:00:00,17.544899,78.486949,0,14.0,18.0,16.0
India,Telangana,Hyderabad,"Nacharam_TSIIC IALA, Hyderabad - TSPCB",2025-11-18 17:00:00,17.429398,78.569354,5,47.0,61.0,50.0
India,Telangana,Hyderabad,"Nacharam_TSIIC IALA, Hyderabad - TSPCB",2025-11-18 17:00:00,17.429398,78.569354,4,73.0,176.0,100.0
India,Uttar_Pradesh,Bulandshahr,"Yamunapuram, Bulandshahr - UPPCB",2025-11-18 17:00:00,28.406963,77.849831,0,40.0,126.0,57.0
India,Uttar_Pradesh,Firozabad,"Nagla Bhau, Firozabad - UPPCB",2025-11-18 17:00:00,27.168897,78.37696,5,37.0,105.0,64.0
India,Uttar_Pradesh,Firozabad,"Nagla Bhau, Firozabad - UPPCB",2025-11-18 17:00:00,27.168897,78.37696,3,10.0,23.0,14.0
India,Uttar_Pradesh,Firozabad,"Vibhab Nagar, Firozabad - UPPCB",2025-11-18 17:00:00,27.1594,78.3953,4,10.0,23.0,14.0
India,Uttar_Pradesh,Ghaziabad,"Indirapuram, Ghaziabad - UPPCB",2025-11-18 17:00:00,28.646233,77.358075,1,11.0,17.0,14.0
India,Uttar_Pradesh,Ghaziabad,"Indirapuram, Ghaziabad - UPPCB",2025-11-18 17:00:00,28.646233,77.358075,6,12.0,32.0,23.0
India,Uttar_Pradesh,Ghaziabad,"Indirapuram, Ghaziabad - UPPCB",2025-11-18 17:00:00,28.646233,77.358075,3,12.0,165.0,83.0
India,Uttar_Pradesh,Agra,"Manoharpur, Agra - UPPCB",2025-11-18 17:00:00,27.23711,78.01936,2,44.0,45.0,45.0
India,Uttar_Pradesh,Agra,"Manoharpur, Agra - UPPCB",2025-11-18 17:00:00,27.23711,78.01936,1,2.0,2.0,2.0
India,Uttar_Pradesh,Agra,"Rohta, Agra - UPPCB",2025-11-18 17:00:00,27.106972,78.000111,5,57.0,315.0,186.0
India,Uttar_Pradesh,Agra,"Rohta, Agra - UPPCB",2025-11-18 17:00:00,27.106972,78.000111,1,6.0,6.0,6.0
India,Uttar_Pradesh,Agra,"Rohta, Agra - UPPCB",2025-11-18 17:00:00,27.106972,78.000111,3,11.0,17.0,13.0
India,Uttar_Pradesh,Agra,"Sanjay Palace, Agra - UPPCB",2025-11-18 17:00:00,27.19865833,78.00598056,4,84.0,189.0,152.0
India,Uttar_Pradesh,Agra,"Sanjay Palace, Agra - UPPCB",2025-11-18 17:00:00,27.19865833,78.00598056,6,15.0,17.0,16.0
India,Uttar_Pradesh,Agra,"Sector-3B Avas Vikas Colony, Agra - UPPCB",2025-11-18 17:00:00,27.19412,77.96237,5,41.0,181.0,113.0
India,Uttar_Pradesh,Agra,"Sector-3B Avas Vikas Colony, Agra - UPPCB",2025-11-18 17:00:00,27.19412,77.96237,0,20.0,98.0,37.0
India,Uttar_Pradesh,Agra,"Sector-3B Avas Vikas Colony, Agra - UPPCB",2025-11-18 17:00:00,27.19412,77.96237,3,5.0,15.0,9.0
India,Uttar_Pradesh,Agra,"Shahjahan Garden, Agra - UPPCB",2025-11-18 17:00:00,27.169338,78.03582,0,23.0,103.0,32.0
India,Uttar_Pradesh,Baghpat,"Sardar Patel Inter College, Baghpat - UPPCB",2025-11-18 17:00:00,28.964949,77.278761,2,16.0,91.0,60.0
India,Telangana,Hyderabad,"New Malakpet, Hyderabad - TSPCB",2025-11-18 17:00:00,17.37206,78.50864,2,13.0,17.0,14.0
India,Telangana,Hyderabad,"Ramachandrapuram, Hyderabad - TSPCB",2025-11-18 17:00:00,17.528544,78.286195,5,38.0,42.0,41.0
India,Telangana,Hyderabad,"Ramachandrapuram, Hyderabad - TSPCB",2025-11-18 17:00:00,17.528544,78.286195,2,11.0,12.0,11.0
India,Telangana,Hyderabad,"Ramachandrapuram, Hyderabad - TSPCB",2025-11-18 17:00:00,17.528544,78.286195,1,3.0,3.0,3.0
India,Telangana,Hyderabad,"Ramachandrapuram, Hyderabad - TSPCB",2025-11-18 17:00:00,17.528544,78.286195,3,23.0,27.0,27.0
India,Telangana,Hyderabad,"Sanathnagar, Hyderabad - TSPCB",2025-11-18 17:00:00,17.4559458,78.4332152,5,91.0,180.0,139.0
India,Telangana,Hyderabad,"Bollaram Industrial Area, Hyderabad - TSPCB",2025-11-18 17:00:00,17.540891,78.358528,6,2.0,11.0,7.0
India,Telangana,Hyderabad,"ECIL Kapra, Hyderabad - TSPCB",2025-11-18 17:00:00,17.470431,78.566959,5,47.0,48.0,47.0
India,Telangana,Hyderabad,"ECIL Kapra, Hyderabad - TSPCB",2025-11-18 17:00:00,17.470431,78.566959,2,22.0,50.0,37.0
India,Telangana,Hyderabad,"ECIL Kapra, Hyderabad - TSPCB",2025-11-18 17:00:00,17.470431,78.566959,0,22.0,39.0,28.0
India,Uttar_Pradesh,Baghpat,"Sardar Patel Inter College, Baghpat - UPPCB",2025-11-18 17:00:00,28.964949,77.278761,1,1.0,8.0,6.0
India,Uttar_Pradesh,Bareilly,"Civil Lines, Bareilly - UPPCB",2025-11-18 17:00:00,28.359581,79.414455,4,35.0,89.0,61.0
India,Uttar_Pradesh,Ghaziabad,"Sanjay Nagar, Ghaziabad - UPPCB",2025-11-18 17:00:00,28.685382,77.453839,1,7.0,14.0,11.0
India,Uttar_Pradesh,Ghaziabad,"Vasundhara, Ghaziabad - UPPCB",2025-11-18 17:00:00,28.6603346,77.3572563,5,317.0,500.0,449.0
India,Telangana,Hyderabad,"Somajiguda, Hyderabad - TSPCB",2025-11-18 17:00:00,17.417094,78.457437,2,16.0,18.0,16.0
India,Telangana,Hyderabad,"Zoo Park, Hyderabad - TSPCB",2025-11-18 17:00:00,17.349694,78.451437,0,2.0,74.0,49.0
India,Uttar_Pradesh,Jhansi,"Shivaji Nagar, Jhansi - UPPCB",2025-11-18 17:00:00,25.4547,78.6039,4,52.0,152.0,94.0
India,Uttar_Pradesh,Jhansi,"Shivaji Nagar, Jhansi - UPPCB",2025-11-18 17:00:00,25.4547,78.6039,6,12.0,20.0,15.0
India,Uttar_Pradesh,Jhansi,"Shivaji Nagar, Jhansi - UPPCB",2025-11-18 17:00:00,25.4547,78.6039,0,20.0,110.0,29.0
India,Uttar_Pradesh,Jhansi,"Shivaji Nagar, Jhansi - UPPCB",2025-11-18 17:00:00,25.4547,78.6039,3,1.0,12.0,3.0
India,Uttar_Pradesh,Kanpur,"FTI Kidwai Nagar, Kanpur - UPPCB",2025-11-18 17:00:00,26.428282,80.327067,6,30.0,39.0,35.0
India,Uttar_Pradesh,Kanpur,"FTI Kidwai Nagar, Kanpur - UPPCB",2025-11-18 17:00:00,26.428282,80.327067,0,36.0,88.0,43.0
India,Uttar_Pradesh,Noida,"Sector-1, Noida - UPPCB",2025-11-18 17:00:00,28.5898,77.3101,0,2.0,155.0,22.0
India,Uttar_Pradesh,Noida,"Sector-116, Noida - UPPCB",2025-11-18 17:00:00,28.56923,77.393848,2,40.0,179.0,97.0
India,Uttar_Pradesh,Noida,"Sector-116, Noida - UPPCB",2025-11-18 17:00:00,28.56923,77.393848,1,8.0,15.0,12.0
India,Uttar_Pradesh,Prayagraj,"Jhunsi, Prayagraj - UPPCB",2025-11-18 17:00:00,25.425602,81.917152,4,104.0,448.0,207.0
India,Uttar_Pradesh,Prayagraj,"Jhunsi, Prayagraj - UPPCB",2025-11-18 17:00:00,25.425602,81.917152,6,7.0,19.0,9.0
India,Uttar_Pradesh,Khurja,"Kalindi Kunj, Khurja - UPPCB",2025-11-18 17:00:00,28.2348927,77.8683002,5,157.0,470.0,340.0
India,Uttar_Pradesh,Khurja,"Kalindi Kunj, Khurja - UPPCB",2025-11-18 17:00:00,28.2348927,77.8683002,4,158.0,450.0,292.0
India,Uttar_Pradesh,Khurja,"Kalindi Kunj, Khurja - UPPCB",2025-11-18 17:00:00,28.2348927,77.8683002,6,14.0,15.0,14.0
India,Uttar_Pradesh,Lucknow,"B R Ambedkar University, Lucknow - UPPCB",2025-11-18 17:00:00,26.766433,80.927299,4,99.0,190.0,137.0
India,Uttar_Pradesh,Lucknow,"B R Ambedkar University, Lucknow - UPPCB",2025-11-18 17:00:00,26.766433,80.927299,2,21.0,22.0,22.0
India,Uttar_Pradesh,Lucknow,"Kendriya Vidyalaya, Lucknow - CPCB",2025-11-18 17:00:00,26.906111,80.948222,2,43.0,50.0,47.0
India,Uttar_Pradesh,Lucknow,"Kukrail Picnic Spot-1, Lucknow - UPPCB",2025-11-18 17:00:00,26.90723,80.98579,1,5.0,5.0,5.0
India,Uttar_Pradesh,Lucknow,"Kukrail Picnic Spot-1, Lucknow - UPPCB",2025-11-18 17:00:00,26.90723,80.98579,3,7.0,30.0,21.0
India,Uttar_Pradesh,Lucknow,"Talkatora District Industries Center, Lucknow - CPCB",2025-11-18 17:00:00,26.83399722,80.8917361,5,9.0,332.0,152.0
India,Uttar_Pradesh,Moradabad,"Transport Nagar, Moradabad - UPPCB",2025-11-18 17:00:00,28.802625,78.753728,0,23.0,60.0,41.0
India,Uttar_Pradesh,Muzaffarnagar,"New Mandi, Muzaffarnagar - UPPCB",2025-11-18 17:00:00,29.4723508,77.7194031,2,27.0,158.0,70.0
India,Uttar_Pradesh,Muzaffarnagar,"New Mandi, Muzaffarnagar - UPPCB",2025-11-18 17:00:00,29.4723508,77.7194031,0,12.0,108.0,45.0
India,Uttar_Pradesh,Noida,"Sector - 125, Noida - UPPCB",2025-11-18 17:00:00,28.5447608,77.3231257,3,10.0,140.0,71.0
India,Uttar_Pradesh,Meerut,"Pallavpuram Phase 2, Meerut - UPPCB",2025-11-18 17:00:00,29.06351,77.709723,0,6.0,137.0,34.0
India,Uttar_Pradesh,Moradabad,"Buddhi Vihar, Moradabad - UPPCB",2025-11-18 17:00:00,28.83526,78.7446,0,41.0,91.0,44.0
India,Uttar_Pradesh,Moradabad,"Buddhi Vihar, Moradabad - UPPCB",2025-11-18 17:00:00,28.83526,78.7446,3,9.0,80.0,30.0
India,Uttar_Pradesh,Moradabad,"Eco Herbal Park, Moradabad - UPPCB",2025-11-18 17:00:00,28.840739,78.697531,0,10.0,64.0,36.0
India,Uttar_Pradesh,Greater Noida,"Knowledge Park - III, Greater Noida - UPPCB",2025-11-18 17:00:00,28.47272,77.482,2,50.0,211.0,124.0
India,Uttar_Pradesh,Greater Noida,"Knowledge Park - V, Greater Noida - UPPCB",2025-11-18 17:00:00,28.557054,77.453663,0,54.0,148.0,86.0
India,Uttar_Pradesh,Hapur,"Anand Vihar, Hapur - UPPCB",2025-11-18 17:00:00,28.725645,77.749675,4,147.0,432.0,313.0
India,Uttar_Pradesh,Lucknow,"Talkatora District Industries Center, Lucknow - CPCB",2025-11-18 17:00:00,26.83399722,80.8917361,1,8.0,16.0,11.0
India,Uttar_Pradesh,Meerut,"Ganga Nagar, Meerut - UPPCB",2025-11-18 17:00:00,28.999264,77.7590354,2,34.0,140.0,83.0
India,Uttar_Pradesh,Moradabad,"Employment Office, Moradabad - UPPCB",2025-11-18 17:00:00,28.88528,78.7388,0,12.0,56.0,38.0
India,Uttar_Pradesh,Moradabad,"Transport Nagar, Moradabad - UPPCB",2025-11-18 17:00:00,28.802625,78.753728,1,5.0,6.0,6.0
India,West_Bengal,Durgapur,"Womens College_City Center, Durgapur - WBPCB (Formerly known as Sidhu Kanhu Indoor Stadium)",2025-11-18 17:00:00,23.549395,87.300496,0,14.0,51.0,26.0
India,West_Bengal,Haldia,"Priyambada Housing Estate, Haldia - WBPCB",2025-11-18 17:00:00,22.06047,88.109737,2,14.0,51.0,26.0
India,West_Bengal,Haldia,"Priyambada Housing Estate, Haldia - WBPCB",2025-11-18 17:00:00,22.06047,88.109737,3,28.0,38.0,33.0
India,West_Bengal,Howrah,"Belur Math, Howrah - WBPCB",2025-11-18 17:00:00,22.629801,88.352017,4,78.0,204.0,136.0
India,West_Bengal,Howrah,"Belur Math, Howrah - WBPCB",2025-11-18 17:00:00,22.629801,88.352017,1,7.0,13.0,10.0
India,West_Bengal,Howrah,"Belur Math, Howrah - WBPCB",2025-11-18 17:00:00,22.629801,88.352017,0,9.0,80.0,19.0
India,West_Bengal,Howrah,"Belur Math, Howrah - WBPCB",2025-11-18 17:00:00,22.629801,88.352017,3,8.0,51.0,38.0
India,West_Bengal,Barrackpore,"SVSPA Campus, Barrackpore - WBPCB",2025-11-18 17:00:00,22.7605581,88.3617589,2,6.0,47.0,22.0
India,West_Bengal,Barrackpore,"SVSPA Campus, Barrackpore - WBPCB",2025-11-18 17:00:00,22.7605581,88.3617589,0,30.0,65.0,36.0
India,West_Bengal,Barrackpore,"SVSPA Campus, Barrackpore - WBPCB",2025-11-18 17:00:00,22.7605581,88.3617589,3,3.0,58.0,36.0
India,West_Bengal,Durgapur,"Mahishkapur Road_B-Zone, Durgapur - WBPCB",2025-11-18 17:00:00,23.567923,87.306843,5,22.0,142.0,76.0
India,West_Bengal,Durgapur,"Mahishkapur Road_B-Zone, Durgapur - WBPCB",2025-11-18 17:00:00,23.567923,87.306843,1,1.0,2.0,2.0
India,West_Bengal,Durgapur,"PCBL Residential Complex, Durgapur - WBPCB",2025-11-18 17:00:00,23.508764,87.35444,2,15.0,23.0,18.0
India,West_Bengal,Durgapur,"PCBL Residential Complex, Durgapur - WBPCB",2025-11-18 17:00:00,23.508764,87.35444,6,3.0,4.0,4.0
India,West_Bengal,Kolkata,"Ballygunge, Kolkata - WBPCB",2025-11-18 17:00:00,22.5367507,88.3638022,1,8.0,13.0,9.0
India,West_Bengal,Kolkata,"Ballygunge, Kolkata - WBPCB",2025-11-18 17:00:00,22.5367507,88.3638022,3,5.0,32.0,22.0
India,West_Bengal,Kolkata,"Bidhannagar, Kolkata - WBPCB",2025-11-18 17:00:00,22.58157048,88.41002457,1,4.0,14.0,8.0
India,West_Bengal,Kolkata,"Bidhannagar, Kolkata - WBPCB",2025-11-18 17:00:00,22.58157048,88.41002457,3,11.0,55.0,37.0
India,West_Bengal,Kolkata,"Fort William, Kolkata - WBPCB",2025-11-18 17:00:00,22.55664,88.342674,5,72.0,266.0,160.0
India,West_Bengal,Kolkata,"Fort William, Kolkata - WBPCB",2025-11-18 17:00:00,22.55664,88.342674,4,75.0,160.0,121.0
India,West_Bengal,Kolkata,"Jadavpur, Kolkata - WBPCB",2025-11-18 17:00:00,22.49929,88.36917,5,110.0,345.0,257.0
India,Uttar_Pradesh,Prayagraj,"Jhunsi, Prayagraj - UPPCB",2025-11-18 17:00:00,25.425602,81.917152,0,38.0,107.0,58.0
India,Uttar_Pradesh,Prayagraj,"Motilal Nehru NIT, Prayagraj - UPPCB",2025-11-18 17:00:00,25.494,81.863,4,83.0,310.0,175.0
India,Uttar_Pradesh,Prayagraj,"Motilal Nehru NIT, Prayagraj - UPPCB",2025-11-18 17:00:00,25.494,81.863,1,8.0,8.0,8.0
India,Uttar_Pradesh,Prayagraj,"Motilal Nehru NIT, Prayagraj - UPPCB",2025-11-18 17:00:00,25.494,81.863,6,27.0,48.0,33.0
India,Uttar_Pradesh,Prayagraj,"Motilal Nehru NIT, Prayagraj - UPPCB",2025-11-18 17:00:00,25.494,81.863,3,5.0,45.0,31.0
India,Uttar_Pradesh,Varanasi,"Ardhali Bazar, Varanasi - UPPCB",2025-11-18 17:00:00,25.3505986,82.9083074,4,58.0,212.0,149.0
India,Uttarakhand,Kashipur,"Govt. Girls Inter College, Kashipur - UKPCB",2025-11-18 17:00:00,29.2124114,78.9611753,5,38.0,256.0,96.0
India,Uttarakhand,Kashipur,"Govt. Girls Inter College, Kashipur - UKPCB",2025-11-18 17:00:00,29.2124114,78.9611753,3,1.0,4.0,3.0
India,Uttarakhand,Rishikesh,"Shivaji Nagar, Rishikesh - UKPCB",2025-11-18 17:00:00,30.075911,78.2859547,2,13.0,17.0,14.0
India,Uttarakhand,Rishikesh,"Shivaji Nagar, Rishikesh - UKPCB",2025-11-18 17:00:00,30.075911,78.2859547,6,5.0,5.0,5.0
India,West_Bengal,Asansol,"Asansol Court Area, Asansol - WBPCB",2025-11-18 17:00:00,23.685297,86.945968,1,3.0,7.0,5.0
India,West_Bengal,Kolkata,"Jadavpur, Kolkata - WBPCB",2025-11-18 17:00:00,22.49929,88.36917,4,109.0,289.0,192.0
India,West_Bengal,Kolkata,"Jadavpur, Kolkata - WBPCB",2025-11-18 17:00:00,22.49929,88.36917,6,1.0,4.0,2.0
India,West_Bengal,Kolkata,"Jadavpur, Kolkata - WBPCB",2025-11-18 17:00:00,22.49929,88.36917,0,26.0,112.0,45.0
India,West_Bengal,Kolkata,"Rabindra Bharati University, Kolkata - WBPCB",2025-11-18 17:00:00,22.627847,88.380669,3,5.0,107.0,78.0
India,West_Bengal,Kolkata,"Rabindra Sarobar, Kolkata - WBPCB",2025-11-18 17:00:00,22.51106,88.35142,1,8.0,30.0,17.0
India,West_Bengal,Asansol,"Evelyn Lodge, Asansol - WBPCB",2025-11-18 17:00:00,23.697936,86.944395,5,28.0,198.0,101.0
India,West_Bengal,Asansol,"Evelyn Lodge, Asansol - WBPCB",2025-11-18 17:00:00,23.697936,86.944395,1,3.0,3.0,3.0
India,West_Bengal,Asansol,"Evelyn Lodge, Asansol - WBPCB",2025-11-18 17:00:00,23.697936,86.944395,3,9.0,52.0,39.0
India,West_Bengal,Asansol,"Mahabir Colliery, Asansol - WBPCB",2025-11-18 17:00:00,23.618183,87.105718,5,26.0,254.0,134.0
India,West_Bengal,Asansol,"Mahabir Colliery, Asansol - WBPCB",2025-11-18 17:00:00,23.618183,87.105718,2,14.0,61.0,32.0
India,Uttar_Pradesh,Varanasi,"Bhelupur, Varanasi - UPPCB",2025-11-18 17:00:00,25.301778,82.996789,3,1.0,12.0,8.0
India,Uttar_Pradesh,Varanasi,"IESD Banaras Hindu University, Varanasi - UPPCB",2025-11-18 17:00:00,25.262326,82.995408,4,80.0,182.0,124.0
India,Uttar_Pradesh,Vrindavan,"Omex Eternity, Vrindavan - UPPCB",2025-11-18 17:00:00,27.571409,77.655757,6,14.0,23.0,16.0
India,West_Bengal,Howrah,"Dasnagar, Howrah - WBPCB",2025-11-18 17:00:00,22.6025571,88.3105664,5,42.0,249.0,132.0
India,West_Bengal,Howrah,"Ghusuri, Howrah - WBPCB",2025-11-18 17:00:00,22.611968,88.347422,4,81.0,179.0,123.0
India,West_Bengal,Howrah,"Ghusuri, Howrah - WBPCB",2025-11-18 17:00:00,22.611968,88.347422,1,7.0,15.0,11.0
India,West_Bengal,Howrah,"Padmapukur, Howrah - WBPCB",2025-11-18 17:00:00,22.5687319,88.2797276,0,2.0,83.0,13.0
India,West_Bengal,Siliguri,"Ward-32 Bapupara, Siliguri - WBPCB",2025-11-18 17:00:00,26.6879226,88.4152495,4,34.0,234.0,74.0
India,West_Bengal,Siliguri,"Ward-32 Bapupara, Siliguri - WBPCB",2025-11-18 17:00:00,26.6879226,88.4152495,1,11.0,11.0,11.0
India,West_Bengal,Siliguri,"Ward-32 Bapupara, Siliguri - WBPCB",2025-11-18 17:00:00,26.6879226,88.4152495,0,26.0,96.0,31.0
India,Andhra_Pradesh,Rajamahendravaram,"Anand Kala Kshetram, Rajamahendravaram - APPCB",2025-11-18 17:00:00,16.9872867,81.7363176,5,49.0,202.0,96.0
India,Andhra_Pradesh,Rajamahendravaram,"Anand Kala Kshetram, Rajamahendravaram - APPCB",2025-11-18 17:00:00,16.9872867,81.7363176,2,11.0,53.0,26.0
India,Andhra_Pradesh,Tirupati,"Vaikuntapuram, Tirupati - APPCB",2025-11-18 17:00:00,13.615387,79.40923,4,44.0,140.0,78.0
India,Andhra_Pradesh,Kadapa,"Yerramukkapalli, Kadapa - APPCB",2025-11-18 17:00:00,14.465052,78.824187,5,61.0,71.0,63.0
India,Andhra_Pradesh,Kadapa,"Yerramukkapalli, Kadapa - APPCB",2025-11-18 17:00:00,14.465052,78.824187,6,14.0,20.0,15.0
India,Andhra_Pradesh,Tirupati,"Vaikuntapuram, Tirupati - APPCB",2025-11-18 17:00:00,13.615387,79.40923,0,15.0,26.0,20.0
India,Andhra_Pradesh,Anantapur,"Gulzarpet, Anantapur - APPCB",2025-11-18 17:00:00,14.675886,77.593027,5,58.0,69.0,63.0
India,Andhra_Pradesh,Anantapur,"Gulzarpet, Anantapur - APPCB",2025-11-18 17:00:00,14.675886,77.593027,2,14.0,20.0,15.0
India,Andhra_Pradesh,Anantapur,"Gulzarpet, Anantapur - APPCB",2025-11-18 17:00:00,14.675886,77.593027,0,26.0,49.0,30.0
India,Andhra_Pradesh,Tirumala,"Toll Gate, Tirumala - APPCB",2025-11-18 17:00:00,13.67,79.35,6,6.0,7.0,7.0
India,Assam,Nagaon,"Christianpatty, Nagaon - PCBA",2025-11-18 17:00:00,26.349082,92.68449,2,1.0,1.0,1.0
India,Assam,Nagaon,"Christianpatty, Nagaon - PCBA",2025-11-18 17:00:00,26.349082,92.68449,6,10.0,13.0,12.0
India,Assam,Nalbari,"Bata Chowk, Nalbari - PCBA",2025-11-18 17:00:00,26.446912,91.439057,5,22.0,85.0,38.0
India,Assam,Nalbari,"Bata Chowk, Nalbari - PCBA",2025-11-18 17:00:00,26.446912,91.439057,6,8.0,9.0,8.0
India,Assam,Silchar,"Tarapur, Silchar - PCBA",2025-11-18 17:00:00,24.82827,92.79525,2,15.0,19.0,18.0
India,Assam,Silchar,"Tarapur, Silchar - PCBA",2025-11-18 17:00:00,24.82827,92.79525,1,1.0,1.0,1.0
India,Assam,Byrnihat,"Central Academy for SFS, Byrnihat - PCBA",2025-11-18 17:00:00,26.071318,91.87488,6,5.0,8.0,6.0
India,Assam,Byrnihat,"Central Academy for SFS, Byrnihat - PCBA",2025-11-18 17:00:00,26.071318,91.87488,0,43.0,71.0,54.0
India,Assam,Byrnihat,"Central Academy for SFS, Byrnihat - PCBA",2025-11-18 17:00:00,26.071318,91.87488,3,16.0,24.0,21.0
India,Assam,Guwahati,"IITG, Guwahati - PCBA",2025-11-18 17:00:00,26.2028636,91.70046436,4,32.0,128.0,74.0
India,Assam,Guwahati,"IITG, Guwahati - PCBA",2025-11-18 17:00:00,26.2028636,91.70046436,2,1.0,7.0,3.0
India,Assam,Silchar,"Tarapur, Silchar - PCBA",2025-11-18 17:00:00,24.82827,92.79525,0,24.0,66.0,30.0
India,Assam,Sivasagar,"Girls College, Sivasagar - PCBA",2025-11-18 17:00:00,26.987634,94.636574,6,5.0,15.0,10.0
India,Assam,Sivasagar,"Girls College, Sivasagar - PCBA",2025-11-18 17:00:00,26.987634,94.636574,3,4.0,66.0,55.0
India,Bihar,Araria,"Kharahiya Basti, Araria - BSPCB",2025-11-18 17:00:00,26.146529,87.454184,5,18.0,316.0,101.0
India,Assam,Guwahati,"Pan Bazaar, Guwahati - PCBA",2025-11-18 17:00:00,26.1875,91.744194,5,24.0,164.0,56.0
India,Assam,Guwahati,"Pan Bazaar, Guwahati - PCBA",2025-11-18 17:00:00,26.1875,91.744194,0,7.0,75.0,17.0
India,Assam,Guwahati,"Railway Colony, Guwahati - PCBA",2025-11-18 17:00:00,26.181742,91.78063,5,17.0,285.0,94.0
India,Assam,Guwahati,"Railway Colony, Guwahati - PCBA",2025-11-18 17:00:00,26.181742,91.78063,2,3.0,4.0,3.0
India,Assam,Guwahati,"IITG, Guwahati - PCBA",2025-11-18 17:00:00,26.2028636,91.70046436,6,23.0,25.0,24.0
India,Assam,Guwahati,"LGBI Airport, Guwahati - PCBA",2025-11-18 17:00:00,26.10887,91.589544,5,36.0,79.0,63.0
India,Assam,Guwahati,"LGBI Airport, Guwahati - PCBA",2025-11-18 17:00:00,26.10887,91.589544,2,8.0,19.0,14.0
India,Andhra_Pradesh,Vijayawada,"Rajiv Gandhi Park, Vijayawada - APPCB",2025-11-18 17:00:00,16.509717,80.612222,5,62.0,81.0,72.0
India,Andhra_Pradesh,Vijayawada,"Rajiv Gandhi Park, Vijayawada - APPCB",2025-11-18 17:00:00,16.509717,80.612222,4,60.0,81.0,69.0
India,Andhra_Pradesh,Visakhapatnam,"GVM Corporation, Visakhapatnam - APPCB",2025-11-18 17:00:00,17.72,83.3,2,10.0,100.0,40.0
India,Arunachal_Pradesh,Naharlagun,"Naharlagun, Naharlagun - APSPCB",2025-11-18 17:00:00,27.103358,93.679645,5,33.0,264.0,86.0
India,Bihar,Hajipur,"Industrial Area, Hajipur - BSPCB",2025-11-18 17:00:00,25.697189,85.2459,1,5.0,10.0,8.0
India,Bihar,Hajipur,"Industrial Area, Hajipur - BSPCB",2025-11-18 17:00:00,25.697189,85.2459,6,3.0,6.0,4.0
India,Bihar,Katihar,"Mirchaibari, Katihar - BSPCB",2025-11-18 17:00:00,25.560083,87.553265,2,11.0,20.0,16.0
India,Bihar,Katihar,"Mirchaibari, Katihar - BSPCB",2025-11-18 17:00:00,25.560083,87.553265,0,40.0,82.0,61.0
India,Bihar,Bhagalpur,"Mayaganj, Bhagalpur - BSPCB",2025-11-18 17:00:00,25.265194,87.012947,0,5.0,94.0,56.0
India,Bihar,Bihar Sharif,"D M Colony, Bihar Sharif - BSPCB",2025-11-18 17:00:00,25.204762,85.51496,4,5.0,94.0,56.0
India,Bihar,Buxar,"Charitra Van, Buxar - BSPCB",2025-11-18 17:00:00,25.56752,83.966379,0,18.0,28.0,24.0
India,Bihar,Chhapra,"Darshan Nagar, Chhapra - BSPCB",2025-11-18 17:00:00,25.7808257,84.7446768,5,18.0,28.0,24.0
India,Bihar,Chhapra,"Darshan Nagar, Chhapra - BSPCB",2025-11-18 17:00:00,25.7808257,84.7446768,4,18.0,28.0,24.0
India,Bihar,Chhapra,"Darshan Nagar, Chhapra - BSPCB",2025-11-18 17:00:00,25.7808257,84.7446768,2,18.0,28.0,24.0
India,Bihar,Gaya,"Collectorate, Gaya - BSPCB",2025-11-18 17:00:00,24.7955,84.9994,3,18.0,28.0,24.0
India,Bihar,Arrah,"New DM Office, Arrah - BSPCB",2025-11-18 17:00:00,25.5626095,84.663264,5,43.0,223.0,121.0
India,Bihar,Arrah,"New DM Office, Arrah - BSPCB",2025-11-18 17:00:00,25.5626095,84.663264,4,55.0,169.0,118.0
India,Bihar,Arrah,"New DM Office, Arrah - BSPCB",2025-11-18 17:00:00,25.5626095,84.663264,0,39.0,66.0,55.0
India,Bihar,Manguraha,"Forest Rest House, Manguraha - BSPCB",2025-11-18 17:00:00,27.308328,84.531742,6,16.0,17.0,17.0
India,Bihar,Manguraha,"Forest Rest House, Manguraha - BSPCB",2025-11-18 17:00:00,27.308328,84.531742,3,9.0,16.0,14.0
India,Bihar,Gaya,"SFTI Kusdihra, Gaya - BSPCB",2025-11-18 17:00:00,24.762518,84.982348,4,51.0,74.0,63.0
India,Bihar,Gaya,"SFTI Kusdihra, Gaya - BSPCB",2025-11-18 17:00:00,24.762518,84.982348,3,13.0,50.0,36.0
India,Bihar,Bettiah,"Kamalnath Nagar, Bettiah - BSPCB",2025-11-18 17:00:00,26.80365,84.51954,4,38.0,157.0,112.0
India,Bihar,Bhagalpur,"Mayaganj, Bhagalpur - BSPCB",2025-11-18 17:00:00,25.265194,87.012947,5,23.0,183.0,97.0
India,Bihar,Bhagalpur,"Mayaganj, Bhagalpur - BSPCB",2025-11-18 17:00:00,25.265194,87.012947,1,1.0,13.0,8.0
India,Bihar,Patna,"IGSC Planetarium Complex, Patna - BSPCB",2025-11-18 17:00:00,25.610369,85.132568,0,42.0,70.0,53.0
India,Bihar,Patna,"Muradpur, Patna - BSPCB",2025-11-18 17:00:00,25.619651,85.147382,3,4.0,40.0,32.0
India,Bihar,Patna,"Rajbansi Nagar, Patna - BSPCB",2025-11-18 17:00:00,25.599486,85.113666,4,79.0,143.0,118.0
India,Bihar,Saharsa,"Police Line, Saharsa - BSPCB",2025-11-18 17:00:00,25.892357,86.590325,6,12.0,17.0,14.0
India,Bihar,Samastipur,"DM Office_Kasipur, Samastipur - BSPCB",2025-11-18 17:00:00,25.859655,85.77944,1,2.0,2.0,2.0
India,Bihar,Rajgir,"Dangi Tola, Rajgir - BSPCB",2025-11-18 17:00:00,25.0328,85.41948,6,18.0,32.0,22.0
India,Bihar,Saharsa,"Police Line, Saharsa - BSPCB",2025-11-18 17:00:00,25.892357,86.590325,2,6.0,8.0,7.0
India,Bihar,Purnia,"Mariam Nagar, Purnia - BSPCB",2025-11-18 17:00:00,25.366336,87.117468,2,5.0,7.0,6.0
India,Bihar,Purnia,"Mariam Nagar, Purnia - BSPCB",2025-11-18 17:00:00,25.366336,87.117468,1,3.0,3.0,3.0
India,Bihar,Purnia,"Mariam Nagar, Purnia - BSPCB",2025-11-18 17:00:00,25.366336,87.117468,0,54.0,57.0,56.0
India,Chandigarh,Chandigarh,"Sector 22, Chandigarh - CPCC",2025-11-18 17:00:00,30.735567,76.775714,2,4.0,54.0,18.0
India,Chandigarh,Chandigarh,"Sector 22, Chandigarh - CPCC",2025-11-18 17:00:00,30.735567,76.775714,0,52.0,107.0,62.0
India,Bihar,Muzaffarpur,"MIT-Daudpur Kothi, Muzaffarpur - BSPCB",2025-11-18 17:00:00,26.1403345,85.3650192,4,59.0,74.0,66.0
India,Bihar,Muzaffarpur,"MIT-Daudpur Kothi, Muzaffarpur - BSPCB",2025-11-18 17:00:00,26.1403345,85.3650192,2,17.0,18.0,17.0
India,Bihar,Muzaffarpur,"Buddha Colony, Muzaffarpur - BSPCB",2025-11-18 17:00:00,26.11442,85.39813,2,25.0,63.0,42.0
India,Bihar,Muzaffarpur,"Buddha Colony, Muzaffarpur - BSPCB",2025-11-18 17:00:00,26.11442,85.39813,0,40.0,106.0,49.0
India,Bihar,Munger,"Town Hall, Munger - BSPCB",2025-11-18 17:00:00,25.376776,86.471523,0,19.0,48.0,31.0
India,Bihar,Munger,"Town Hall, Munger - BSPCB",2025-11-18 17:00:00,25.376776,86.471523,3,12.0,27.0,20.0
India,Bihar,Patna,"DRM Office Danapur, Patna - BSPCB",2025-11-18 17:00:00,25.586562,85.043586,0,41.0,122.0,54.0
India,Chhattisgarh,Korba,"Rampur, Korba - CECB",2025-11-18 17:00:00,22.368195,82.746431,2,15.0,23.0,19.0
India,Chhattisgarh,Korba,"Rampur, Korba - CECB",2025-11-18 17:00:00,22.368195,82.746431,6,5.0,12.0,10.0
India,Chhattisgarh,Korba,"Urja Nagar, Korba - CECB",2025-11-18 17:00:00,22.348441,82.549611,5,53.0,72.0,55.0
India,Chhattisgarh,Korba,"Urja Nagar, Korba - CECB",2025-11-18 17:00:00,22.348441,82.549611,4,72.0,73.0,72.0
India,Chhattisgarh,Korba,"Urja Nagar, Korba - CECB",2025-11-18 17:00:00,22.348441,82.549611,1,1.0,2.0,2.0
India,Chhattisgarh,Korba,"Urja Nagar, Korba - CECB",2025-11-18 17:00:00,22.348441,82.549611,3,34.0,36.0,35.0
India,Chhattisgarh,Kunjemura,"OP Jindal School, Kunjemura - CECB",2025-11-18 17:00:00,22.12665,83.483212,2,3.0,4.0,3.0
India,Chhattisgarh,Kunjemura,"OP Jindal School, Kunjemura - CECB",2025-11-18 17:00:00,22.12665,83.483212,1,2.0,2.0,2.0
India,Delhi,Delhi,"CRRI Mathura Road, Delhi - IMD",2025-11-18 17:00:00,28.5512005,77.2735737,2,1.0,72.0,17.0
India,Delhi,Delhi,"CRRI Mathura Road, Delhi - IMD",2025-11-18 17:00:00,28.5512005,77.2735737,3,10.0,176.0,84.0
India,Delhi,Delhi,"Chandni Chowk, Delhi - IITM",2025-11-18 17:00:00,28.656756,77.227234,2,49.0,204.0,93.0
India,Delhi,Delhi,"DTU, Delhi - CPCB",2025-11-18 17:00:00,28.7500499,77.1112615,4,144.0,444.0,329.0
India,Delhi,Delhi,"DTU, Delhi - CPCB",2025-11-18 17:00:00,28.7500499,77.1112615,0,25.0,122.0,82.0
India,Delhi,Delhi,"Dr. Karni Singh Shooting Range, Delhi - DPCC",2025-11-18 17:00:00,28.498571,77.26484,5,267.0,432.0,348.0
India,Chhattisgarh,Raipur,"Krishak Nagar, Raipur - CECB",2025-11-18 17:00:00,21.237755,81.705301,5,19.0,33.0,27.0
India,Chhattisgarh,Raipur,"Siltara Phase-II, Raipur - CECB",2025-11-18 17:00:00,21.371751,81.664929,1,3.0,3.0,3.0
India,Chhattisgarh,Tumidih,"OP Jindal Industrial Park, Tumidih - CECB",2025-11-18 17:00:00,22.06631475,83.33820077,2,32.0,98.0,62.0
India,Chhattisgarh,Tumidih,"OP Jindal Industrial Park, Tumidih - CECB",2025-11-18 17:00:00,22.06631475,83.33820077,6,5.0,24.0,8.0
India,Chandigarh,Chandigarh,"Sector-53, Chandigarh - CPCC",2025-11-18 17:00:00,30.719859,76.738637,6,8.0,46.0,19.0
India,Chhattisgarh,Bhilai,"32Bungalows, Bhilai - CECB",2025-11-18 17:00:00,21.194815,81.31477,1,1.0,4.0,3.0
India,Chhattisgarh,Bhilai,"32Bungalows, Bhilai - CECB",2025-11-18 17:00:00,21.194815,81.31477,0,22.0,60.0,27.0
India,Chhattisgarh,Bhilai,"Civic Center, Bhilai - Bhilai Steel Plant",2025-11-18 17:00:00,21.185571,81.343175,2,10.0,11.0,11.0
India,Delhi,Delhi,"Dwarka-Sector 8, Delhi - DPCC ",2025-11-18 17:00:00,28.5710274,77.0719006,1,12.0,15.0,13.0
India,Delhi,Delhi,"Dwarka-Sector 8, Delhi - DPCC ",2025-11-18 17:00:00,28.5710274,77.0719006,0,60.0,193.0,81.0
India,Delhi,Delhi,"Dwarka-Sector 8, Delhi - DPCC ",2025-11-18 17:00:00,28.5710274,77.0719006,3,2.0,183.0,93.0
India,Delhi,Delhi,"IHBAS, Dilshad Garden, Delhi - CPCB",2025-11-18 17:00:00,28.6811736,77.3025234,5,189.0,438.0,333.0
India,Delhi,Delhi,"IHBAS, Dilshad Garden, Delhi - CPCB",2025-11-18 17:00:00,28.6811736,77.3025234,3,23.0,26.0,24.0
India,Chhattisgarh,Bilaspur,"Mangala, Bilaspur - NTPC",2025-11-18 17:00:00,22.08815,82.13737,4,74.0,146.0,101.0
India,Chhattisgarh,Bilaspur,"Mangala, Bilaspur - NTPC",2025-11-18 17:00:00,22.08815,82.13737,6,5.0,30.0,10.0
India,Chhattisgarh,Korba,"Rampur, Korba - CECB",2025-11-18 17:00:00,22.368195,82.746431,4,48.0,63.0,62.0
India,Chhattisgarh,Raipur,"Bhatagaon New ISBT, Raipur - CECB",2025-11-18 17:00:00,21.219665,81.630094,5,31.0,79.0,56.0
India,Chhattisgarh,Raipur,"Bhatagaon New ISBT, Raipur - CECB",2025-11-18 17:00:00,21.219665,81.630094,2,25.0,43.0,31.0
India,Chhattisgarh,Raipur,"Bhatagaon New ISBT, Raipur - CECB",2025-11-18 17:00:00,21.219665,81.630094,1,2.0,2.0,2.0
India,Delhi,Delhi,"Bawana, Delhi - DPCC",2025-11-18 17:00:00,28.7762,77.051074,4,177.0,500.0,391.0
India,Delhi,Delhi,"Bawana, Delhi - DPCC",2025-11-18 17:00:00,28.7762,77.051074,1,6.0,9.0,7.0
India,Delhi,Delhi,"Bawana, Delhi - DPCC",2025-11-18 17:00:00,28.7762,77.051074,3,4.0,154.0,97.0
India,Delhi,Delhi,"Alipur, Delhi - DPCC",2025-11-18 17:00:00,28.815329,77.15301,1,15.0,21.0,17.0
India,Delhi,Delhi,"Okhla Phase-2, Delhi - DPCC",2025-11-18 17:00:00,28.530785,77.271255,4,209.0,445.0,365.0
India,Delhi,Delhi,"Okhla Phase-2, Delhi - DPCC",2025-11-18 17:00:00,28.530785,77.271255,2,113.0,192.0,148.0
India,Delhi,Delhi,"Okhla Phase-2, Delhi - DPCC",2025-11-18 17:00:00,28.530785,77.271255,1,9.0,20.0,12.0
India,Delhi,Delhi,"Patparganj, Delhi - DPCC",2025-11-18 17:00:00,28.623763,77.287209,5,240.0,490.0,377.0
India,Delhi,Delhi,"Patparganj, Delhi - DPCC",2025-11-18 17:00:00,28.623763,77.287209,6,1.0,17.0,8.0
India,Delhi,Delhi,"Patparganj, Delhi - DPCC",2025-11-18 17:00:00,28.623763,77.287209,3,3.0,257.0,157.0
India,Delhi,Delhi,"R K Puram, Delhi - DPCC",2025-11-18 17:00:00,28.563262,77.186937,3,7.0,235.0,121.0
India,Delhi,Delhi,"Rohini, Delhi - DPCC",2025-11-18 17:00:00,28.732528,77.11992,5,253.0,500.0,413.0
India,Delhi,Delhi,"Rohini, Delhi - DPCC",2025-11-18 17:00:00,28.732528,77.11992,4,182.0,494.0,397.0
India,Delhi,Delhi,"Rohini, Delhi - DPCC",2025-11-18 17:00:00,28.732528,77.11992,0,28.0,154.0,53.0
India,Delhi,Delhi,"Sirifort, Delhi - CPCB",2025-11-18 17:00:00,28.5504249,77.2159377,1,7.0,13.0,10.0
India,Delhi,Delhi,"Punjabi Bagh, Delhi - DPCC",2025-11-18 17:00:00,28.674045,77.131023,4,167.0,476.0,382.0
India,Delhi,Delhi,"Pusa, Delhi - DPCC",2025-11-18 17:00:00,28.639652,77.146275,1,7.0,15.0,11.0
India,Delhi,Delhi,"Pusa, Delhi - DPCC",2025-11-18 17:00:00,28.639652,77.146275,3,1.0,68.0,36.0
India,Delhi,Delhi,"Pusa, Delhi - IMD",2025-11-18 17:00:00,28.63611,77.173332,4,150.0,457.0,281.0
India,Delhi,Delhi,"R K Puram, Delhi - DPCC",2025-11-18 17:00:00,28.563262,77.186937,4,169.0,443.0,312.0
India,Gujarat,Ahmedabad,"Chandkheda, Ahmedabad - IITM",2025-11-18 17:00:00,23.107969,72.574648,2,15.0,113.0,50.0
India,Gujarat,Ahmedabad,"Chandkheda, Ahmedabad - IITM",2025-11-18 17:00:00,23.107969,72.574648,1,7.0,23.0,13.0
India,Gujarat,Ahmedabad,"Chandkheda, Ahmedabad - IITM",2025-11-18 17:00:00,23.107969,72.574648,0,6.0,105.0,22.0
India,Gujarat,Ahmedabad,"Gyaspur, Ahmedabad - IITM",2025-11-18 17:00:00,22.977134,72.553024,2,43.0,114.0,94.0
India,Gujarat,Ahmedabad,"Maninagar, Ahmedabad - GPCB",2025-11-18 17:00:00,23.002657,72.591912,2,33.0,56.0,43.0
India,Delhi,Delhi,"ITO, Delhi - CPCB",2025-11-18 17:00:00,28.628624,77.24106,6,20.0,38.0,30.0
India,Delhi,Delhi,"ITO, Delhi - CPCB",2025-11-18 17:00:00,28.628624,77.24106,0,28.0,140.0,56.0
India,Delhi,Delhi,"Jahangirpuri, Delhi - DPCC",2025-11-18 17:00:00,28.73282,77.170633,4,210.0,500.0,432.0
India,Delhi,Delhi,"Jawaharlal Nehru Stadium, Delhi - DPCC",2025-11-18 17:00:00,28.58028,77.233829,0,51.0,174.0,74.0
India,Delhi,Delhi,"Sonia Vihar, Delhi - DPCC",2025-11-18 17:00:00,28.710508,77.249485,6,7.0,36.0,15.0
India,Delhi,Delhi,"Sonia Vihar, Delhi - DPCC",2025-11-18 17:00:00,28.710508,77.249485,0,68.0,170.0,84.0
India,Delhi,Delhi,"Sri Aurobindo Marg, Delhi - DPCC",2025-11-18 17:00:00,28.531346,77.190156,4,127.0,401.0,231.0
India,Delhi,Delhi,"Vivek Vihar, Delhi - DPCC",2025-11-18 17:00:00,28.672342,77.31526,6,8.0,31.0,18.0
India,Delhi,Delhi,"NSIT Dwarka, Delhi - CPCB",2025-11-18 17:00:00,28.60909,77.0325413,3,12.0,55.0,44.0
India,Delhi,Delhi,"Najafgarh, Delhi - DPCC",2025-11-18 17:00:00,28.570173,76.933762,3,5.0,22.0,15.0
India,Delhi,Delhi,"Narela, Delhi - DPCC",2025-11-18 17:00:00,28.822836,77.101981,6,5.0,33.0,18.0
India,Delhi,Delhi,"Narela, Delhi - DPCC",2025-11-18 17:00:00,28.822836,77.101981,0,5.0,103.0,30.0
India,Delhi,Delhi,"Mandir Marg, Delhi - DPCC",2025-11-18 17:00:00,28.636429,77.201067,1,12.0,28.0,20.0
India,Delhi,Delhi,"Mandir Marg, Delhi - DPCC",2025-11-18 17:00:00,28.636429,77.201067,0,48.0,157.0,78.0
India,Delhi,Delhi,"Mandir Marg, Delhi - DPCC",2025-11-18 17:00:00,28.636429,77.201067,3,21.0,189.0,122.0
India,Delhi,Delhi,"Mundka, Delhi - DPCC",2025-11-18 17:00:00,28.684678,77.076574,0,13.0,156.0,40.0
India,Delhi,Delhi,"Major Dhyan Chand National Stadium, Delhi - DPCC",2025-11-18 17:00:00,28.611281,77.237738,2,57.0,170.0,116.0
India,Delhi,Delhi,"Mandir Marg, Delhi - DPCC",2025-11-18 17:00:00,28.636429,77.201067,5,163.0,457.0,336.0
India,Gujarat,Gandhinagar,"GIFT City, Gandhinagar - IITM",2025-11-18 17:00:00,23.163798,72.677768,4,125.0,201.0,158.0
India,Gujarat,Gandhinagar,"GIFT City, Gandhinagar - IITM",2025-11-18 17:00:00,23.163798,72.677768,6,4.0,20.0,11.0
India,Gujarat,Gandhinagar,"IIPHG Lekawada, Gandhinagar - IITM",2025-11-18 17:00:00,23.243639,72.68994,4,87.0,144.0,114.0
India,Gujarat,Gandhinagar,"IIPHG Lekawada, Gandhinagar - IITM",2025-11-18 17:00:00,23.243639,72.68994,2,7.0,12.0,9.0
India,Gujarat,Gandhinagar,"IIPHG Lekawada, Gandhinagar - IITM",2025-11-18 17:00:00,23.243639,72.68994,0,38.0,114.0,64.0
India,Gujarat,Gandhinagar,"Sector-10, Gandhinagar - GPCB",2025-11-18 17:00:00,23.221714,72.654328,4,49.0,124.0,93.0
India,Gujarat,Gandhinagar,"Sector-10, Gandhinagar - GPCB",2025-11-18 17:00:00,23.221714,72.654328,2,16.0,35.0,21.0
India,Haryana,Kaithal,"Rishi Nagar, Kaithal - HSPCB",2025-11-18 17:00:00,29.8006,76.4155,5,93.0,247.0,167.0
India,Haryana,Kaithal,"Rishi Nagar, Kaithal - HSPCB",2025-11-18 17:00:00,29.8006,76.4155,0,6.0,98.0,38.0
India,Haryana,Kaithal,"Rishi Nagar, Kaithal - HSPCB",2025-11-18 17:00:00,29.8006,76.4155,3,6.0,28.0,20.0
India,Haryana,Karnal,"Sector-12, Karnal - HSPCB",2025-11-18 17:00:00,29.6953,77.0027,1,6.0,7.0,6.0
India,Haryana,Kurukshetra,"Sector-7, Kurukshetra - HSPCB",2025-11-18 17:00:00,29.966942,76.875879,5,82.0,315.0,210.0
India,Gujarat,Surat,"Science Center, Surat - SMC",2025-11-18 17:00:00,21.170046,72.795405,4,58.0,138.0,98.0
India,Gujarat,Surat,"Science Center, Surat - SMC",2025-11-18 17:00:00,21.170046,72.795405,2,4.0,20.0,13.0
India,Gujarat,Vapi,"Phase-1 GIDC, Vapi - GPCB",2025-11-18 17:00:00,20.362421,72.918013,5,4.0,20.0,13.0
India,Gujarat,Vapi,"Phase-1 GIDC, Vapi - GPCB",2025-11-18 17:00:00,20.362421,72.918013,4,4.0,20.0,13.0
India,Haryana,Ambala,"Patti Mehar, Ambala - HSPCB",2025-11-18 17:00:00,30.379589,76.778328,2,21.0,24.0,23.0
India,Gujarat,Ahmedabad,"SAC ISRO Satellite, Ahmedabad - IITM",2025-11-18 17:00:00,23.023389,72.515201,5,65.0,98.0,82.0
India,Gujarat,Ahmedabad,"SAC ISRO Satellite, Ahmedabad - IITM",2025-11-18 17:00:00,23.023389,72.515201,1,4.0,10.0,6.0
India,Gujarat,Ahmedabad,"SVPI Airport Hansol, Ahmedabad - IITM",2025-11-18 17:00:00,23.076793,72.627874,5,70.0,184.0,129.0
India,Gujarat,Ankleshwar,"GIDC, Ankleshwar - GPCB",2025-11-18 17:00:00,21.613267,73.010555,5,70.0,184.0,129.0
India,Gujarat,Ahmedabad,"Raikhad, Ahmedabad - IITM",2025-11-18 17:00:00,23.020509,72.579261,1,10.0,30.0,16.0
India,Gujarat,Ahmedabad,"Rakhial, Ahmedabad - IITM",2025-11-18 17:00:00,23.016834,72.625775,4,93.0,176.0,124.0
India,Gujarat,Ahmedabad,"SAC ISRO Bopal, Ahmedabad - IITM",2025-11-18 17:00:00,23.041137,72.456691,4,101.0,187.0,138.0
India,Gujarat,Ahmedabad,"SAC ISRO Bopal, Ahmedabad - IITM",2025-11-18 17:00:00,23.041137,72.456691,0,14.0,54.0,24.0
India,Haryana,Bhiwani,"H.B. Colony, Bhiwani - HSPCB",2025-11-18 17:00:00,28.806223,76.141105,6,12.0,13.0,12.0
India,Haryana,Dharuhera,"Municipal Corporation Office, Dharuhera -  HSPCB",2025-11-18 17:00:00,28.2068,76.7997,1,7.0,25.0,18.0
India,Haryana,Faridabad,"Sector 11, Faridabad - HSPCB",2025-11-18 17:00:00,28.376058,77.315741,2,1.0,60.0,24.0
India,Haryana,Gurugram,"Teri Gram, Gurugram - HSPCB",2025-11-18 17:00:00,28.4275,77.1465,0,22.0,97.0,49.0
India,Haryana,Gurugram,"Teri Gram, Gurugram - HSPCB",2025-11-18 17:00:00,28.4275,77.1465,3,1.0,123.0,72.0
India,Haryana,Hisar,"Urban Estate-II, Hisar - HSPCB",2025-11-18 17:00:00,29.14056,75.744941,5,57.0,226.0,124.0
India,Haryana,Bahadurgarh,"Arya Nagar, Bahadurgarh - HSPCB",2025-11-18 17:00:00,28.6701,76.9254,5,57.0,226.0,124.0
India,Haryana,Bahadurgarh,"Arya Nagar, Bahadurgarh - HSPCB",2025-11-18 17:00:00,28.6701,76.9254,4,57.0,226.0,124.0
India,Haryana,Ballabgarh,"Nathu Colony, Ballabgarh - HSPCB",2025-11-18 17:00:00,28.3419248,77.319699,4,94.0,136.0,110.0
India,Haryana,Faridabad,"Sector 30, Faridabad - HSPCB",2025-11-18 17:00:00,28.4417,77.3217,0,60.0,66.0,64.0
India,Haryana,Sonipat,"Murthal, Sonipat - HSPCB",2025-11-18 17:00:00,29.0272,77.0621,0,36.0,38.0,37.0
India,Haryana,Sonipat,"Murthal, Sonipat - HSPCB",2025-11-18 17:00:00,29.0272,77.0621,3,25.0,26.0,26.0
India,Haryana,Yamuna Nagar,"Gobind Pura, Yamuna Nagar - HSPCB",2025-11-18 17:00:00,30.1480566,77.2893471,1,25.0,26.0,26.0
India,Haryana,Yamuna Nagar,"Gobind Pura, Yamuna Nagar - HSPCB",2025-11-18 17:00:00,30.1480566,77.2893471,6,25.0,26.0,26.0
India,Haryana,Yamuna Nagar,"Gobind Pura, Yamuna Nagar - HSPCB",2025-11-18 17:00:00,30.1480566,77.2893471,3,38.0,38.0,38.0
India,Himachal Pradesh,Baddi,"HIMUDA Complex Phase-1, Baddi - HPPCB",2025-11-18 17:00:00,30.943887,76.801991,4,49.0,286.0,127.0
India,Jammu_and_Kashmir,Srinagar,"Rajbagh, Srinagar - JKSPCB",2025-11-18 17:00:00,34.066206,74.81982,4,56.0,118.0,99.0
India,Jammu_and_Kashmir,Srinagar,"Rajbagh, Srinagar - JKSPCB",2025-11-18 17:00:00,34.066206,74.81982,3,1.0,29.0,10.0
India,Jharkhand,Dhanbad,"Sardar Patel Nagar, Dhanbad - JSPCB",2025-11-18 17:00:00,23.80569,86.44268,5,8.0,161.0,78.0
India,Karnataka,Bengaluru,"Shivapura_Peenya, Bengaluru - KSPCB",2025-11-18 17:00:00,13.0246342,77.5080115,1,5.0,5.0,5.0
India,Karnataka,Bengaluru,"Shivapura_Peenya, Bengaluru - KSPCB",2025-11-18 17:00:00,13.0246342,77.5080115,3,19.0,20.0,20.0
India,Karnataka,Bengaluru,"Silk Board, Bengaluru - KSPCB",2025-11-18 17:00:00,12.917348,77.622813,5,54.0,224.0,96.0
India,Karnataka,Bengaluru,"Silk Board, Bengaluru - KSPCB",2025-11-18 17:00:00,12.917348,77.622813,6,7.0,9.0,8.0
India,Karnataka,Chamarajanagar,"Urban, Chamarajanagar - KSPCB",2025-11-18 17:00:00,11.55358,76.55521,0,14.0,119.0,22.0
India,Karnataka,Chikkamagaluru,"Kalyana Nagara, Chikkamagaluru - KSPCB",2025-11-18 17:00:00,13.328028,75.797056,4,50.0,72.0,67.0
India,Haryana,Kurukshetra,"Sector-7, Kurukshetra - HSPCB",2025-11-18 17:00:00,29.966942,76.875879,1,5.0,5.0,5.0
India,Haryana,Mandikhera,"General Hospital, Mandikhera - HSPCB",2025-11-18 17:00:00,27.9002,76.9938,6,31.0,37.0,34.0
India,Haryana,Manesar,"Sector-2 IMT, Manesar - HSPCB",2025-11-18 17:00:00,28.360699,76.93609,1,17.0,20.0,19.0
India,Haryana,Manesar,"Sector-2 IMT, Manesar - HSPCB",2025-11-18 17:00:00,28.360699,76.93609,6,17.0,20.0,19.0
India,Haryana,Narnaul,"Shastri Nagar, Narnaul - HSPCB",2025-11-18 17:00:00,28.060249,76.113115,4,104.0,169.0,145.0
India,Haryana,Narnaul,"Shastri Nagar, Narnaul - HSPCB",2025-11-18 17:00:00,28.060249,76.113115,2,13.0,43.0,24.0
India,Jharkhand,Dhanbad,"Sardar Patel Nagar, Dhanbad - JSPCB",2025-11-18 17:00:00,23.80569,86.44268,3,6.0,52.0,38.0
India,Karnataka,Bagalkot,"Vidayagiri, Bagalkot - KSPCB",2025-11-18 17:00:00,16.172806,75.659694,4,53.0,54.0,53.0
India,Karnataka,Bagalkot,"Vidayagiri, Bagalkot - KSPCB",2025-11-18 17:00:00,16.172806,75.659694,3,10.0,16.0,16.0
India,Karnataka,Belgaum,"Ramteerth Nagar, Belgaum - KSPCB",2025-11-18 17:00:00,15.888653,74.541751,6,21.0,22.0,21.0
India,Karnataka,Belgaum,"Ramteerth Nagar, Belgaum - KSPCB",2025-11-18 17:00:00,15.888653,74.541751,0,10.0,16.0,13.0
India,Haryana,Panipat,"Sector-18, Panipat - HSPCB",2025-11-18 17:00:00,29.432304,76.972765,1,2.0,3.0,3.0
India,Haryana,Rohtak,"MD University, Rohtak - HSPCB",2025-11-18 17:00:00,28.52123,76.37138,5,138.0,500.0,320.0
India,Haryana,Rohtak,"MD University, Rohtak - HSPCB",2025-11-18 17:00:00,28.52123,76.37138,3,60.0,308.0,205.0
India,Haryana,Sirsa,"F-Block, Sirsa - HSPCB",2025-11-18 17:00:00,29.5364,75.0158,5,37.0,193.0,92.0
India,Haryana,Sirsa,"F-Block, Sirsa - HSPCB",2025-11-18 17:00:00,29.5364,75.0158,0,30.0,92.0,72.0
India,Karnataka,Bengaluru,"Jayanagar 5th Block, Bengaluru - KSPCB",2025-11-18 17:00:00,12.920984,77.584908,2,30.0,92.0,72.0
India,Karnataka,Bengaluru,"Jayanagar 5th Block, Bengaluru - KSPCB",2025-11-18 17:00:00,12.920984,77.584908,1,30.0,92.0,72.0
India,Karnataka,Bengaluru,"Jayanagar 5th Block, Bengaluru - KSPCB",2025-11-18 17:00:00,12.920984,77.584908,6,30.0,92.0,72.0
India,Karnataka,Bengaluru,"Jigani, Bengaluru - KSPCB",2025-11-18 17:00:00,12.7816279,77.6299145,2,20.0,21.0,20.0
India,Karnataka,Bengaluru,"Kasturi Nagar, Bengaluru - KSPCB",2025-11-18 17:00:00,13.003872,77.664217,2,29.0,30.0,29.0
India,Haryana,Panchgaon,"Amity University, Panchgaon - IITM",2025-11-18 17:00:00,28.3153,76.9143,1,10.0,20.0,14.0
India,Haryana,Panchkula,"Sector-6, Panchkula - HSPCB ",2025-11-18 17:00:00,30.7057778,76.85318056,2,23.0,27.0,25.0
India,Haryana,Panipat,"Sector-18, Panipat - HSPCB",2025-11-18 17:00:00,29.432304,76.972765,5,52.0,455.0,145.0
India,Karnataka,Bengaluru,"RVCE-Mailasandra, Bengaluru - KSPCB",2025-11-18 17:00:00,12.921418,77.502466,5,27.0,137.0,46.0
India,Karnataka,Bengaluru,"Sanegurava Halli, Bengaluru - KSPCB",2025-11-18 17:00:00,12.990328,77.5431385,2,19.0,21.0,20.0
India,Karnataka,Bengaluru,"Shivapura_Peenya, Bengaluru - KSPCB",2025-11-18 17:00:00,13.0246342,77.5080115,2,33.0,35.0,34.0
India,Karnataka,Bengaluru,"City Railway Station, Bengaluru - KSPCB",2025-11-18 17:00:00,12.9756843,77.5660749,6,11.0,19.0,14.0
India,Karnataka,Bengaluru,"Hebbal, Bengaluru - KSPCB",2025-11-18 17:00:00,13.029152,77.585901,2,20.0,27.0,23.0
India,Karnataka,Bengaluru,"Hebbal, Bengaluru - KSPCB",2025-11-18 17:00:00,13.029152,77.585901,6,5.0,9.0,7.0
India,Kerala,Kannur,"Thavakkara, Kannur - Kerala PCB",2025-11-18 17:00:00,11.875,75.3732,3,28.0,30.0,29.0
India,Kerala,Kollam,"Polayathode, Kollam - Kerala PCB",2025-11-18 17:00:00,8.8787,76.6073,3,29.0,34.0,32.0
India,Kerala,Thiruvananthapuram,"Kariavattom, Thiruvananthapuram - Kerala PCB",2025-11-18 17:00:00,8.5637,76.8865,2,6.0,7.0,7.0
India,Kerala,Thiruvananthapuram,"Kariavattom, Thiruvananthapuram - Kerala PCB",2025-11-18 17:00:00,8.5637,76.8865,6,1.0,13.0,4.0
India,Kerala,Thiruvananthapuram,"Kariavattom, Thiruvananthapuram - Kerala PCB",2025-11-18 17:00:00,8.5637,76.8865,0,31.0,71.0,41.0
India,Kerala,Thiruvananthapuram,"Plammoodu, Thiruvananthapuram - Kerala PCB",2025-11-18 17:00:00,8.5149093,76.9435879,5,11.0,37.0,21.0
India,Kerala,Thrissur,"Corporation Ground, Thrissur - Kerala PCB",2025-11-18 17:00:00,10.5324,76.2159,5,47.0,60.0,52.0
India,Madhya Pradesh,Bhopal,"Idgah Hills, Bhopal - MPPCB",2025-11-18 17:00:00,23.264759,77.381568,4,109.0,283.0,166.0
India,Madhya Pradesh,Bhopal,"Idgah Hills, Bhopal - MPPCB",2025-11-18 17:00:00,23.264759,77.381568,1,5.0,8.0,7.0
India,Madhya Pradesh,Bhopal,"Paryavaran Parisar, Bhopal - MPPCB",2025-11-18 17:00:00,23.210494,77.425409,6,2.0,16.0,8.0
India,Karnataka,Vijayapura,"Ibrahimpur, Vijayapura - KSPCB",2025-11-18 17:00:00,16.802639,75.722694,0,16.0,120.0,24.0
India,Karnataka,Yadgir,"Collector Office, Yadgir - KSPCB",2025-11-18 17:00:00,16.7602,77.1428,3,17.0,18.0,18.0
India,Kerala,Eloor,"Udyogamandal, Eloor - Kerala PCB",2025-11-18 17:00:00,10.073232,76.302765,4,47.0,67.0,57.0
India,Kerala,Eloor,"Udyogamandal, Eloor - Kerala PCB",2025-11-18 17:00:00,10.073232,76.302765,0,26.0,105.0,81.0
India,Karnataka,Hubballi,"Lingaraj Nagar, Hubballi - KSPCB",2025-11-18 17:00:00,15.3714823,75.1160168,0,14.0,28.0,24.0
India,Karnataka,Kalaburagi,"Lal Bahadur Shastri Nagar, Kalaburagi - KSPCB",2025-11-18 17:00:00,17.321993,76.822628,4,49.0,84.0,69.0
India,Karnataka,Kalaburagi,"Mahatma Basaveswar Colony, Kalaburgi - KSPCB",2025-11-18 17:00:00,17.336318,76.847397,0,37.0,61.0,40.0
India,Karnataka,Shivamogga,"Vinoba Nagara, Shivamogga - KSPCB",2025-11-18 17:00:00,13.94,75.555917,5,28.0,36.0,34.0
India,Karnataka,Shivamogga,"Vinoba Nagara, Shivamogga - KSPCB",2025-11-18 17:00:00,13.94,75.555917,4,41.0,52.0,48.0
India,Karnataka,Tumakuru,"Thimmalapura, Tumakuru - KSPCB",2025-11-18 17:00:00,13.377516,77.099072,4,41.0,52.0,48.0
India,Karnataka,Davanagere,"Devaraj Urs Badavane, Davanagere - KSPCB",2025-11-18 17:00:00,14.4758,75.9052,2,41.0,52.0,48.0
India,Karnataka,Dharwad,"Kalabhavan, Dharwad - KSPCB",2025-11-18 17:00:00,15.459706,75.008381,4,70.0,93.0,86.0
India,Kerala,Kannur,"Thavakkara, Kannur - Kerala PCB",2025-11-18 17:00:00,11.875,75.3732,5,44.0,49.0,47.0
India,Kerala,Kannur,"Thavakkara, Kannur - Kerala PCB",2025-11-18 17:00:00,11.875,75.3732,2,15.0,16.0,16.0
India,Kerala,Kannur,"Thavakkara, Kannur - Kerala PCB",2025-11-18 17:00:00,11.875,75.3732,1,2.0,2.0,2.0
India,Madhya Pradesh,Bhopal,"T T Nagar, Bhopal - MPPCB",2025-11-18 17:00:00,23.233584,77.400574,4,130.0,329.0,186.0
India,Madhya Pradesh,Bhopal,"T T Nagar, Bhopal - MPPCB",2025-11-18 17:00:00,23.233584,77.400574,6,7.0,13.0,10.0
India,Karnataka,Mangalore,"Kadri, Mangalore - KSPCB",2025-11-18 17:00:00,12.88925,74.853,2,2.0,5.0,3.0
India,Maharashtra,Akola,"Ramdaspeth, Akola - MPCB",2025-11-18 17:00:00,20.719516,77.000253,4,62.0,126.0,89.0
India,Maharashtra,Akola,"Ramdaspeth, Akola - MPCB",2025-11-18 17:00:00,20.719516,77.000253,2,22.0,103.0,46.0
India,Maharashtra,Akola,"Ramdaspeth, Akola - MPCB",2025-11-18 17:00:00,20.719516,77.000253,3,2.0,67.0,53.0
India,Maharashtra,Amravati,"Shivneri Colony, Amravati - MPCB",2025-11-18 17:00:00,20.9402359,77.7895248,2,10.0,35.0,18.0
India,Maharashtra,Amravati,"Shivneri Colony, Amravati - MPCB",2025-11-18 17:00:00,20.9402359,77.7895248,1,2.0,2.0,2.0
India,Maharashtra,Amravati,"Shivneri Colony, Amravati - MPCB",2025-11-18 17:00:00,20.9402359,77.7895248,0,21.0,51.0,26.0
India,Maharashtra,Amravati,"Shri Shivaji Science College, Amravati - MPCB",2025-11-18 17:00:00,20.939198,77.765701,4,76.0,254.0,122.0
India,Maharashtra,Amravati,"Shri Shivaji Science College, Amravati - MPCB",2025-11-18 17:00:00,20.939198,77.765701,1,1.0,16.0,4.0
India,Madhya Pradesh,Gwalior,"Deen Dayal Nagar, Gwalior - MPPCB",2025-11-18 17:00:00,26.259242,78.216432,2,17.0,139.0,54.0
India,Madhya Pradesh,Gwalior,"Maharaj Bada, Gwalior - MPPCB",2025-11-18 17:00:00,26.200388,78.147714,4,104.0,314.0,146.0
India,Madhya Pradesh,Gwalior,"Maharaj Bada, Gwalior - MPPCB",2025-11-18 17:00:00,26.200388,78.147714,2,20.0,140.0,62.0
India,Madhya Pradesh,Gwalior,"Maharaj Bada, Gwalior - MPPCB",2025-11-18 17:00:00,26.200388,78.147714,1,4.0,4.0,4.0
India,Madhya Pradesh,Gwalior,"Maharaj Bada, Gwalior - MPPCB",2025-11-18 17:00:00,26.200388,78.147714,6,7.0,11.0,9.0
India,Madhya Pradesh,Gwalior,"Maharaj Bada, Gwalior - MPPCB",2025-11-18 17:00:00,26.200388,78.147714,0,4.0,140.0,43.0
India,Madhya Pradesh,Indore,"Airport Area, Indore - IMC",2025-11-18 17:00:00,22.7289,75.8076,5,40.0,218.0,90.0
India,Madhya Pradesh,Indore,"Airport Area, Indore - IMC",2025-11-18 17:00:00,22.7289,75.8076,4,54.0,207.0,104.0
India,Madhya Pradesh,Mandideep,"Sector-D Industrial Area, Mandideep - MPPCB",2025-11-18 17:00:00,23.10844,77.511428,0,34.0,130.0,56.0
India,Madhya Pradesh,Pithampur,"Sector-2 Industrial Area, Pithampur - MPPCB",2025-11-18 17:00:00,22.624758,75.675238,1,2.0,5.0,3.0
India,Madhya Pradesh,Ratlam,"Shasthri Nagar, Ratlam - IPCA Lab",2025-11-18 17:00:00,23.331731,75.045981,4,115.0,221.0,161.0
India,Madhya Pradesh,Ratlam,"Shasthri Nagar, Ratlam - IPCA Lab",2025-11-18 17:00:00,23.331731,75.045981,2,10.0,53.0,23.0
India,Madhya Pradesh,Sagar,"Civil Lines, Sagar - MPPCB",2025-11-18 17:00:00,23.838586,78.759431,5,101.0,312.0,228.0
India,Madhya Pradesh,Sagar,"Deen Dayal Nagar, Sagar - MPPCB",2025-11-18 17:00:00,23.8640158,78.80289321,5,76.0,255.0,129.0
India,Madhya Pradesh,Singrauli,"Suryakiran Bhawan NCL, Singrauli - MPPCB",2025-11-18 17:00:00,24.10897,82.64558,4,88.0,204.0,122.0
India,Madhya Pradesh,Singrauli,"Suryakiran Bhawan NCL, Singrauli - MPPCB",2025-11-18 17:00:00,24.10897,82.64558,0,3.0,96.0,34.0
India,Maharashtra,Ahmednagar,"Tarakpur, Ahmednagar - MPCB",2025-11-18 17:00:00,19.10122,74.73339,5,67.0,177.0,118.0
India,Maharashtra,Ahmednagar,"Tarakpur, Ahmednagar - MPCB",2025-11-18 17:00:00,19.10122,74.73339,6,1.0,31.0,9.0
India,Madhya Pradesh,Indore,"Chhoti Gwaltoli, Indore - MPPCB",2025-11-18 17:00:00,22.431,75.5213,1,1.0,31.0,9.0
India,Madhya Pradesh,Indore,"Maguda Nagar, Indore - IMC",2025-11-18 17:00:00,22.7524,75.8872,6,33.0,39.0,37.0
India,Madhya Pradesh,Indore,"Regional Park, Indore - IMC",2025-11-18 17:00:00,22.678,75.8559,5,47.0,174.0,94.0
India,Madhya Pradesh,Indore,"Regional Park, Indore - IMC",2025-11-18 17:00:00,22.678,75.8559,2,7.0,9.0,8.0
India,Madhya Pradesh,Dewas,"Bhopal Chauraha, Dewas - MPPCB",2025-11-18 17:00:00,22.9682591,76.064118,2,7.0,8.0,7.0
India,Madhya Pradesh,Dewas,"Bhopal Chauraha, Dewas - MPPCB",2025-11-18 17:00:00,22.9682591,76.064118,0,20.0,51.0,24.0
India,Madhya Pradesh,Gwalior,"City Center, Gwalior - MPPCB",2025-11-18 17:00:00,26.203442,78.193251,4,101.0,235.0,147.0
India,Madhya Pradesh,Gwalior,"City Center, Gwalior - MPPCB",2025-11-18 17:00:00,26.203442,78.193251,2,20.0,143.0,55.0
India,Maharashtra,Aurangabad,"MIDC Chilkalthana, Aurangabad - MPCB",2025-11-18 17:00:00,19.87562,75.38731,6,1.0,2.0,1.0
India,Maharashtra,Aurangabad,"More Chowk Waluj, Aurangabad - MPCB",2025-11-18 17:00:00,19.8389439,75.244448,4,61.0,133.0,103.0
India,Maharashtra,Aurangabad,"Rachnakar Colony, Aurangabad - MPCB",2025-11-18 17:00:00,19.863756,75.321188,2,16.0,20.0,18.0
India,Madhya Pradesh,Jabalpur,"Govindh Bhavan Colony, Jabalpur - JMC",2025-11-18 17:00:00,23.163174,79.973061,0,42.0,62.0,50.0
India,Madhya Pradesh,Jabalpur,"Gupteshwar, Jabalpur - JMC",2025-11-18 17:00:00,23.142888,79.916147,5,68.0,277.0,148.0
India,Madhya Pradesh,Jabalpur,"Marhatal, Jabalpur - MPPCB",2025-11-18 17:00:00,23.168606,79.932247,4,100.0,394.0,181.0
India,Madhya Pradesh,Jabalpur,"Suhagi, Jabalpur - JMC",2025-11-18 17:00:00,23.218135,79.95777,3,6.0,67.0,56.0
India,Madhya Pradesh,Katni,"Gole Bazar, Katni - MPPCB",2025-11-18 17:00:00,23.50016,80.23284,4,79.0,379.0,165.0
India,Madhya Pradesh,Katni,"Gole Bazar, Katni - MPPCB",2025-11-18 17:00:00,23.50016,80.23284,1,4.0,5.0,5.0
India,Maharashtra,Aurangabad,"Rachnakar Colony, Aurangabad - MPCB",2025-11-18 17:00:00,19.863756,75.321188,1,1.0,3.0,2.0
India,Maharashtra,Aurangabad,"Rachnakar Colony, Aurangabad - MPCB",2025-11-18 17:00:00,19.863756,75.321188,0,27.0,81.0,31.0
India,Maharashtra,Badlapur,"Katrap, Badlapur - MPCB",2025-11-18 17:00:00,19.16485,73.23409,5,56.0,204.0,112.0
India,Maharashtra,Badlapur,"Katrap, Badlapur - MPCB",2025-11-18 17:00:00,19.16485,73.23409,2,16.0,37.0,26.0
India,Maharashtra,Belapur,"CBD Belapur, Belapur - MPCB",2025-11-18 17:00:00,19.0243902,73.0406721,3,1.0,75.0,54.0
India,Maharashtra,Bhiwandi,"Gokul Nagar, Bhiwandi - MPCB",2025-11-18 17:00:00,19.309073,73.057223,4,93.0,168.0,139.0
India,Maharashtra,Bhiwandi,"Gokul Nagar, Bhiwandi - MPCB",2025-11-18 17:00:00,19.309073,73.057223,0,26.0,64.0,34.0
India,Maharashtra,Boisar,"Khaira, Boisar - MPCB",2025-11-18 17:00:00,19.786089,72.757971,0,18.0,71.0,27.0
India,Maharashtra,Boisar,"Khaira, Boisar - MPCB",2025-11-18 17:00:00,19.786089,72.757971,3,40.0,41.0,41.0
India,Maharashtra,Chandrapur,"Chauhan Colony, Chandrapur - MPCB",2025-11-18 17:00:00,19.9629,79.298714,4,102.0,145.0,122.0
India,Maharashtra,Chandrapur,"Chauhan Colony, Chandrapur - MPCB",2025-11-18 17:00:00,19.9629,79.298714,2,31.0,35.0,32.0
India,Maharashtra,Mumbai,"Bandra Kurla Complex, Mumbai - MPCB",2025-11-18 17:00:00,19.065931,72.862131,0,9.0,47.0,28.0
India,Maharashtra,Mumbai,"Bandra Kurla Complex, Mumbai - MPCB",2025-11-18 17:00:00,19.065931,72.862131,3,2.0,189.0,108.0
India,Maharashtra,Mumbai,"Borivali East, Mumbai - IITM",2025-11-18 17:00:00,19.23241,72.86895,1,4.0,7.0,5.0
India,Maharashtra,Mumbai,"Byculla, Mumbai - BMC",2025-11-18 17:00:00,18.9767,72.838,5,40.0,92.0,68.0
India,Maharashtra,Latur,"Sawe Wadi, Latur - MPCB",2025-11-18 17:00:00,18.39963,76.57452,4,68.0,102.0,86.0
India,Maharashtra,Mahad,"Kamble Tarf Birwadi, Mahad - MPCB",2025-11-18 17:00:00,18.1023399,73.4783687,6,13.0,74.0,29.0
India,Maharashtra,Mumbai,"Byculla, Mumbai - BMC",2025-11-18 17:00:00,18.9767,72.838,3,2.0,62.0,39.0
India,Maharashtra,Mumbai,"Chembur, Mumbai - MPCB",2025-11-18 17:00:00,19.0364585,72.8954371,1,2.0,3.0,2.0
India,Maharashtra,Jalna,"Old MIDC, Jalna - MPCB",2025-11-18 17:00:00,19.854616,75.905894,5,49.0,103.0,65.0
India,Maharashtra,Kalyan,"Khadakpada, Kalyan - MPCB",2025-11-18 17:00:00,19.25292,73.142019,5,29.0,244.0,88.0
India,Maharashtra,Mira-Bhayandar,"Bhayandar West, Mira-Bhayandar - MPCB",2025-11-18 17:00:00,19.296481,72.840923,3,23.0,131.0,96.0
India,Maharashtra,Kolhapur,"Shivaji University, Kolhapur - MPCB",2025-11-18 17:00:00,16.6870449,74.2505872,6,2.0,5.0,3.0
India,Maharashtra,Chandrapur,"Chauhan Colony, Chandrapur - MPCB",2025-11-18 17:00:00,19.9629,79.298714,3,20.0,20.0,20.0
India,Maharashtra,Mumbai,"Kurla, Mumbai - MPCB",2025-11-18 17:00:00,19.0863,72.8888,2,5.0,7.0,6.0
India,Maharashtra,Mumbai,"Kurla, Mumbai - MPCB",2025-11-18 17:00:00,19.0863,72.8888,1,1.0,2.0,2.0
India,Maharashtra,Mumbai,"Kurla, Mumbai - MPCB",2025-11-18 17:00:00,19.0863,72.8888,6,36.0,37.0,36.0
India,Maharashtra,Mumbai,"Kurla, Mumbai - MPCB",2025-11-18 17:00:00,19.0863,72.8888,3,28.0,29.0,28.0
India,Maharashtra,Mumbai,"Malad West, Mumbai - IITM",2025-11-18 17:00:00,19.19709,72.82204,1,4.0,13.0,7.0
India,Maharashtra,Mumbai,"Malad West, Mumbai - IITM",2025-11-18 17:00:00,19.19709,72.82204,0,7.0,102.0,14.0
India,Maharashtra,Mumbai,"Mazgaon, Mumbai - IITM",2025-11-18 17:00:00,18.96702,72.84214,4,115.0,175.0,151.0
India,Maharashtra,Nagpur,"Ram Nagar, Nagpur - MPCB",2025-11-18 17:00:00,21.143383,79.048912,3,5.0,93.0,67.0
India,Maharashtra,Nanded,"Sneh Nagar, Nanded - MPCB",2025-11-18 17:00:00,19.173852,77.296291,4,122.0,161.0,139.0
India,Maharashtra,Nanded,"Sneh Nagar, Nanded - MPCB",2025-11-18 17:00:00,19.173852,77.296291,1,3.0,5.0,4.0
India,Maharashtra,Nanded,"Sneh Nagar, Nanded - MPCB",2025-11-18 17:00:00,19.173852,77.296291,6,1.0,1.0,1.0
India,Maharashtra,Nanded,"Sneh Nagar, Nanded - MPCB",2025-11-18 17:00:00,19.173852,77.296291,0,16.0,26.0,22.0
India,Maharashtra,Nashik,"Gangapur Road, Nashik - MPCB",2025-11-18 17:00:00,20.0073285,73.7762427,5,73.0,177.0,137.0
India,Maharashtra,Mumbai,"Powai, Mumbai - MPCB",2025-11-18 17:00:00,19.1375,72.915056,5,120.0,260.0,185.0
India,Maharashtra,Mumbai,"Powai, Mumbai - MPCB",2025-11-18 17:00:00,19.1375,72.915056,6,28.0,28.0,28.0
India,Maharashtra,Mumbai,"Powai, Mumbai - MPCB",2025-11-18 17:00:00,19.1375,72.915056,0,17.0,18.0,17.0
India,Maharashtra,Mumbai,"Sewri, Mumbai - BMC",2025-11-18 17:00:00,19.000084,72.85673,6,8.0,108.0,52.0
India,Maharashtra,Mumbai,"Shivaji Nagar, Mumbai - BMC",2025-11-18 17:00:00,19.060498,72.923356,5,94.0,302.0,226.0
India,Maharashtra,Mumbai,"Shivaji Nagar, Mumbai - BMC",2025-11-18 17:00:00,19.060498,72.923356,2,24.0,71.0,47.0
India,Maharashtra,Mumbai,"Shivaji Nagar, Mumbai - BMC",2025-11-18 17:00:00,19.060498,72.923356,1,2.0,3.0,3.0
India,Maharashtra,Mumbai,"Chhatrapati Shivaji Intl. Airport (T2), Mumbai - MPCB",2025-11-18 17:00:00,19.10078,72.87462,0,14.0,18.0,15.0
India,Maharashtra,Mumbai,"Colaba, Mumbai - MPCB",2025-11-18 17:00:00,18.91,72.82,5,36.0,73.0,52.0
India,Maharashtra,Mumbai,"Colaba, Mumbai - MPCB",2025-11-18 17:00:00,18.91,72.82,4,47.0,81.0,63.0
India,Maharashtra,Mumbai,"Colaba, Mumbai - MPCB",2025-11-18 17:00:00,18.91,72.82,1,3.0,3.0,3.0
India,Maharashtra,Mumbai,"Deonar, Mumbai - IITM",2025-11-18 17:00:00,19.04946,72.923,5,51.0,309.0,213.0
India,Maharashtra,Mumbai,"Deonar, Mumbai - IITM",2025-11-18 17:00:00,19.04946,72.923,4,147.0,424.0,269.0
India,Maharashtra,Mumbai,"Siddharth Nagar-Worli, Mumbai - IITM",2025-11-18 17:00:00,19.000083,72.813993,5,98.0,236.0,173.0
India,Maharashtra,Mumbai,"Sion, Mumbai - MPCB",2025-11-18 17:00:00,19.047,72.8746,4,39.0,112.0,61.0
India,Maharashtra,Mumbai,"Vile Parle West, Mumbai - MPCB",2025-11-18 17:00:00,19.10861,72.83622,2,6.0,30.0,22.0
India,Maharashtra,Mumbai,"Vile Parle West, Mumbai - MPCB",2025-11-18 17:00:00,19.10861,72.83622,1,1.0,5.0,4.0
India,Maharashtra,Mumbai,"Worli, Mumbai - MPCB",2025-11-18 17:00:00,18.9936162,72.8128113,2,4.0,16.0,8.0
India,Maharashtra,Mumbai,"Kandivali West, Mumbai - BMC",2025-11-18 17:00:00,19.215859,72.831718,0,12.0,62.0,19.0
India,Maharashtra,Mumbai,"Kherwadi_Bandra East, Mumbai - MPCB",2025-11-18 17:00:00,19.0632143,72.8456324,4,83.0,149.0,125.0
India,Maharashtra,Mumbai,"Kherwadi_Bandra East, Mumbai - MPCB",2025-11-18 17:00:00,19.0632143,72.8456324,6,3.0,4.0,3.0
India,Maharashtra,Mumbai,"Khindipada-Bhandup West, Mumbai - IITM",2025-11-18 17:00:00,19.1653323,72.922099,2,13.0,74.0,27.0
India,Maharashtra,Mumbai,"Khindipada-Bhandup West, Mumbai - IITM",2025-11-18 17:00:00,19.1653323,72.922099,0,22.0,43.0,35.0
India,Maharashtra,Mumbai,"Mindspace-Malad West, Mumbai - MPCB",2025-11-18 17:00:00,19.1878657,72.8304069,2,25.0,134.0,53.0
India,Maharashtra,Mumbai,"Mulund West, Mumbai - MPCB",2025-11-18 17:00:00,19.175,72.9419,5,25.0,134.0,53.0
India,Maharashtra,Mumbai,"Mulund West, Mumbai - MPCB",2025-11-18 17:00:00,19.175,72.9419,1,25.0,134.0,53.0
India,Maharashtra,Mumbai,"Navy Nagar-Colaba, Mumbai - IITM",2025-11-18 17:00:00,18.897756,72.81332,6,6.0,43.0,22.0
India,Maharashtra,Mumbai,"Ghatkopar, Mumbai - BMC",2025-11-18 17:00:00,19.083694,72.920967,5,90.0,223.0,140.0
India,Maharashtra,Mumbai,"Ghatkopar, Mumbai - BMC",2025-11-18 17:00:00,19.083694,72.920967,4,85.0,112.0,103.0
India,Maharashtra,Mumbai,"Kandivali East, Mumbai - MPCB",2025-11-18 17:00:00,19.2058,72.8682,1,1.0,2.0,1.0
India,Maharashtra,Nagpur,"Ambazari, Nagpur - MPCB",2025-11-18 17:00:00,21.121801,79.04952,2,17.0,74.0,33.0
India,Maharashtra,Nagpur,"Mahal, Nagpur - MPCB",2025-11-18 17:00:00,21.14472,79.107595,6,8.0,67.0,33.0
India,Maharashtra,Nashik,"Hirawadi, Nashik - MPCB",2025-11-18 17:00:00,20.021503,73.813844,4,106.0,149.0,122.0
India,Maharashtra,Nashik,"Hirawadi, Nashik - MPCB",2025-11-18 17:00:00,20.021503,73.813844,6,1.0,7.0,3.0
India,Maharashtra,Nashik,"MIDC Ambad, Nashik - MPCB",2025-11-18 17:00:00,19.95022,73.73148,4,115.0,149.0,130.0
India,Maharashtra,Nashik,"MIDC Ambad, Nashik - MPCB",2025-11-18 17:00:00,19.95022,73.73148,2,21.0,59.0,33.0
India,Maharashtra,Nashik,"MIDC Ambad, Nashik - MPCB",2025-11-18 17:00:00,19.95022,73.73148,0,13.0,15.0,14.0
India,Maharashtra,Nashik,"Pandav Nagari, Nashik - MPCB",2025-11-18 17:00:00,19.9591346,73.7788008,6,1.0,9.0,4.0
India,Maharashtra,Navi Mumbai,"Kopripada-Vashi, Navi Mumbai - MPCB",2025-11-18 17:00:00,19.090337,73.014232,2,14.0,72.0,40.0
India,Maharashtra,Navi Mumbai,"Sanpada, Navi Mumbai - MPCB",2025-11-18 17:00:00,19.0575752,73.0151367,0,24.0,103.0,42.0
India,Maharashtra,Navi Mumbai,"Tondare-Taloja, Navi Mumbai - MPCB",2025-11-18 17:00:00,19.063,73.1209,4,52.0,164.0,96.0
India,Maharashtra,Navi Mumbai,"Tondare-Taloja, Navi Mumbai - MPCB",2025-11-18 17:00:00,19.063,73.1209,6,2.0,3.0,2.0
India,Maharashtra,Navi Mumbai,"Tondare-Taloja, Navi Mumbai - MPCB",2025-11-18 17:00:00,19.063,73.1209,3,11.0,22.0,11.0
India,Maharashtra,Parbhani,"Masoom Colony, Parbhani - MPCB",2025-11-18 17:00:00,19.265594,76.761463,5,127.0,304.0,208.0
India,Maharashtra,Pune,"Revenue Colony-Shivajinagar, Pune - IITM",2025-11-18 17:00:00,18.530085,73.849598,4,150.0,349.0,234.0
India,Maharashtra,Pune,"Savitribai Phule Pune University, Pune - MPCB",2025-11-18 17:00:00,18.547056,73.826908,1,1.0,6.0,2.0
India,Maharashtra,Pune,"Transport Nagar-Nigdi, Pune - IITM",2025-11-18 17:00:00,18.664282,73.763966,5,67.0,181.0,108.0
India,Maharashtra,Pune,"Transport Nagar-Nigdi, Pune - IITM",2025-11-18 17:00:00,18.664282,73.763966,0,26.0,80.0,66.0
India,Maharashtra,Thane,"Upvan Fort, Thane - MPCB",2025-11-18 17:00:00,19.222279,72.957979,1,1.0,1.0,1.0
India,Maharashtra,Thane,"Upvan Fort, Thane - MPCB",2025-11-18 17:00:00,19.222279,72.957979,0,16.0,44.0,24.0
India,Maharashtra,Ulhasnagar,"Sidhi Vinayak Nagar, Ulhasnagar - MPCB",2025-11-18 17:00:00,19.235581,73.159121,1,2.0,6.0,4.0
India,Maharashtra,Virar,"Bolinj, Virar - MPCB",2025-11-18 17:00:00,19.445821,72.7988231,5,70.0,111.0,86.0
India,Maharashtra,Pune,"Hadapsar, Pune - IITM",2025-11-18 17:00:00,18.501793,73.927532,0,38.0,53.0,50.0
India,Maharashtra,Pune,"Katraj Dairy, Pune - MPCB",2025-11-18 17:00:00,18.45445,73.854155,4,38.0,53.0,50.0
India,Maharashtra,Pune,"Panchawati_Pashan, Pune - IITM",2025-11-18 17:00:00,18.536457,73.805454,5,38.0,53.0,50.0
India,Maharashtra,Pune,"Panchawati_Pashan, Pune - IITM",2025-11-18 17:00:00,18.536457,73.805454,2,38.0,53.0,50.0
India,Maharashtra,Pune,"Panchawati_Pashan, Pune - IITM",2025-11-18 17:00:00,18.536457,73.805454,0,5.0,18.0,11.0
India,Maharashtra,Sangli,"Vijay Nagar, Sangli - MPCB",2025-11-18 17:00:00,16.5038,74.3623,2,25.0,88.0,42.0
India,Maharashtra,Solapur,"Dnyaneshwar Nagar, Solapur - MPCB",2025-11-18 17:00:00,17.6336264,75.9132495,5,56.0,97.0,74.0
India,Maharashtra,Thane,"Kasarvadavali, Thane - MPCB",2025-11-18 17:00:00,19.26777,72.97182,4,85.0,165.0,127.0
India,Maharashtra,Pimpri-Chinchwad,"Park Street Wakad, Pimpri Chinchwad - MPCB",2025-11-18 17:00:00,18.59051,73.77946,2,48.0,107.0,72.0
India,Maharashtra,Pimpri-Chinchwad,"Park Street Wakad, Pimpri Chinchwad - MPCB",2025-11-18 17:00:00,18.59051,73.77946,6,48.0,107.0,72.0
India,Maharashtra,Pimpri-Chinchwad,"Savta Mali Nagar, Pimpri-Chinchwad - IITM",2025-11-18 17:00:00,18.614767,73.799516,4,100.0,437.0,158.0
India,Maharashtra,Navi Mumbai,"Kopripada-Vashi, Navi Mumbai - MPCB",2025-11-18 17:00:00,19.090337,73.014232,0,14.0,64.0,21.0
India,Maharashtra,Navi Mumbai,"Mahape, Navi Mumbai - MPCB",2025-11-18 17:00:00,19.1135051,73.008978,6,24.0,27.0,26.0
India,Maharashtra,Navi Mumbai,"Nerul, Navi Mumbai - MPCB",2025-11-18 17:00:00,19.008751,73.01662,1,4.0,4.0,4.0
India,Maharashtra,Pimpri-Chinchwad,"Gavalinagar, Pimpri Chinchwad - MPCB",2025-11-18 17:00:00,18.63673,73.82487,5,83.0,283.0,165.0
India,Maharashtra,Pimpri-Chinchwad,"Gavalinagar, Pimpri Chinchwad - MPCB",2025-11-18 17:00:00,18.63673,73.82487,4,124.0,224.0,160.0
India,Maharashtra,Pimpri-Chinchwad,"Gavalinagar, Pimpri Chinchwad - MPCB",2025-11-18 17:00:00,18.63673,73.82487,2,27.0,126.0,63.0
India,Odisha,Bhubaneswar,"Lingraj Mandir, Bhubaneswar - OSPCB",2025-11-18 17:00:00,20.24079,85.836784,1,5.0,7.0,6.0
India,Odisha,Bhubaneswar,"Lingraj Mandir, Bhubaneswar - OSPCB",2025-11-18 17:00:00,20.24079,85.836784,6,1.0,34.0,10.0
India,Odisha,Bhubaneswar,"Lingraj Mandir, Bhubaneswar - OSPCB",2025-11-18 17:00:00,20.24079,85.836784,0,3.0,122.0,45.0
India,Odisha,Bhubaneswar,"Lingraj Mandir, Bhubaneswar - OSPCB",2025-11-18 17:00:00,20.24079,85.836784,3,1.0,296.0,209.0
India,Odisha,Bileipada,"Tata Township, Bileipada - OSPCB",2025-11-18 17:00:00,22.06156703,85.47409613,2,6.0,7.0,7.0
India,Odisha,Brajrajnagar,"GM Office, Brajrajnagar - OSPCB",2025-11-18 17:00:00,21.8004996,83.8396977,4,53.0,176.0,97.0
India,Odisha,Brajrajnagar,"GM Office, Brajrajnagar - OSPCB",2025-11-18 17:00:00,21.8004996,83.8396977,0,4.0,22.0,14.0
India,Punjab,Jalandhar,"Civil Line, Jalandhar - PPCB",2025-11-18 17:00:00,31.321907,75.578914,4,94.0,154.0,120.0
India,Punjab,Jalandhar,"Civil Line, Jalandhar - PPCB",2025-11-18 17:00:00,31.321907,75.578914,6,14.0,15.0,15.0
India,Punjab,Khanna,"Kalal Majra, Khanna - PPCB",2025-11-18 17:00:00,30.736056,76.209694,5,70.0,223.0,163.0
India,Punjab,Khanna,"Kalal Majra, Khanna - PPCB",2025-11-18 17:00:00,30.736056,76.209694,0,5.0,33.0,10.0
India,Punjab,Ludhiana,"Punjab Agricultural University, Ludhiana - PPCB",2025-11-18 17:00:00,30.9028,75.8086,5,136.0,223.0,164.0
India,Punjab,Ludhiana,"Punjab Agricultural University, Ludhiana - PPCB",2025-11-18 17:00:00,30.9028,75.8086,4,133.0,169.0,143.0
India,Punjab,Ludhiana,"Punjab Agricultural University, Ludhiana - PPCB",2025-11-18 17:00:00,30.9028,75.8086,0,6.0,92.0,47.0
India,Meghalaya,Shillong,"Lumpyngngad, Shillong - Meghalaya PCB",2025-11-18 17:00:00,25.5586,91.8985,4,1.0,163.0,27.0
India,Meghalaya,Shillong,"Lumpyngngad, Shillong - Meghalaya PCB",2025-11-18 17:00:00,25.5586,91.8985,6,5.0,6.0,6.0
India,Nagaland,Kohima,"PWD Junction, Kohima - NPCB",2025-11-18 17:00:00,25.6635413,94.0989878,2,3.0,5.0,4.0
India,Odisha,Angul,"Hakimapada, Angul - OSPCB",2025-11-18 17:00:00,20.832874,85.104082,4,118.0,228.0,154.0
India,Odisha,Angul,"Hakimapada, Angul - OSPCB",2025-11-18 17:00:00,20.832874,85.104082,2,15.0,64.0,32.0
India,Odisha,Angul,"Hakimapada, Angul - OSPCB",2025-11-18 17:00:00,20.832874,85.104082,3,23.0,151.0,113.0
India,Odisha,Byasanagar,"Ferro Chrome Colony, Byasanagar - OSPCB",2025-11-18 17:00:00,20.94185,86.1151,5,80.0,308.0,150.0
India,Odisha,Byasanagar,"Ferro Chrome Colony, Byasanagar - OSPCB",2025-11-18 17:00:00,20.94185,86.1151,6,9.0,25.0,17.0
India,Odisha,Byasanagar,"Ferro Chrome Colony, Byasanagar - OSPCB",2025-11-18 17:00:00,20.94185,86.1151,0,18.0,60.0,24.0
India,Odisha,Cuttack,"CDA Area, Cuttack - OSPCB",2025-11-18 17:00:00,20.48891,85.84768,0,46.0,125.0,56.0
India,Odisha,Keonjhar,"Jagamohanpur, Keonjhar - OSPCB",2025-11-18 17:00:00,21.6439,85.599355,6,10.0,29.0,14.0
India,Puducherry,Puducherry,"Jawahar Nagar, Puducherry - PPCC",2025-11-18 17:00:00,11.9309,79.8027,5,17.0,154.0,88.0
India,Puducherry,Puducherry,"Jawahar Nagar, Puducherry - PPCC",2025-11-18 17:00:00,11.9309,79.8027,4,15.0,87.0,61.0
India,Puducherry,Puducherry,"Jawahar Nagar, Puducherry - PPCC",2025-11-18 17:00:00,11.9309,79.8027,6,4.0,19.0,8.0
India,Punjab,Bathinda,"Hardev Nagar, Bathinda - PPCB",2025-11-18 17:00:00,30.233011,74.907758,4,23.0,137.0,94.0
India,Punjab,Bathinda,"Hardev Nagar, Bathinda - PPCB",2025-11-18 17:00:00,30.233011,74.907758,2,31.0,33.0,32.0
India,Odisha,Rourkela,"Raghunathpali, Rourkela - OSPCB",2025-11-18 17:00:00,22.220833,84.809444,5,31.0,33.0,32.0
India,Odisha,Talcher,"Talcher Coalfields,Talcher - OSPCB",2025-11-18 17:00:00,20.9360711,85.1707021,1,5.0,7.0,6.0
India,Odisha,Tensa,"Barsua Iron Ore Mines, Tensa - OSPCB",2025-11-18 17:00:00,21.869985,85.167016,6,17.0,71.0,28.0
India,Odisha,Barbil,"Forest Office, Barbil - OSPCB",2025-11-18 17:00:00,22.1166054,85.3945546,3,3.0,63.0,50.0
India,Odisha,Bhubaneswar,"Lingraj Mandir, Bhubaneswar - OSPCB",2025-11-18 17:00:00,20.24079,85.836784,5,120.0,347.0,229.0
India,Odisha,Bhubaneswar,"Lingraj Mandir, Bhubaneswar - OSPCB",2025-11-18 17:00:00,20.24079,85.836784,4,105.0,355.0,161.0
India,Punjab,Mandi Gobindgarh,"RIMT University, Mandi Gobindgarh - PPCB",2025-11-18 17:00:00,30.649961,76.331442,5,99.0,198.0,142.0
India,Punjab,Mandi Gobindgarh,"RIMT University, Mandi Gobindgarh - PPCB",2025-11-18 17:00:00,30.649961,76.331442,0,23.0,98.0,69.0
India,Punjab,Patiala,"Model Town, Patiala - PPCB",2025-11-18 17:00:00,30.349388,76.366642,4,82.0,193.0,137.0
India,Odisha,Keonjhar,"Jagamohanpur, Keonjhar - OSPCB",2025-11-18 17:00:00,21.6439,85.599355,0,4.0,113.0,66.0
India,Odisha,Rourkela,"Fertilizer Township, Rourkela - OSPCB",2025-11-18 17:00:00,22.18972222,84.86277778,2,11.0,11.0,11.0
India,Rajasthan,Ajmer,"Civil Lines,  Ajmer - RSPCB",2025-11-18 17:00:00,26.470859,74.646594,1,2.0,3.0,3.0
India,Rajasthan,Alwar,"Moti Doongri, Alwar - RSPCB",2025-11-18 17:00:00,27.554793,76.611536,2,56.0,96.0,71.0
India,Rajasthan,Alwar,"Moti Doongri, Alwar - RSPCB",2025-11-18 17:00:00,27.554793,76.611536,1,11.0,20.0,14.0
India,Rajasthan,Alwar,"Moti Doongri, Alwar - RSPCB",2025-11-18 17:00:00,27.554793,76.611536,3,13.0,56.0,32.0
India,Rajasthan,Banswara,"Rati Talai, Banswara - RSPCB",2025-11-18 17:00:00,23.55519,74.44001,5,13.0,56.0,32.0
India,Rajasthan,Banswara,"Rati Talai, Banswara - RSPCB",2025-11-18 17:00:00,23.55519,74.44001,1,5.0,68.0,11.0
India,Rajasthan,Banswara,"Rati Talai, Banswara - RSPCB",2025-11-18 17:00:00,23.55519,74.44001,6,4.0,40.0,13.0
India,Rajasthan,Banswara,"Rati Talai, Banswara - RSPCB",2025-11-18 17:00:00,23.55519,74.44001,3,3.0,186.0,147.0
India,Rajasthan,Baran,"Bamboliya, Baran - RSPCB",2025-11-18 17:00:00,25.106006,76.469948,5,45.0,325.0,183.0
India,Rajasthan,Baran,"Bamboliya, Baran - RSPCB",2025-11-18 17:00:00,25.106006,76.469948,4,65.0,182.0,121.0
India,Rajasthan,Dausa,"Khatikan Mohalla, Dausa - RSPCB",2025-11-18 17:00:00,26.895552,76.334753,5,57.0,337.0,138.0
India,Rajasthan,Dausa,"Khatikan Mohalla, Dausa - RSPCB",2025-11-18 17:00:00,26.895552,76.334753,0,48.0,128.0,76.0
India,Rajasthan,Dausa,"Khatikan Mohalla, Dausa - RSPCB",2025-11-18 17:00:00,26.895552,76.334753,3,1.0,154.0,110.0
India,Rajasthan,Dholpur,"Raja Ganj, Dholpur - RSPCB",2025-11-18 17:00:00,26.699557,77.898881,2,22.0,94.0,38.0
India,Rajasthan,Dholpur,"Raja Ganj, Dholpur - RSPCB",2025-11-18 17:00:00,26.699557,77.898881,6,1.0,19.0,8.0
India,Rajasthan,Dholpur,"Raja Ganj, Dholpur - RSPCB",2025-11-18 17:00:00,26.699557,77.898881,3,26.0,43.0,39.0
India,Rajasthan,Dungarpur,"Bhoiwada, Dungarpur - RSPCB",2025-11-18 17:00:00,23.837789,73.714926,4,83.0,172.0,132.0
India,Rajasthan,Jaipur,"Shastri Nagar, Jaipur - RSPCB",2025-11-18 17:00:00,26.9502929,75.730943,2,55.0,114.0,87.0
India,Rajasthan,Jaisalmer,"Sadar Bazar, Jaisalmer - RSPCB",2025-11-18 17:00:00,26.912329,70.909168,5,30.0,301.0,103.0
India,Rajasthan,Jaisalmer,"Sadar Bazar, Jaisalmer - RSPCB",2025-11-18 17:00:00,26.912329,70.909168,4,46.0,289.0,137.0
India,Rajasthan,Jalore,"Mudtra Sili, Jalore - RSPCB",2025-11-18 17:00:00,25.344694,72.626208,1,2.0,9.0,5.0
India,Rajasthan,Bhilwara,"Pratap Nagar, Bhilwara - RSPCB",2025-11-18 17:00:00,25.339605,74.618883,0,18.0,113.0,28.0
India,Rajasthan,Bhiwadi,"RIICO Ind. Area III, Bhiwadi - RSPCB",2025-11-18 17:00:00,28.194909,76.862296,2,25.0,57.0,39.0
India,Rajasthan,Bhiwadi,"Vasundhara Nagar_UIT, Bhiwadi - RSPCB",2025-11-18 17:00:00,28.207266,76.829265,4,157.0,500.0,311.0
India,Rajasthan,Bhiwadi,"Vasundhara Nagar_UIT, Bhiwadi - RSPCB",2025-11-18 17:00:00,28.207266,76.829265,1,1.0,8.0,5.0
India,Rajasthan,Dungarpur,"Bhoiwada, Dungarpur - RSPCB",2025-11-18 17:00:00,23.837789,73.714926,2,13.0,88.0,31.0
India,Rajasthan,Jaipur,"Adarsh Nagar, Jaipur - RSPCB",2025-11-18 17:00:00,26.902909,75.836858,3,15.0,84.0,65.0
India,Rajasthan,Jaipur,"Mansarovar Sector-12, Jaipur - RSPCB",2025-11-18 17:00:00,26.843698,75.766894,1,8.0,12.0,10.0
India,Rajasthan,Jaipur,"RIICO Sitapura, Jaipur - RSPCB",2025-11-18 17:00:00,26.786682,75.827928,4,127.0,425.0,227.0
India,Rajasthan,Jaipur,"Sector-2 Murlipura, Jaipur - RSPCB",2025-11-18 17:00:00,26.960669,75.771817,4,48.0,218.0,107.0
India,Rajasthan,Jaipur,"Sector-2 Murlipura, Jaipur - RSPCB",2025-11-18 17:00:00,26.960669,75.771817,1,2.0,34.0,11.0
India,Rajasthan,Barmer,"Railway Colony, Barmer - RSPCB",2025-11-18 17:00:00,25.747299,71.393989,1,3.0,28.0,10.0
India,Rajasthan,Bharatpur,"Krishna Nagar, Bharatpur - RSPCB",2025-11-18 17:00:00,27.215415,77.50873,2,29.0,102.0,48.0
India,Rajasthan,Ajmer,"Civil Lines,  Ajmer - RSPCB",2025-11-18 17:00:00,26.470859,74.646594,5,75.0,251.0,111.0
India,Rajasthan,Ajmer,"Civil Lines,  Ajmer - RSPCB",2025-11-18 17:00:00,26.470859,74.646594,4,92.0,264.0,139.0
India,Rajasthan,Ajmer,"Civil Lines,  Ajmer - RSPCB",2025-11-18 17:00:00,26.470859,74.646594,2,19.0,41.0,24.0
India,Rajasthan,Bikaner,"MM Ground, Bikaner - RSPCB",2025-11-18 17:00:00,28.018792,73.292658,4,98.0,470.0,201.0
India,Rajasthan,Bikaner,"MM Ground, Bikaner - RSPCB",2025-11-18 17:00:00,28.018792,73.292658,3,3.0,134.0,90.0
India,Rajasthan,Jodhpur,"Digari Kalan, Jodhpur - RSPCB",2025-11-18 17:00:00,26.29581,73.082283,2,8.0,107.0,49.0
India,Rajasthan,Jodhpur,"Digari Kalan, Jodhpur - RSPCB",2025-11-18 17:00:00,26.29581,73.082283,3,3.0,141.0,115.0
India,Rajasthan,Jodhpur,"Jhalamand, Jodhpur - RSPCB",2025-11-18 17:00:00,26.215415,73.070156,0,13.0,80.0,20.0
India,Rajasthan,Jodhpur,"Mandor, Jodhpur - RSPCB",2025-11-18 17:00:00,26.358805,73.047444,5,35.0,177.0,89.0
India,Rajasthan,Jodhpur,"Mandor, Jodhpur - RSPCB",2025-11-18 17:00:00,26.358805,73.047444,1,3.0,7.0,5.0
India,Rajasthan,Jodhpur,"Mandor, Jodhpur - RSPCB",2025-11-18 17:00:00,26.358805,73.047444,6,2.0,13.0,5.0
India,Rajasthan,Jodhpur,"Mandor, Jodhpur - RSPCB",2025-11-18 17:00:00,26.358805,73.047444,0,14.0,54.0,21.0
India,Rajasthan,Jodhpur,"Samrat Ashok Udhyan, Jodhpur - RSPCB",2025-11-18 17:00:00,26.253384,72.976571,5,43.0,416.0,174.0
India,Rajasthan,Tonk,"Shastri Nagar, Tonk - RSPCB",2025-11-18 17:00:00,26.159933,75.780517,5,88.0,389.0,224.0
India,Rajasthan,Tonk,"Shastri Nagar, Tonk - RSPCB",2025-11-18 17:00:00,26.159933,75.780517,4,118.0,450.0,234.0
India,Rajasthan,Udaipur,"Ashok Nagar, Udaipur - RSPCB",2025-11-18 17:00:00,24.5886166,73.6321397,4,58.0,195.0,117.0
India,TamilNadu,Ariyalur,"Keelapalur, Ariyalur - TNPCB",2025-11-18 17:00:00,11.06825,79.07033,1,58.0,195.0,117.0
India,TamilNadu,Chennai,"Alandur Bus Depot, Chennai - CPCB",2025-11-18 17:00:00,12.9099161,80.1076538,2,25.0,32.0,28.0
India,Rajasthan,Karauli,"Satyawati Vihar, Karauli - RSPCB",2025-11-18 17:00:00,26.506177,77.025989,2,11.0,132.0,34.0
India,Rajasthan,Karauli,"Satyawati Vihar, Karauli - RSPCB",2025-11-18 17:00:00,26.506177,77.025989,6,7.0,14.0,9.0
India,Rajasthan,Karauli,"Satyawati Vihar, Karauli - RSPCB",2025-11-18 17:00:00,26.506177,77.025989,3,7.0,157.0,117.0
India,Rajasthan,Kota,"Dhanmandi, Kota - RSPCB",2025-11-18 17:00:00,25.16409,75.858137,0,20.0,125.0,32.0
India,Rajasthan,Kota,"Dhanmandi, Kota - RSPCB",2025-11-18 17:00:00,25.16409,75.858137,3,1.0,184.0,133.0
India,Rajasthan,Kota,"Nayapura, Kota - RSPCB",2025-11-18 17:00:00,25.196024,75.855668,2,28.0,135.0,64.0
India,TamilNadu,Chennai,"Arumbakkam, Chennai - TNPCB",2025-11-18 17:00:00,13.0664,80.2112,4,15.0,129.0,80.0
India,TamilNadu,Chennai,"Arumbakkam, Chennai - TNPCB",2025-11-18 17:00:00,13.0664,80.2112,1,3.0,5.0,4.0
India,TamilNadu,Chennai,"Gandhi Nagar_Ennore, Chennai - TNPCB",2025-11-18 17:00:00,13.218341,80.32027,5,3.0,5.0,4.0
India,TamilNadu,Chennai,"Gandhi Nagar_Ennore, Chennai - TNPCB",2025-11-18 17:00:00,13.218341,80.32027,6,3.0,5.0,4.0
India,TamilNadu,Chennai,"Manali Village, Chennai - TNPCB",2025-11-18 17:00:00,13.1662,80.2584,6,10.0,12.0,10.0
India,Rajasthan,Kota,"Shrinath Puram, Kota - RSPCB",2025-11-18 17:00:00,25.14389,75.821256,5,157.0,345.0,261.0
India,Rajasthan,Nagaur,"Karni Colony, Nagaur - RSPCB",2025-11-18 17:00:00,27.213494,73.734444,5,33.0,356.0,166.0
India,Rajasthan,Nagaur,"Karni Colony, Nagaur - RSPCB",2025-11-18 17:00:00,27.213494,73.734444,1,9.0,18.0,13.0
India,Rajasthan,Pali,"Indira Colony Vistar, Pali - RSPCB",2025-11-18 17:00:00,25.771061,73.340227,2,26.0,56.0,36.0
India,Rajasthan,Sikar,"Radhakishan Pura, Sikar - RSPCB",2025-11-18 17:00:00,27.608912,75.153302,6,3.0,11.0,6.0
India,Rajasthan,Sikar,"Radhakishan Pura, Sikar - RSPCB",2025-11-18 17:00:00,27.608912,75.153302,3,7.0,113.0,96.0
India,Rajasthan,Sirohi,"Vedhaynath Colony, Sirohi - RSPCB",2025-11-18 17:00:00,24.885261,72.857549,3,18.0,117.0,91.0
India,Rajasthan,Sri Ganganagar,"Old City, Sri Ganganagar - RSPCB",2025-11-18 17:00:00,29.931624,73.864511,0,38.0,194.0,68.0
India,Rajasthan,Jhalawar,"Rajlaxmi Nagar, Jhalawar - RSPCB",2025-11-18 17:00:00,24.588397,76.172782,4,78.0,180.0,123.0
India,Rajasthan,Jhalawar,"Rajlaxmi Nagar, Jhalawar - RSPCB",2025-11-18 17:00:00,24.588397,76.172782,6,3.0,20.0,13.0
India,Rajasthan,Jodhpur,"Collectorate, Jodhpur - RSPCB",2025-11-18 17:00:00,26.268249,73.0193853,5,64.0,492.0,239.0
India,Rajasthan,Pali,"Indira Colony Vistar, Pali - RSPCB",2025-11-18 17:00:00,25.771061,73.340227,3,6.0,46.0,29.0
India,Rajasthan,Pratapgarh,"Pragati Nagar, Pratapgarh - RSPCB",2025-11-18 17:00:00,24.041198,74.780702,6,5.0,20.0,8.0
India,Rajasthan,Sawai Madhopur,"Sahu Nagar, Sawai Madhopur - RSPCB",2025-11-18 17:00:00,26.031443,76.359327,5,58.0,316.0,141.0
India,Rajasthan,Sawai Madhopur,"Sahu Nagar, Sawai Madhopur - RSPCB",2025-11-18 17:00:00,26.031443,76.359327,3,1.0,247.0,156.0
India,TamilNadu,Madurai,"Uchapatti, Madurai - TNPCB",2025-11-18 17:00:00,9.865935,78.022669,6,29.0,31.0,30.0
India,TamilNadu,Nagapattinam,"Velippalayam, Nagapattinam - TNPCB",2025-11-18 17:00:00,10.798548,79.838212,6,29.0,31.0,30.0
India,TamilNadu,Nagapattinam,"Velippalayam, Nagapattinam - TNPCB",2025-11-18 17:00:00,10.798548,79.838212,0,22.0,26.0,24.0
India,TamilNadu,Perundurai,"SIPCOT Industrial Park, Perundurai - TNPCB",2025-11-18 17:00:00,11.258242,77.552761,6,10.0,12.0,11.0
India,TamilNadu,Perundurai,"SIPCOT Industrial Park, Perundurai - TNPCB",2025-11-18 17:00:00,11.258242,77.552761,0,17.0,28.0,19.0
India,TamilNadu,Perundurai,"SIPCOT Industrial Park, Perundurai - TNPCB",2025-11-18 17:00:00,11.258242,77.552761,3,10.0,14.0,12.0
India,TamilNadu,Pudukottai,"SIPCOT Nathampannai, Pudukottai - TNPCB",2025-11-18 17:00:00,10.423417,78.784889,4,10.0,14.0,12.0
India,Telangana,Hyderabad,"Zoo Park, Hyderabad - TSPCB",2025-11-18 17:00:00,17.349694,78.451437,2,14.0,43.0,26.0
India,Tripura,Agartala,"Bardowali, Agartala - Tripura SPCB",2025-11-18 17:00:00,23.8175497,91.2726974,5,4.0,79.0,39.0
India,Tripura,Agartala,"Bardowali, Agartala - Tripura SPCB",2025-11-18 17:00:00,23.8175497,91.2726974,6,28.0,30.0,29.0
India,Uttar_Pradesh,Agra,"Manoharpur, Agra - UPPCB",2025-11-18 17:00:00,27.23711,78.01936,4,93.0,174.0,138.0
India,TamilNadu,Pudukottai,"SIPCOT Nathampannai, Pudukottai - TNPCB",2025-11-18 17:00:00,10.423417,78.784889,1,93.0,174.0,138.0
India,TamilNadu,Salem,"Sona College of Technology, Salem - TNPCB",2025-11-18 17:00:00,11.679111,78.125052,0,12.0,12.0,12.0
India,TamilNadu,Thoothukudi,"Meelavittan, Thoothukudi - TNPCB",2025-11-18 17:00:00,8.816428,78.099039,4,31.0,77.0,55.0
India,TamilNadu,Tirupur,"Kumaran College, Tirupur - TNPCB",2025-11-18 17:00:00,11.0973603,77.3228673,2,31.0,77.0,55.0
India,Telangana,Hyderabad,"Kompally Municipal Office, Hyderabad - TSPCB",2025-11-18 17:00:00,17.544899,78.486949,5,41.0,67.0,50.0
India,Telangana,Hyderabad,"Kompally Municipal Office, Hyderabad - TSPCB",2025-11-18 17:00:00,17.544899,78.486949,2,12.0,17.0,16.0
India,Telangana,Hyderabad,"Nacharam_TSIIC IALA, Hyderabad - TSPCB",2025-11-18 17:00:00,17.429398,78.569354,1,4.0,6.0,6.0
India,Telangana,Hyderabad,"New Malakpet, Hyderabad - TSPCB",2025-11-18 17:00:00,17.37206,78.50864,5,50.0,135.0,77.0
India,TamilNadu,Cuddalore,"Kudikadu, Cuddalore - TNPCB",2025-11-18 17:00:00,11.6829898,79.7532099,2,50.0,135.0,77.0
India,TamilNadu,Cuddalore,"Semmandalam, Cuddalore - TNPCB",2025-11-18 17:00:00,11.7637683,79.7499835,1,50.0,135.0,77.0
India,TamilNadu,Karur,"Kamadenu Nagar, Karur - TNPCB",2025-11-18 17:00:00,10.96782,78.080882,1,50.0,135.0,77.0
India,Telangana,Hyderabad,"Central University, Hyderabad - TSPCB",2025-11-18 17:00:00,17.460103,78.334361,4,50.0,135.0,77.0
India,Telangana,Hyderabad,"Central University, Hyderabad - TSPCB",2025-11-18 17:00:00,17.460103,78.334361,2,50.0,135.0,77.0
India,Telangana,Hyderabad,"Central University, Hyderabad - TSPCB",2025-11-18 17:00:00,17.460103,78.334361,6,50.0,135.0,77.0
India,Telangana,Hyderabad,"Central University, Hyderabad - TSPCB",2025-11-18 17:00:00,17.460103,78.334361,3,14.0,19.0,16.0
India,TamilNadu,Coimbatore,"SIDCO Kurichi, Coimbatore - TNPCB",2025-11-18 17:00:00,10.942451,76.978996,5,38.0,137.0,92.0
India,TamilNadu,Coimbatore,"SIDCO Kurichi, Coimbatore - TNPCB",2025-11-18 17:00:00,10.942451,76.978996,4,53.0,121.0,88.0
India,TamilNadu,Coimbatore,"SIDCO Kurichi, Coimbatore - TNPCB",2025-11-18 17:00:00,10.942451,76.978996,6,20.0,23.0,21.0
India,Telangana,Hyderabad,"Somajiguda, Hyderabad - TSPCB",2025-11-18 17:00:00,17.417094,78.457437,0,20.0,44.0,34.0
India,Telangana,Hyderabad,"Zoo Park, Hyderabad - TSPCB",2025-11-18 17:00:00,17.349694,78.451437,4,108.0,154.0,134.0
India,Telangana,Hyderabad,"ICRISAT Patancheru, Hyderabad - TSPCB",2025-11-18 17:00:00,17.5184,78.278777,4,84.0,156.0,132.0
India,Telangana,Hyderabad,"IDA Pashamylaram, Hyderabad - TSPCB",2025-11-18 17:00:00,17.5316895,78.218939,4,55.0,145.0,104.0
India,Uttar_Pradesh,Ghaziabad,"Vasundhara, Ghaziabad - UPPCB",2025-11-18 17:00:00,28.6603346,77.3572563,0,76.0,196.0,102.0
India,Uttar_Pradesh,Gorakhpur,"Madan Mohan Malaviya University of Technology, Gorakhpur - UPPCB",2025-11-18 17:00:00,26.730136,83.433859,6,30.0,32.0,31.0
India,Uttar_Pradesh,Greater Noida,"Knowledge Park - III, Greater Noida - UPPCB",2025-11-18 17:00:00,28.47272,77.482,4,266.0,500.0,430.0
India,Uttar_Pradesh,Greater Noida,"Knowledge Park - V, Greater Noida - UPPCB",2025-11-18 17:00:00,28.557054,77.453663,2,53.0,121.0,84.0
India,Uttar_Pradesh,Greater Noida,"Knowledge Park - V, Greater Noida - UPPCB",2025-11-18 17:00:00,28.557054,77.453663,1,5.0,18.0,9.0
India,Uttar_Pradesh,Kanpur,"FTI Kidwai Nagar, Kanpur - UPPCB",2025-11-18 17:00:00,26.428282,80.327067,3,20.0,22.0,21.0
India,Uttar_Pradesh,Kanpur,"NSI Kalyanpur, Kanpur - UPPCB",2025-11-18 17:00:00,26.509954,80.249612,1,3.0,3.0,3.0
India,Uttar_Pradesh,Kanpur,"Nehru Nagar, Kanpur - UPPCB",2025-11-18 17:00:00,26.4703136,80.3229863,2,20.0,52.0,32.0
India,Uttar_Pradesh,Khurja,"Kalindi Kunj, Khurja - UPPCB",2025-11-18 17:00:00,28.2348927,77.8683002,0,14.0,106.0,56.0
India,Uttar_Pradesh,Lucknow,"B R Ambedkar University, Lucknow - UPPCB",2025-11-18 17:00:00,26.766433,80.927299,5,35.0,201.0,94.0
India,Uttar_Pradesh,Lucknow,"B R Ambedkar University, Lucknow - UPPCB",2025-11-18 17:00:00,26.766433,80.927299,1,4.0,10.0,6.0
India,Uttar_Pradesh,Lucknow,"Gomti Nagar, Lucknow - UPPCB",2025-11-18 17:00:00,26.86812,81.005119,6,8.0,12.0,10.0
India,Uttar_Pradesh,Lucknow,"Kendriya Vidyalaya, Lucknow - CPCB",2025-11-18 17:00:00,26.906111,80.948222,6,4.0,16.0,8.0
India,Uttar_Pradesh,Lucknow,"Kukrail Picnic Spot-1, Lucknow - UPPCB",2025-11-18 17:00:00,26.90723,80.98579,2,31.0,33.0,32.0
India,Uttar_Pradesh,Lucknow,"Kukrail Picnic Spot-1, Lucknow - UPPCB",2025-11-18 17:00:00,26.90723,80.98579,0,9.0,20.0,12.0
India,Uttar_Pradesh,Lucknow,"Lalbagh, Lucknow - CPCB",2025-11-18 17:00:00,26.8458805,80.9365541,5,20.0,284.0,166.0
India,Uttar_Pradesh,Lucknow,"Lalbagh, Lucknow - CPCB",2025-11-18 17:00:00,26.8458805,80.9365541,4,30.0,430.0,206.0
India,Uttar_Pradesh,Lucknow,"Lalbagh, Lucknow - CPCB",2025-11-18 17:00:00,26.8458805,80.9365541,0,2.0,144.0,51.0
India,Uttar_Pradesh,Lucknow,"Talkatora District Industries Center, Lucknow - CPCB",2025-11-18 17:00:00,26.83399722,80.8917361,4,11.0,213.0,150.0
India,Uttar_Pradesh,Lucknow,"Talkatora District Industries Center, Lucknow - CPCB",2025-11-18 17:00:00,26.83399722,80.8917361,2,41.0,61.0,48.0
India,Uttar_Pradesh,Lucknow,"Talkatora District Industries Center, Lucknow - CPCB",2025-11-18 17:00:00,26.83399722,80.8917361,0,6.0,69.0,25.0
India,Uttar_Pradesh,Bareilly,"Rajendra Nagar, Bareilly - UPPCB",2025-11-18 17:00:00,28.38910936,79.42963708,4,40.0,123.0,90.0
India,Uttar_Pradesh,Bareilly,"Rajendra Nagar, Bareilly - UPPCB",2025-11-18 17:00:00,28.38910936,79.42963708,1,1.0,1.0,1.0
India,Uttar_Pradesh,Bulandshahr,"Yamunapuram, Bulandshahr - UPPCB",2025-11-18 17:00:00,28.406963,77.849831,1,12.0,15.0,14.0
India,Uttar_Pradesh,Firozabad,"Vibhab Nagar, Firozabad - UPPCB",2025-11-18 17:00:00,27.1594,78.3953,1,12.0,15.0,14.0
India,Uttar_Pradesh,Ghaziabad,"Indirapuram, Ghaziabad - UPPCB",2025-11-18 17:00:00,28.646233,77.358075,4,243.0,500.0,436.0
India,Uttar_Pradesh,Ghaziabad,"Indirapuram, Ghaziabad - UPPCB",2025-11-18 17:00:00,28.646233,77.358075,2,56.0,138.0,94.0
India,Uttar_Pradesh,Ghaziabad,"Loni, Ghaziabad - UPPCB",2025-11-18 17:00:00,28.757294,77.278792,2,42.0,163.0,111.0
India,Uttar_Pradesh,Ghaziabad,"Sanjay Nagar, Ghaziabad - UPPCB",2025-11-18 17:00:00,28.685382,77.453839,5,306.0,500.0,424.0
India,Uttar_Pradesh,Baghpat,"Sardar Patel Inter College, Baghpat - UPPCB",2025-11-18 17:00:00,28.964949,77.278761,5,243.0,500.0,394.0
India,Uttar_Pradesh,Baghpat,"Sardar Patel Inter College, Baghpat - UPPCB",2025-11-18 17:00:00,28.964949,77.278761,0,58.0,102.0,70.0
India,Uttar_Pradesh,Bareilly,"Civil Lines, Bareilly - UPPCB",2025-11-18 17:00:00,28.359581,79.414455,6,11.0,29.0,21.0
India,Uttar_Pradesh,Greater Noida,"Knowledge Park - V, Greater Noida - UPPCB",2025-11-18 17:00:00,28.557054,77.453663,3,2.0,20.0,9.0
India,Uttar_Pradesh,Hapur,"Anand Vihar, Hapur - UPPCB",2025-11-18 17:00:00,28.725645,77.749675,2,32.0,403.0,199.0
India,Uttar_Pradesh,Hapur,"Anand Vihar, Hapur - UPPCB",2025-11-18 17:00:00,28.725645,77.749675,3,2.0,83.0,53.0
India,Uttar_Pradesh,Agra,"Rohta, Agra - UPPCB",2025-11-18 17:00:00,27.106972,78.000111,0,34.0,79.0,49.0
India,Uttar_Pradesh,Agra,"Sector-3B Avas Vikas Colony, Agra - UPPCB",2025-11-18 17:00:00,27.19412,77.96237,2,38.0,39.0,38.0
India,Uttar_Pradesh,Noida,"Sector - 125, Noida - UPPCB",2025-11-18 17:00:00,28.5447608,77.3231257,2,37.0,169.0,82.0
India,Uttar_Pradesh,Noida,"Sector - 125, Noida - UPPCB",2025-11-18 17:00:00,28.5447608,77.3231257,1,6.0,22.0,16.0
India,Uttar_Pradesh,Noida,"Sector - 125, Noida - UPPCB",2025-11-18 17:00:00,28.5447608,77.3231257,0,9.0,153.0,26.0
India,Uttar_Pradesh,Noida,"Sector - 62, Noida - IMD",2025-11-18 17:00:00,28.6245479,77.3577104,3,14.0,183.0,106.0
India,Uttar_Pradesh,Noida,"Sector-1, Noida - UPPCB",2025-11-18 17:00:00,28.5898,77.3101,3,5.0,148.0,91.0
India,Uttar_Pradesh,Noida,"Sector-116, Noida - UPPCB",2025-11-18 17:00:00,28.56923,77.393848,4,283.0,500.0,431.0
India,Uttarakhand,Kashipur,"Govt. Girls Inter College, Kashipur - UKPCB",2025-11-18 17:00:00,29.2124114,78.9611753,0,34.0,38.0,37.0
India,Uttarakhand,Rishikesh,"Shivaji Nagar, Rishikesh - UKPCB",2025-11-18 17:00:00,30.075911,78.2859547,5,35.0,70.0,53.0
India,West_Bengal,Asansol,"Asansol Court Area, Asansol - WBPCB",2025-11-18 17:00:00,23.685297,86.945968,5,48.0,218.0,107.0
India,West_Bengal,Asansol,"Asansol Court Area, Asansol - WBPCB",2025-11-18 17:00:00,23.685297,86.945968,2,15.0,28.0,22.0
India,West_Bengal,Asansol,"Asansol Court Area, Asansol - WBPCB",2025-11-18 17:00:00,23.685297,86.945968,6,14.0,26.0,19.0
India,Uttar_Pradesh,Noida,"Sector-116, Noida - UPPCB",2025-11-18 17:00:00,28.56923,77.393848,0,2.0,185.0,26.0
India,Uttar_Pradesh,Prayagraj,"Jhunsi, Prayagraj - UPPCB",2025-11-18 17:00:00,25.425602,81.917152,5,67.0,252.0,167.0
India,Uttar_Pradesh,Prayagraj,"Jhunsi, Prayagraj - UPPCB",2025-11-18 17:00:00,25.425602,81.917152,1,5.0,5.0,5.0
India,Uttar_Pradesh,Prayagraj,"Motilal Nehru NIT, Prayagraj - UPPCB",2025-11-18 17:00:00,25.494,81.863,5,65.0,248.0,184.0
India,Uttar_Pradesh,Prayagraj,"Motilal Nehru NIT, Prayagraj - UPPCB",2025-11-18 17:00:00,25.494,81.863,2,12.0,12.0,12.0
India,Uttar_Pradesh,Prayagraj,"Motilal Nehru NIT, Prayagraj - UPPCB",2025-11-18 17:00:00,25.494,81.863,0,24.0,99.0,39.0
India,Uttar_Pradesh,Varanasi,"Maldahiya, Varanasi - UPPCB",2025-11-18 17:00:00,25.32393,82.99687,6,27.0,29.0,28.0
India,Uttar_Pradesh,Vrindavan,"Omex Eternity, Vrindavan - UPPCB",2025-11-18 17:00:00,27.571409,77.655757,3,15.0,16.0,15.0
India,Uttarakhand,Kashipur,"Govt. Girls Inter College, Kashipur - UKPCB",2025-11-18 17:00:00,29.2124114,78.9611753,4,37.0,148.0,80.0
India,Uttarakhand,Kashipur,"Govt. Girls Inter College, Kashipur - UKPCB",2025-11-18 17:00:00,29.2124114,78.9611753,1,2.0,14.0,5.0
India,West_Bengal,Asansol,"Mahabir Colliery, Asansol - WBPCB",2025-11-18 17:00:00,23.618183,87.105718,6,5.0,7.0,6.0
India,West_Bengal,Asansol,"Mahabir Colliery, Asansol - WBPCB",2025-11-18 17:00:00,23.618183,87.105718,0,4.0,65.0,26.0
India,West_Bengal,Asansol,"Mahabir Colliery, Asansol - WBPCB",2025-11-18 17:00:00,23.618183,87.105718,3,21.0,46.0,41.0
India,West_Bengal,Barrackpore,"SVSPA Campus, Barrackpore - WBPCB",2025-11-18 17:00:00,22.7605581,88.3617589,4,32.0,102.0,75.0
India,Uttar_Pradesh,Varanasi,"Ardhali Bazar, Varanasi - UPPCB",2025-11-18 17:00:00,25.3505986,82.9083074,6,8.0,12.0,10.0
India,Uttar_Pradesh,Varanasi,"Bhelupur, Varanasi - UPPCB",2025-11-18 17:00:00,25.301778,82.996789,0,14.0,106.0,20.0
India,Uttar_Pradesh,Varanasi,"IESD Banaras Hindu University, Varanasi - UPPCB",2025-11-18 17:00:00,25.262326,82.995408,5,44.0,175.0,91.0
India,Uttar_Pradesh,Meerut,"Pallavpuram Phase 2, Meerut - UPPCB",2025-11-18 17:00:00,29.06351,77.709723,1,1.0,15.0,9.0
India,Uttar_Pradesh,Moradabad,"Buddhi Vihar, Moradabad - UPPCB",2025-11-18 17:00:00,28.83526,78.7446,4,50.0,198.0,101.0
India,Uttar_Pradesh,Moradabad,"Buddhi Vihar, Moradabad - UPPCB",2025-11-18 17:00:00,28.83526,78.7446,1,5.0,5.0,5.0
India,Uttar_Pradesh,Moradabad,"Eco Herbal Park, Moradabad - UPPCB",2025-11-18 17:00:00,28.840739,78.697531,3,2.0,94.0,67.0
India,Uttar_Pradesh,Moradabad,"Employment Office, Moradabad - UPPCB",2025-11-18 17:00:00,28.88528,78.7388,2,16.0,16.0,16.0
India,Uttar_Pradesh,Moradabad,"Employment Office, Moradabad - UPPCB",2025-11-18 17:00:00,28.88528,78.7388,3,14.0,18.0,16.0
India,Uttar_Pradesh,Moradabad,"Transport Nagar, Moradabad - UPPCB",2025-11-18 17:00:00,28.802625,78.753728,5,27.0,197.0,79.0
India,West_Bengal,Durgapur,"Mahishkapur Road_B-Zone, Durgapur - WBPCB",2025-11-18 17:00:00,23.567923,87.306843,0,27.0,66.0,40.0
India,West_Bengal,Durgapur,"Womens College_City Center, Durgapur - WBPCB (Formerly known as Sidhu Kanhu Indoor Stadium)",2025-11-18 17:00:00,23.549395,87.300496,2,22.0,28.0,24.0
India,West_Bengal,Durgapur,"Womens College_City Center, Durgapur - WBPCB (Formerly known as Sidhu Kanhu Indoor Stadium)",2025-11-18 17:00:00,23.549395,87.300496,1,1.0,2.0,2.0
India,West_Bengal,Howrah,"Botanical Garden, Howrah - WBPCB",2025-11-18 17:00:00,22.554954,88.292568,5,22.0,129.0,69.0
India,West_Bengal,Howrah,"Botanical Garden, Howrah - WBPCB",2025-11-18 17:00:00,22.554954,88.292568,4,32.0,114.0,74.0
India,West_Bengal,Howrah,"Dasnagar, Howrah - WBPCB",2025-11-18 17:00:00,22.6025571,88.3105664,6,2.0,31.0,9.0
India,West_Bengal,Howrah,"Ghusuri, Howrah - WBPCB",2025-11-18 17:00:00,22.611968,88.347422,2,21.0,37.0,26.0
India,West_Bengal,Kolkata,"Bidhannagar, Kolkata - WBPCB",2025-11-18 17:00:00,22.58157048,88.41002457,4,49.0,140.0,95.0
India,West_Bengal,Kolkata,"Bidhannagar, Kolkata - WBPCB",2025-11-18 17:00:00,22.58157048,88.41002457,2,7.0,29.0,19.0
India,West_Bengal,Kolkata,"Fort William, Kolkata - WBPCB",2025-11-18 17:00:00,22.55664,88.342674,1,9.0,11.0,10.0
India,West_Bengal,Kolkata,"Rabindra Bharati University, Kolkata - WBPCB",2025-11-18 17:00:00,22.627847,88.380669,4,66.0,155.0,111.0
India,West_Bengal,Kolkata,"Rabindra Bharati University, Kolkata - WBPCB",2025-11-18 17:00:00,22.627847,88.380669,2,28.0,109.0,66.0
India,West_Bengal,Kolkata,"Victoria, Kolkata - WBPCB",2025-11-18 17:00:00,22.5448082,88.3403691,4,73.0,153.0,115.0
India,West_Bengal,Kolkata,"Victoria, Kolkata - WBPCB",2025-11-18 17:00:00,22.5448082,88.3403691,6,2.0,18.0,8.0
India,West_Bengal,Siliguri,"Ward-32 Bapupara, Siliguri - WBPCB",2025-11-18 17:00:00,26.6879226,88.4152495,2,17.0,27.0,21.0
